0 0
1 0
2 0
3 0
4 0
5 0
6 0
7 0
8 0
9 0
10 0
11 0
12 0
13 0
14 0
15 0
16 71
17 421
18 29004
19 104331
20 811251
21 682380
22 1360399
23 417597
24 225927
25 63562
26 13074
27 68496
28 250651
29 316415
30 351712
31 247297
32 204913
33 149206
34 69459
35 64421
36 36571
37 31915
38 10088
39 10821
40 4647
41 7668
42 3544
43 6398
44 3307
45 16359
46 12626
47 49206
48 17475
49 51184
50 12575
51 46452
52 8943
53 40483
54 6720
55 42606
56 6125
57 50569
58 5325
59 75880
60 4035
61 80594
62 0
63 118424
64 0
65 142879
66 7364
67 165423
68 13426
69 181000
70 23083
71 170590
72 27809
73 163524
74 33785
75 151332
76 38342
77 137099
78 42699
79 135821
80 49250
81 140150
82 60498
83 133165
84 64371
85 124122
86 68442
87 120863
88 79979
89 115006
90 85505
91 111474
92 91927
93 106533
94 105808
95 107478
96 111168
97 99599
98 122441
99 97556
100 134152
101 95414
102 149297
103 88942
104 163728
105 86123
106 180128
107 82769
108 198027
109 73442
110 212214
111 69274
112 231577
113 66376
114 256852
115 54880
116 273770
117 48264
118 297014
119 41045
120 323753
121 26537
122 339398
123 17083
124 358818
125 0
126 408007
127 0
128 386698
129 18986
130 388588
131 30969
132 392212
133 50576
134 379360
135 62971
136 375172
137 78284
138 378077
139 101480
140 370801
141 114433
142 365555
143 129865
144 362006
145 156304
146 349192
147 171774
148 338531
149 190855
150 333536
151 219349
152 319264
153 238035
154 308325
155 253749
156 292107
157 287733
158 290435
159 297937
160 264551
161 325902
162 257049
163 347954
164 244101
165 375332
166 218951
167 393813
168 204597
169 418850
170 191144
171 449023
172 163513
173 467361
174 149265
175 491030
176 136769
177 520895
178 110262
179 533588
180 91645
181 557209
182 75251
183 591918
184 47338
185 603795
186 29440
187 623427
188 0
189 683179
190 0
191 624831
192 29771
193 608927
194 47879
195 595465
196 75661
197 565110
198 93304
199 540506
200 111805
201 529679
202 138628
203 501017
204 152499
205 479335
206 167800
207 462753
208 196891
209 436219
210 212110
211 411899
212 230072
213 395174
214 257755
215 368814
216 272317
217 348670
218 284284
219 322445
220 313201
221 314316
222 318268
223 282174
224 342126
225 266729
226 357566
227 248249
228 378184
229 220016
230 391425
231 202082
232 411923
233 185507
234 434206
235 157105
236 443748
237 141456
238 461498
239 128469
240 484831
241 102782
242 492008
243 85136
244 510106
245 68633
246 535602
247 43235
248 545664
249 26444
250 558604
251 0
252 607539
253 0
254 553939
255 26134
256 534762
257 42195
258 523847
259 65588
260 493078
261 82155
262 471996
263 97977
264 463109
265 121409
266 436397
267 133000
268 418294
269 146794
270 404915
271 172014
272 380915
273 185531
274 359762
275 200390
276 346183
277 225538
278 325005
279 240048
280 307400
281 251718
282 285449
283 279396
284 278796
285 284291
286 251339
287 305856
288 239164
289 322053
290 225082
291 342950
292 199116
293 355329
294 182983
295 375833
296 169196
297 396675
298 144340
299 410154
300 130692
301 426869
302 118576
303 449891
304 94978
305 460056
306 79268
307 478931
308 64652
309 506091
310 40479
311 517717
312 25166
313 532353
314 0
315 584621
316 0
317 534604
318 25216
319 520542
320 40462
321 512049
322 64837
323 483516
324 80006
325 464327
326 96653
327 455718
328 119981
329 433469
330 132093
331 415521
332 146447
333 402505
334 171868
335 381650
336 185098
337 360814
338 200806
339 346982
340 227248
341 325970
342 241214
343 308702
344 253147
345 287237
346 281390
347 281205
348 286285
349 253484
350 308202
351 240865
352 324381
353 225575
354 344866
355 199763
356 357011
357 183997
358 376902
359 169999
360 399030
361 144525
362 409828
363 130210
364 425722
365 118726
366 449275
367 95314
368 457221
369 78793
370 474313
371 62955
372 497630
373 39889
374 507687
375 24545
376 519880
377 0
378 568169
379 0
380 515796
381 24380
382 501576
383 39349
384 488946
385 61687
386 461313
387 76782
388 441371
389 91376
390 431211
391 112821
392 408021
393 123033
394 389365
395 136818
396 374823
397 158576
398 353485
399 171455
400 333241
401 184496
402 318771
403 208654
404 298583
405 219732
406 282241
407 229281
408 260981
409 253208
410 253118
411 257591
412 226248
413 275965
414 215047
415 287915
416 201484
417 305755
418 177109
419 315660
420 162367
421 332638
422 149799
423 350261
424 126837
425 359022
426 113652
427 372335
428 103330
429 390511
430 82272
431 397297
432 68009
433 409575
434 54859
435 431431
436 34778
437 438471
438 21180
439 448628
440 0
441 488919
442 0
443 444721
444 21171
445 431350
446 33710
447 419993
448 52963
449 395801
450 65394
451 379740
452 78837
453 370356
454 97407
455 350990
456 106298
457 334945
458 117133
459 322659
460 136490
461 304572
462 148859
463 286489
464 160239
465 276505
466 180326
467 258339
468 190646
469 244617
470 199960
471 226236
472 220720
473 221180
474 224806
475 198922
476 241167
477 189196
478 254827
479 177116
480 269938
481 156712
482 280328
483 144312
484 294807
485 132412
486 310719
487 113570
488 320567
489 102063
490 334743
491 92667
492 352625
493 74700
494 357846
495 61586
496 373375
497 49671
498 393325
499 31709
500 401226
501 19634
502 413085
503 0
504 451505
505 0
506 411421
507 19544
508 399550
509 31123
510 391488
511 49298
512 370437
513 61524
514 356584
515 74068
516 348207
517 91725
518 330901
519 100828
520 317045
521 111162
522 308010
523 130383
524 290467
525 140490
526 274246
527 153014
528 264444
529 172741
530 247612
531 183956
532 234058
533 192268
534 218711
535 212706
536 213357
537 217871
538 192259
539 234674
540 183100
541 246801
542 171964
543 261086
544 152887
545 272759
546 140088
547 287083
548 129369
549 303979
550 110044
551 313115
552 99030
553 325746
554 90758
555 342597
556 72865
557 349748
558 59922
559 362975
560 48744
561 383217
562 31102
563 390686
564 19127
565 400582
566 0
567 438885
568 0
569 400881
570 18829
571 389195
572 30527
573 381490
574 47888
575 359402
576 59847
577 346531
578 72132
579 338610
580 89296
581 320263
582 97354
583 307559
584 107138
585 297119
586 127057
587 281375
588 135875
589 265131
590 147887
591 255234
592 166727
593 239286
594 176527
595 227200
596 185861
597 210811
598 205768
599 206752
600 209689
601 185680
602 225578
603 176861
604 238153
605 166519
606 252178
607 146443
608 261930
609 135187
610 276988
611 124884
612 293090
613 106607
614 301063
615 95647
616 312653
617 87264
618 331459
619 70017
620 337379
621 58194
622 351199
623 47049
624 371057
625 29820
626 377984
627 18322
628 387995
629 0
630 425400
631 0
632 389724
633 18190
634 375939
635 29792
636 371223
637 46579
638 348836
639 58118
640 336409
641 69961
642 329342
643 86659
644 313064
645 95071
646 301266
647 105756
648 291604
649 123822
650 274658
651 134894
652 260031
653 145283
654 251442
655 164259
656 237271
657 174744
658 224227
659 183305
660 208596
661 203486
662 204471
663 208652
664 184158
665 224768
666 175155
667 237140
668 164381
669 251147
670 146693
671 262203
672 134871
673 276818
674 125009
675 291878
676 106420
677 302260
678 95973
679 314677
680 87039
681 332499
682 69937
683 337698
684 58392
685 351521
686 47232
687 371586
688 30075
689 379548
690 18243
691 390678
692 0
693 425879
694 0
695 389616
696 18642
697 379437
698 29700
699 371667
700 46731
701 351705
702 58056
703 338161
704 70002
705 332791
706 87594
707 315580
708 95832
709 302300
710 105962
711 291594
712 124736
713 277614
714 135161
715 261811
716 145441
717 251633
718 164379
719 236770
720 175893
721 224236
722 182735
723 208258
724 203073
725 203432
726 207681
727 183323
728 222580
729 174483
730 234287
731 163885
732 249878
733 144393
734 258901
735 132692
736 273449
737 123194
738 289584
739 105010
740 296840
741 94409
742 310864
743 86659
744 326046
745 69246
746 333914
747 57097
748 346448
749 45794
750 364984
751 29271
752 370997
753 18117
754 381491
755 0
756 417139
757 0
758 381813
759 17947
760 370011
761 28889
762 362419
763 46146
764 343328
765 56349
766 328830
767 68631
768 322932
769 85479
770 306045
771 93359
772 292896
773 103002
774 284482
775 120382
776 267574
777 129863
778 253064
779 141258
780 243162
781 159496
782 227962
783 169075
784 216018
785 177118
786 200951
787 195440
788 196311
789 200172
790 175972
791 214928
792 167304
793 225681
794 156929
795 240185
796 138740
797 249076
798 127610
799 262458
800 117848
801 277058
802 100824
803 285291
804 90550
805 296399
806 82602
807 313501
808 66226
809 318428
810 55184
811 329589
812 43963
813 348449
814 28104
815 354869
816 17115
817 364468
818 0
819 397952
820 0
821 362525
822 17315
823 352205
824 27846
825 345288
826 43489
827 324694
828 53686
829 312757
830 65011
831 304959
832 80256
833 289436
834 87799
835 277158
836 97081
837 266533
838 113640
839 253392
840 122783
841 238384
842 132996
843 229533
844 149942
845 214751
846 159537
847 202613
848 166871
849 188205
850 184443
851 184407
852 187934
853 165467
854 201964
855 157490
856 212827
857 147929
858 224336
859 131160
860 233035
861 120455
862 245440
863 110626
864 259433
865 94483
866 267703
867 85183
868 277277
869 76621
870 292370
871 62236
872 296141
873 50898
874 306893
875 41021
876 325333
877 26018
878 330952
879 16185
880 338745
881 0
882 370779
883 0
884 337845
885 15923
886 328124
887 25706
888 320503
889 40837
890 302556
891 50387
892 289624
893 60353
894 283604
895 74526
896 268410
897 81605
898 257530
899 90528
900 248484
901 104879
902 234212
903 114108
904 220854
905 123193
906 213129
907 139284
908 200025
909 147225
910 189049
911 154549
912 175383
913 171004
914 171037
915 174088
916 153765
917 186626
918 146691
919 197359
920 136762
921 208911
922 121456
923 216867
924 111084
925 228255
926 102569
927 241424
928 87746
929 248343
930 78799
931 258743
932 71654
933 271161
934 57876
935 276367
936 47563
937 287011
938 38227
939 302642
940 24576
941 308564
942 14922
943 316804
944 0
945 344202
946 0
947 315337
948 14886
949 305329
950 24098
951 298964
952 37416
953 282655
954 46844
955 271029
956 56182
957 264533
958 69677
959 250951
960 75850
961 239704
962 85368
963 231984
964 98701
965 219537
966 106690
967 206906
968 115217
969 198596
970 129451
971 186100
972 137939
973 176064
974 143809
975 163515
976 159738
977 159189
978 162603
979 142910
980 173982
981 135683
982 183489
983 127792
984 194497
985 112655
986 201476
987 103760
988 212762
989 95106
990 223632
991 81351
992 229219
993 73056
994 239130
995 66202
996 250884
997 53540
998 255642
999 43786
1000 263594
1001 35116
1002 278345
1003 22321
1004 283712
1005 13868
1006 290583
1007 0
1008 317319
1009 0
1010 289422
1011 13426
1012 281308
1013 22212
1014 274066
1015 34506
1016 256930
1017 42549
1018 247062
1019 51669
1020 241316
1021 63239
1022 228034
1023 69615
1024 218352
1025 77078
1026 210911
1027 89570
1028 197906
1029 96749
1030 187717
1031 105177
1032 179071
1033 117820
1034 168590
1035 124624
1036 158936
1037 130060
1038 147216
1039 143260
1040 143078
1041 146111
1042 128736
1043 155875
1044 121835
1045 164190
1046 113901
1047 173779
1048 101322
1049 180295
1050 92332
1051 190305
1052 84617
1053 199448
1054 72533
1055 205411
1056 64812
1057 212792
1058 59468
1059 223080
1060 47402
1061 226710
1062 39122
1063 233857
1064 31307
1065 246162
1066 19984
1067 250405
1068 12027
1069 257179
1070 0
1071 279442
1072 0
1073 254286
1074 12000
1075 246357
1076 19192
1077 239847
1078 30103
1079 226033
1080 37700
1081 215883
1082 44905
1083 210648
1084 55410
1085 199660
1086 60466
1087 190934
1088 66759
1089 183625
1090 78243
1091 172626
1092 84335
1093 162404
1094 90884
1095 155883
1096 101578
1097 146175
1098 107929
1099 136892
1100 112528
1101 127251
1102 123881
1103 124249
1104 126228
1105 110711
1106 135065
1107 104987
1108 142068
1109 98177
1110 150187
1111 87281
1112 154892
1113 79332
1114 162714
1115 72983
1116 171464
1117 61956
1118 176347
1119 55957
1120 182711
1121 50628
1122 191767
1123 40756
1124 193961
1125 33356
1126 200605
1127 26651
1128 210891
1129 16803
1130 214082
1131 10540
1132 219300
1133 0
1134 239416
1135 0
1136 217633
1137 10289
1138 210467
1139 16745
1140 205070
1141 25984
1142 193366
1143 31805
1144 184439
1145 38243
1146 180705
1147 46818
1148 169680
1149 51918
1150 161481
1151 57202
1152 156182
1153 66068
1154 147022
1155 71510
1156 138802
1157 77154
1158 132680
1159 86261
1160 124833
1161 91300
1162 117666
1163 95910
1164 108457
1165 105144
1166 105490
1167 108001
1168 94405
1169 115288
1170 89517
1171 120679
1172 83693
1173 127777
1174 73950
1175 132251
1176 67748
1177 138943
1178 61949
1179 146231
1180 52992
1181 150251
1182 46915
1183 154631
1184 43108
1185 162537
1186 34992
1187 164794
1188 28305
1189 170807
1190 22872
1191 179100
1192 14649
1193 181373
1194 8724
1195 186212
1196 0
1197 201866
1198 0
1199 183470
1200 8596
1201 178113
1202 14171
1203 173166
1204 21547
1205 162979
1206 27101
1207 157082
1208 32356
1209 151924
1210 39657
1211 143134
1212 43699
1213 137248
1214 47967
1215 130908
1216 56174
1217 123896
1218 59920
1219 116902
1220 64671
1221 111156
1222 72596
1223 103568
1224 76745
1225 98623
1226 80255
1227 90645
1228 88434
1229 88116
1230 90060
1231 78892
1232 96448
1233 74932
1234 100358
1235 69498
1236 106519
1237 61836
1238 109521
1239 56455
1240 115378
1241 51784
1242 120537
1243 43713
1244 124236
1245 39429
1246 128925
1247 35684
1248 134396
1249 28653
1250 136168
1251 23314
1252 141134
1253 18640
1254 147856
1255 11874
1256 151191
1257 7437
1258 153895
1259 0
1260 166633
1261 0
1262 152443
1263 7133
1264 147021
1265 11622
1266 142799
1267 17946
1268 134318
1269 22696
1270 128101
1271 26704
1272 123800
1273 32833
1274 117527
1275 36051
1276 111874
1277 39519
1278 108536
1279 45763
1280 101830
1281 49164
1282 95858
1283 52882
1284 91521
1285 59781
1286 85203
1287 63056
1288 80472
1289 65775
1290 74847
1291 72145
1292 71912
1293 73424
1294 65051
1295 78848
1296 61334
1297 82336
1298 57215
1299 87848
1300 50409
1301 89781
1302 45997
1303 95067
1304 42696
1305 99600
1306 36013
1307 102417
1308 32504
1309 105715
1310 29392
1311 110999
1312 23547
1313 113234
1314 19531
1315 116567
1316 15495
1317 121926
1318 9815
1319 124117
1320 6058
1321 127223
1322 0
1323 138255
1324 0
1325 125234
1326 5852
1327 121006
1328 9526
1329 117543
1330 14750
1331 111045
1332 18511
1333 106114
1334 22205
1335 102949
1336 27119
1337 97314
1338 29795
1339 92889
1340 32339
1341 89206
1342 37984
1343 84209
1344 40830
1345 79262
1346 44198
1347 75978
1348 49507
1349 70690
1350 52315
1351 67108
1352 54526
1353 62229
1354 60407
1355 60205
1356 61617
1357 53944
1358 65779
1359 51204
1360 68318
1361 47428
1362 72732
1363 42001
1364 74802
1365 38825
1366 78680
1367 35384
1368 82671
1369 29958
1370 84951
1371 26955
1372 87482
1373 24035
1374 92212
1375 19695
1376 93282
1377 16042
1378 96582
1379 12766
1380 101218
1381 8151
1382 103366
1383 4928
1384 105182
1385 0
1386 114505
1387 0
1388 103961
1389 4941
1390 99623
1391 7850
1392 97983
1393 12261
1394 91954
1395 15295
1396 87767
1397 18102
1398 86064
1399 22701
1400 80416
1401 24576
1402 77466
1403 27222
1404 74016
1405 31499
1406 69513
1407 33782
1408 65841
1409 36606
1410 63018
1411 40875
1412 58914
1413 43318
1414 54984
1415 45251
1416 51680
1417 49773
1418 49395
1419 50683
1420 44163
1421 54221
1422 42171
1423 56669
1424 39207
1425 59640
1426 34903
1427 61523
1428 31513
1429 64608
1430 29109
1431 67237
1432 24824
1433 69898
1434 22026
1435 72442
1436 20008
1437 75630
1438 15992
1439 76930
1440 13372
1441 79462
1442 10532
1443 83325
1444 6758
1445 83987
1446 4047
1447 86213
1448 0
1449 93959
1450 0
1451 84977
1452 4067
1453 82411
1454 6604
1455 80014
1456 10244
1457 74922
1458 12494
1459 72267
1460 14933
1461 69840
1462 18448
1463 66248
1464 20293
1465 62874
1466 22142
1467 60564
1468 25684
1469 57266
1470 27902
1471 53414
1472 29876
1473 51368
1474 33492
1475 47922
1476 35760
1477 45278
1478 37142
1479 41557
1480 40771
1481 40697
1482 41413
1483 36359
1484 44334
1485 34442
1486 46168
1487 32123
1488 49365
1489 28618
1490 50305
1491 25848
1492 53080
1493 23736
1494 55158
1495 20331
1496 57435
1497 18130
1498 59460
1499 16619
1500 62063
1501 13090
1502 62924
1503 10859
1504 64986
1505 8688
1506 68011
1507 5434
1508 69618
1509 3360
1510 71165
1511 0
1512 77250
1513 0
1514 70481
1515 3214
1516 67625
1517 5414
1518 66177
1519 8244
1520 61988
1521 10250
1522 59716
1523 12493
1524 57611
1525 15277
1526 54677
1527 16512
1528 52248
1529 18272
1530 50227
1531 21157
1532 47067
1533 22735
1534 44300
1535 24679
1536 42763
1537 27910
1538 39729
1539 29432
1540 37782
1541 30660
1542 34809
1543 33857
1544 33677
1545 34550
1546 30484
1547 36985
1548 28431
1549 38896
1550 26880
1551 40496
1552 23616
1553 42127
1554 21521
1555 44652
1556 19679
1557 46310
1558 16894
1559 48155
1560 15000
1561 49629
1562 13623
1563 52184
1564 10984
1565 52397
1566 9066
1567 54331
1568 7192
1569 56518
1570 4612
1571 58474
1572 2791
1573 59562
1574 0
1575 63770
1576 0
1577 58745
1578 2689
1579 56811
1580 4557
1581 55007
1582 7001
1583 51549
1584 8704
1585 49243
1586 10454
1587 48250
1588 12754
1589 45789
1590 13837
1591 43965
1592 14929
1593 41611
1594 17618
1595 39456
1596 19205
1597 36938
1598 20534
1599 35163
1600 22947
1601 33132
1602 24527
1603 31506
1604 25470
1605 28693
1606 28010
1607 28101
1608 28364
1609 25184
1610 30343
1611 23564
1612 32015
1613 22241
1614 33419
1615 19866
1616 34831
1617 18043
1618 36634
1619 16257
1620 38206
1621 14136
1622 39628
1623 12526
1624 41350
1625 11336
1626 42692
1627 9260
1628 43528
1629 7550
1630 45449
1631 5997
1632 47033
1633 3868
1634 47751
1635 2367
1636 49466
1637 0
1638 52875
1639 0
1640 48702
1641 2272
1642 46940
1643 3791
1644 45749
1645 5759
1646 43024
1647 7192
1648 40912
1649 8689
1650 39839
1651 10568
1652 37730
1653 11609
1654 36747
1655 12935
1656 34799
1657 14757
1658 32674
1659 15903
1660 31079
1661 17095
1662 29459
1663 19418
1664 27632
1665 20160
1666 26095
1667 21505
1668 24012
1669 23532
1670 23399
1671 23847
1672 20773
1673 25505
1674 19992
1675 26656
1676 18638
1677 28223
1678 16430
1679 29052
1680 15101
1681 30834
1682 13899
1683 32172
1684 11826
1685 33513
1686 10496
1687 33990
1688 9468
1689 35851
1690 7776
1691 36465
1692 6466
1693 37971
1694 5033
1695 39558
1696 3259
1697 40237
1698 1905
1699 41172
1700 0
1701 44391
1702 0
1703 40700
1704 1882
1705 38945
1706 3203
1707 38029
1708 4919
1709 36067
1710 5994
1711 34776
1712 7092
1713 33734
1714 8858
1715 31734
1716 9680
1717 30439
1718 10716
1719 29013
1720 12231
1721 27583
1722 13108
1723 25855
1724 14427
1725 24935
1726 16164
1727 23136
1728 17025
1729 21757
1730 17965
1731 20399
1732 19668
1733 19771
1734 20394
1735 17702
1736 21424
1737 16764
1738 22543
1739 15618
1740 23616
1741 13774
1742 24807
1743 12602
1744 25503
1745 11560
1746 26910
1747 9850
1748 27528
1749 8810
1750 28712
1751 8002
1752 30005
1753 6282
1754 30559
1755 5388
1756 31249
1757 4219
1758 32995
1759 2658
1760 33538
1761 1575
1762 34677
1763 0
1764 37255
1765 0
1766 34349
1767 1569
1768 32941
1769 2699
1770 31896
1771 3979
1772 30088
1773 5063
1774 28849
1775 6056
1776 28007
1777 7355
1778 26295
1779 8055
1780 25468
1781 8952
1782 24232
1783 10288
1784 23046
1785 11108
1786 21534
1787 12209
1788 20608
1789 13399
1790 19347
1791 14225
1792 18215
1793 14912
1794 16930
1795 16585
1796 16141
1797 16830
1798 14977
1799 17777
1800 14009
1801 18820
1802 12965
1803 19854
1804 11660
1805 20494
1806 10464
1807 21670
1808 9536
1809 22478
1810 8104
1811 23526
1812 7455
1813 24184
1814 6628
1815 25386
1816 5368
1817 25833
1818 4453
1819 26654
1820 3571
1821 27975
1822 2255
1823 28272
1824 1388
1825 29282
1826 0
1827 31619
1828 0
1829 28791
1830 1395
1831 27711
1832 2147
1833 27244
1834 3379
1835 25318
1836 4123
1837 24356
1838 5147
1839 23850
1840 6290
1841 22327
1842 6782
1843 21446
1844 7454
1845 20477
1846 8765
1847 19411
1848 9375
1849 18217
1850 10236
1851 17409
1852 11467
1853 16437
1854 12462
1855 15437
1856 12827
1857 14351
1858 13988
1859 13702
1860 13939
1861 12483
1862 15273
1863 11817
1864 15703
1865 11074
1866 16963
1867 9756
1868 17504
1869 8901
1870 18355
1871 8258
1872 19525
1873 6945
1874 19801
1875 6282
1876 20610
1877 5620
1878 21403
1879 4481
1880 21622
1881 3683
1882 22522
1883 3015
1884 23666
1885 1935
1886 24228
1887 1147
1888 24717
1889 0
1890 26429
1891 0
1892 24349
1893 1164
1894 23436
1895 1879
1896 23050
1897 2929
1898 21835
1899 3669
1900 20690
1901 4377
1902 20077
1903 5453
1904 19218
1905 5719
1906 18075
1907 6346
1908 17633
1909 7544
1910 16568
1911 7969
1912 15505
1913 8614
1914 14834
1915 9695
1916 13925
1917 10256
1918 13011
1919 10858
1920 12158
1921 11864
1922 11828
1923 12213
1924 10519
1925 12940
1926 10084
1927 13680
1928 9374
1929 14448
1930 8438
1931 14824
1932 7540
1933 15520
1934 6761
1935 16364
1936 5818
1937 16781
1938 5347
1939 17618
1940 4857
1941 18083
1942 3912
1943 18304
1944 3248
1945 19204
1946 2594
1947 20165
1948 1586
1949 20412
1950 1002
1951 20756
1952 0
1953 22778
1954 0
1955 20816
1956 1012
1957 20165
1958 1675
1959 19549
1960 2485
1961 18230
1962 3135
1963 17403
1964 3787
1965 17078
1966 4554
1967 16341
1968 4928
1969 15568
1970 5550
1971 14817
1972 6267
1973 13922
1974 6856
1975 13122
1976 7368
1977 12628
1978 8408
1979 11946
1980 8837
1981 11260
1982 9250
1983 10374
1984 9983
1985 10202
1986 10236
1987 9076
1988 10873
1989 8547
1990 11481
1991 7936
1992 12225
1993 7126
1994 12594
1995 6470
1996 13522
1997 5857
1998 13991
1999 5081
2000 14221
2001 4652
2002 14720
2003 4096
2004 15432
2005 3237
2006 15877
2007 2737
2008 16337
2009 2200
2010 17135
2011 1456
2012 17394
2013 858
2014 17889
2015 0
2016 19400
2017 0
2018 17832
2019 887
2020 17065
2021 1377
2022 16613
2023 2117
2024 15645
2025 2638
2026 15035
2027 3139
2028 14593
2029 3790
2030 13786
2031 4129
2032 13325
2033 4596
2034 12700
2035 5434
2036 11906
2037 5792
2038 11258
2039 6396
2040 10890
2041 7026
2042 10084
2043 7475
2044 9555
2045 8031
2046 8800
2047 8444
2048 8620
2049 8771
2050 7892
2051 9254
2052 7331
2053 9952
2054 6706
2055 10576
2056 6175
2057 10657
2058 5562
2059 11447
2060 4990
2061 11965
2062 4350
2063 12002
2064 3819
2065 12761
2066 3477
2067 13428
2068 2784
2069 13525
2070 2430
2071 13689
2072 1836
2073 14629
2074 1164
2075 14847
2076 728
2077 15523
2078 0
2079 16589
2080 0
2081 15065
2082 740
2083 14643
2084 1181
2085 14146
2086 1786
2087 13510
2088 2192
2089 12887
2090 2686
2091 12491
2092 3264
2093 11948
2094 3526
2095 11441
2096 4090
2097 11001
2098 4634
2099 10273
2100 4991
2101 9711
2102 5522
2103 9311
2104 6097
2105 8687
2106 6471
2107 8343
2108 6680
2109 7649
2110 7297
2111 7506
2112 7643
2113 6711
2114 7966
2115 6376
2116 8530
2117 5926
2118 8983
2119 5177
2120 9087
2121 4677
2122 9512
2123 4250
2124 10315
2125 3783
2126 10684
2127 3336
2128 10876
2129 3079
2130 11363
2131 2404
2132 11772
2133 2001
2134 12080
2135 1600
2136 12697
2137 1004
2138 12953
2139 684
2140 13229
2141 0
2142 14397
2143 0
2144 12991
2145 630
2146 12688
2147 1030
2148 12186
2149 1493
2150 11545
2151 1929
2152 11089
2153 2404
2154 10863
2155 2768
2156 10351
2157 3142
2158 9924
2159 3522
2160 9428
2161 4011
2162 8888
2163 4308
2164 8289
2165 4746
2166 7907
2167 5093
2168 7450
2169 5428
2170 7008
2171 5749
2172 6382
2173 6381
2174 6335
2175 6534
2176 5683
2177 6967
2178 5380
2179 7227
2180 4977
2181 7726
2182 4421
2183 7984
2184 4027
2185 8505
2186 3649
2187 8879
2188 3198
2189 9050
2190 2939
2191 9301
2192 2624
2193 9815
2194 2145
2195 9982
2196 1743
2197 10326
2198 1386
2199 10960
2200 861
2201 11130
2202 512
2203 11363
2204 0
2205 12157
2206 0
2207 11034
2208 558
2209 10795
2210 843
2211 10555
2212 1351
2213 10041
2214 1656
2215 9532
2216 1989
2217 9332
2218 2556
2219 8835
2220 2676
2221 8338
2222 2880
2223 8058
2224 3354
2225 7731
2226 3774
2227 7198
2228 4085
2229 6864
2230 4509
2231 6480
2232 4818
2233 6181
2234 4997
2235 5746
2236 5522
2237 5392
2238 5581
2239 4770
2240 5979
2241 4669
2242 6233
2243 4412
2244 6542
2245 3751
2246 6655
2247 3590
2248 7144
2249 3131
2250 7521
2251 2723
2252 7769
2253 2433
2254 8211
2255 2191
2256 8306
2257 1825
2258 8614
2259 1470
2260 8718
2261 1238
2262 9358
2263 768
2264 9631
2265 444
2266 9716
2267 0
2268 10572
2269 0
2270 9739
2271 461
2272 9394
2273 744
2274 9165
2275 1170
2276 8657
2277 1341
2278 8228
2279 1731
2280 8000
2281 2068
2282 7639
2283 2315
2284 7288
2285 2537
2286 6928
2287 2966
2288 6470
2289 3036
2290 6091
2291 3474
2292 5844
2293 3969
2294 5572
2295 4141
2296 5278
2297 4364
2298 4937
2299 4682
2300 4638
2301 4768
2302 4328
2303 4902
2304 3942
2305 5444
2306 3869
2307 5550
2308 3230
2309 6029
2310 2949
2311 6200
2312 2816
2313 6497
2314 2310
2315 6721
2316 2156
2317 6792
2318 1988
2319 7456
2320 1643
2321 7473
2322 1290
2323 7708
2324 1008
2325 7998
2326 646
2327 8158
2328 390
2329 8383
2330 0
2331 9112
2332 0
2333 8247
2334 380
2335 8115
2336 634
2337 7643
2338 1007
2339 7329
2340 1298
2341 7089
2342 1527
2343 6912
2344 1823
2345 6605
2346 2013
2347 6396
2348 2179
2349 5822
2350 2592
2351 5775
2352 2719
2353 5334
2354 2986
2355 5245
2356 3336
2357 4753
2358 3481
2359 4594
2360 3695
2361 4105
2362 4069
2363 4104
2364 4149
2365 3604
2366 4379
2367 3487
2368 4630
2369 3250
2370 4891
2371 2777
2372 5136
2373 2690
2374 5433
2375 2392
2376 5726
2377 2050
2378 5866
2379 1788
2380 6019
2381 1651
2382 6204
2383 1421
2384 6296
2385 1133
2386 6686
2387 845
2388 6806
2389 563
2390 7135
2391 348
2392 7277
2393 0
2394 7999
2395 0
2396 7003
2397 336
2398 6823
2399 564
2400 6751
2401 829
2402 6375
2403 1113
2404 6043
2405 1325
2406 5788
2407 1548
2408 5587
2409 1755
2410 5327
2411 1990
2412 5179
2413 2192
2414 4912
2415 2379
2416 4488
2417 2597
2418 4457
2419 2812
2420 4191
2421 2969
2422 3982
2423 3148
2424 3666
2425 3645
2426 3554
2427 3566
2428 3005
2429 3876
2430 2902
2431 3875
2432 2750
2433 4330
2434 2466
2435 4382
2436 2183
2437 4683
2438 2155
2439 4777
2440 1785
2441 4930
2442 1646
2443 5258
2444 1444
2445 5287
2446 1132
2447 5565
2448 1006
2449 5606
2450 794
2451 6008
2452 471
2453 6139
2454 269
2455 6332
2456 0
2457 6785
2458 0
2459 6048
2460 267
2461 5989
2462 499
2463 5870
2464 783
2465 5553
2466 910
2467 5336
2468 1115
2469 5073
2470 1357
2471 4750
2472 1524
2473 4725
2474 1537
2475 4433
2476 1907
2477 4289
2478 2045
2479 3911
2480 2240
2481 3797
2482 2464
2483 3635
2484 2650
2485 3369
2486 2669
2487 3014
2488 2957
2489 3048
2490 3072
2491 2696
2492 3277
2493 2712
2494 3457
2495 2481
2496 3692
2497 2116
2498 3712
2499 1917
2500 4111
2501 1738
2502 4346
2503 1536
2504 4472
2505 1319
2506 4482
2507 1203
2508 4632
2509 1038
2510 4728
2511 806
2512 4961
2513 680
2514 5052
2515 410
2516 5318
2517 247
2518 5403
2519 0
2520 5948
2521 0
2522 5279
2523 238
2524 5183
2525 431
2526 5028
2527 670
2528 4795
2529 779
2530 4483
2531 943
2532 4403
2533 1155
2534 4253
2535 1325
2536 4081
2537 1466
2538 3986
2539 1665
2540 3603
2541 1745
2542 3478
2543 2001
2544 3365
2545 2156
2546 3092
2547 2213
2548 2991
2549 2415
2550 2724
2551 2605
2552 2611
2553 2715
2554 2348
2555 2941
2556 2293
2557 2971
2558 2085
2559 3191
2560 1834
2561 3277
2562 1777
2563 3543
2564 1593
2565 3645
2566 1347
2567 3855
2568 1138
2569 3883
2570 1074
2571 4075
2572 899
2573 4174
2574 720
2575 4190
2576 610
2577 4456
2578 339
2579 4566
2580 236
2581 4789
2582 0
2583 5022
2584 0
2585 4754
2586 234
2587 4512
2588 362
2589 4478
2590 579
2591 4279
2592 696
2593 3866
2594 863
2595 3779
2596 1020
2597 3627
2598 1115
2599 3512
2600 1228
2601 3337
2602 1493
2603 3234
2604 1564
2605 2964
2606 1678
2607 2949
2608 1768
2609 2651
2610 1990
2611 2516
2612 2165
2613 2260
2614 2294
2615 2316
2616 2270
2617 2051
2618 2514
2619 1833
2620 2636
2621 1801
2622 2735
2623 1670
2624 2873
2625 1440
2626 2987
2627 1368
2628 3214
2629 1170
2630 3235
2631 1015
2632 3348
2633 915
2634 3506
2635 756
2636 3621
2637 640
2638 3648
2639 543
2640 3933
2641 313
2642 4069
2643 218
2644 4097
2645 0
2646 4467
2647 0
2648 4038
2649 195
2650 3936
2651 308
2652 3727
2653 452
2654 3577
2655 564
2656 3509
2657 760
2658 3213
2659 896
2660 3236
2661 962
2662 3033
2663 1091
2664 2911
2665 1255
2666 2745
2667 1351
2668 2579
2669 1462
2670 2642
2671 1596
2672 2387
2673 1702
2674 2146
2675 1808
2676 2070
2677 2031
2678 1951
2679 2043
2680 1819
2681 2190
2682 1703
2683 2261
2684 1566
2685 2365
2686 1426
2687 2450
2688 1306
2689 2646
2690 1181
2691 2821
2692 1083
2693 2875
2694 924
2695 2967
2696 826
2697 3030
2698 675
2699 3161
2700 549
2701 3253
2702 454
2703 3360
2704 300
2705 3579
2706 169
2707 3523
2708 0
2709 3730
2710 0
2711 3495
2712 155
2713 3477
2714 279
2715 3308
2716 424
2717 3087
2718 498
2719 3060
2720 625
2721 2824
2722 740
2723 2817
2724 871
2725 2687
2726 947
2727 2509
2728 1050
2729 2418
2730 1121
2731 2265
2732 1313
2733 2117
2734 1397
2735 2062
2736 1486
2737 1961
2738 1634
2739 1867
2740 1749
2741 1771
2742 1811
2743 1533
2744 1793
2745 1469
2746 2094
2747 1339
2748 2074
2749 1164
2750 2275
2751 1137
2752 2319
2753 1052
2754 2396
2755 881
2756 2447
2757 749
2758 2604
2759 642
2760 2663
2761 594
2762 2740
2763 463
2764 2760
2765 387
2766 2959
2767 263
2768 3094
2769 160
2770 3179
2771 0
2772 3368
2773 0
2774 3161
2775 152
2776 2978
2777 279
2778 2820
2779 357
2780 2723
2781 470
2782 2655
2783 535
2784 2629
2785 686
2786 2382
2787 714
2788 2278
2789 799
2790 2233
2791 964
2792 2121
2793 1029
2794 1949
2795 1117
2796 1865
2797 1271
2798 1807
2799 1363
2800 1606
2801 1396
2802 1553
2803 1497
2804 1483
2805 1615
2806 1373
2807 1650
2808 1333
2809 1743
2810 1122
2811 1880
2812 1050
2813 1802
2814 959
2815 1960
2816 921
2817 2111
2818 739
2819 2238
2820 706
2821 2211
2822 605
2823 2399
2824 527
2825 2341
2826 418
2827 2451
2828 319
2829 2559
2830 211
2831 2652
2832 140
2833 2721
2834 0
2835 2937
2836 0
2837 2735
2838 132
2839 2650
2840 212
2841 2568
2842 350
2843 2523
2844 405
2845 2337
2846 474
2847 2254
2848 622
2849 2103
2850 662
2851 2114
2852 684
2853 1934
2854 841
2855 1836
2856 897
2857 1758
2858 993
2859 1630
2860 1074
2861 1527
2862 1209
2863 1488
2864 1282
2865 1415
2866 1289
2867 1328
2868 1360
2869 1193
2870 1450
2871 1100
2872 1479
2873 1022
2874 1695
2875 957
2876 1661
2877 854
2878 1750
2879 758
2880 1820
2881 670
2882 1889
2883 617
2884 2054
2885 537
2886 2030
2887 459
2888 2125
2889 382
2890 2189
2891 300
2892 2303
2893 194
2894 2339
2895 113
2896 2532
2897 0
2898 2667
2899 0
2900 2405
2901 104
2902 2242
2903 199
2904 2241
2905 318
2906 2080
2907 380
2908 1939
2909 456
2910 2013
2911 574
2912 1867
2913 581
2914 1777
2915 652
2916 1735
2917 732
2918 1604
2919 793
2920 1539
2921 864
2922 1480
2923 970
2924 1447
2925 979
2926 1357
2927 1081
2928 1211
2929 1205
2930 1226
2931 1292
2932 1011
2933 1368
2934 963
2935 1375
2936 948
2937 1428
2938 856
2939 1455
2940 742
2941 1575
2942 644
2943 1633
2944 607
2945 1629
2946 525
2947 1717
2948 486
2949 1894
2950 380
2951 1796
2952 344
2953 1978
2954 224
2955 1998
2956 162
2957 2025
2958 99
2959 2144
2960 0
2961 2298
2962 0
2963 2075
2964 105
2965 2024
2966 170
2967 1940
2968 299
2969 1891
2970 336
2971 1824
2972 381
2973 1738
2974 438
2975 1686
2976 554
2977 1555
2978 569
2979 1506
2980 666
2981 1427
2982 747
2983 1329
2984 765
2985 1283
2986 817
2987 1253
2988 908
2989 1112
2990 949
2991 1092
2992 1030
2993 1046
2994 1149
2995 885
2996 1106
2997 830
2998 1199
2999 867
3000 1316
3001 749
3002 1280
3003 707
3004 1293
3005 644
3006 1478
3007 530
3008 1528
3009 466
3010 1542
3011 439
3012 1599
3013 381
3014 1657
3015 276
3016 1629
3017 218
3018 1772
3019 157
3020 1861
3021 93
3022 1822
3023 0
3024 2037
3025 0
3026 1802
3027 71
3028 1800
3029 153
3030 1714
3031 217
3032 1691
3033 279
3034 1532
3035 327
3036 1528
3037 412
3038 1495
3039 476
3040 1388
3041 518
3042 1302
3043 630
3044 1257
3045 650
3046 1169
3047 672
3048 1125
3049 788
3050 1093
3051 850
3052 988
3053 897
3054 936
3055 913
3056 852
3057 946
3058 847
3059 1101
3060 775
3061 1093
3062 727
3063 1100
3064 665
3065 1166
3066 582
3067 1112
3068 503
3069 1301
3070 488
3071 1255
3072 396
3073 1443
3074 378
3075 1431
3076 305
3077 1446
3078 273
3079 1516
3080 194
3081 1565
3082 140
3083 1585
3084 73
3085 1687
3086 0
3087 1807
3088 0
3089 1651
3090 84
3091 1653
3092 133
3093 1599
3094 209
3095 1521
3096 247
3097 1402
3098 325
3099 1424
3100 371
3101 1305
3102 403
3103 1222
3104 452
3105 1192
3106 514
3107 1147
3108 582
3109 1045
3110 593
3111 1040
3112 695
3113 969
3114 727
3115 884
3116 731
3117 873
3118 812
3119 860
3120 863
3121 708
3122 923
3123 708
3124 945
3125 682
3126 982
3127 588
3128 1039
3129 535
3130 1158
3131 442
3132 1186
3133 404
3134 1205
3135 343
3136 1200
3137 347
3138 1262
3139 281
3140 1315
3141 259
3142 1444
3143 183
3144 1393
3145 124
3146 1492
3147 80
3148 1474
3149 0
3150 1654
3151 0
3152 1474
3153 67
3154 1405
3155 127
3156 1462
3157 177
3158 1335
3159 261
3160 1196
3161 259
3162 1261
3163 355
3164 1175
3165 366
3166 1212
3167 416
3168 1061
3169 444
3170 1036
3171 516
3172 949
3173 570
3174 895
3175 622
3176 854
3177 640
3178 788
3179 680
3180 727
3181 756
3182 747
3183 815
3184 625
3185 839
3186 611
3187 796
3188 554
3189 890
3190 507
3191 882
3192 476
3193 1020
3194 443
3195 974
3196 355
3197 1095
3198 322
3199 1080
3200 305
3201 1110
3202 254
3203 1194
3204 214
3205 1234
3206 151
3207 1350
3208 114
3209 1306
3210 54
3211 1393
3212 0
3213 1412
3214 0
3215 1341
3216 82
3217 1308
3218 111
3219 1301
3220 175
3221 1176
3222 218
3223 1167
3224 250
3225 1057
3226 275
3227 1035
3228 373
3229 983
3230 364
3231 911
3232 363
3233 926
3234 473
3235 864
3236 480
3237 806
3238 549
3239 783
3240 602
3241 734
3242 606
3243 653
3244 694
3245 630
3246 685
3247 583
3248 725
3249 566
3250 741
3251 513
3252 794
3253 503
3254 908
3255 432
3256 888
3257 396
3258 937
3259 331
3260 952
3261 283
3262 1049
3263 276
3264 966
3265 215
3266 1096
3267 164
3268 1055
3269 163
3270 1202
3271 107
3272 1139
3273 67
3274 1165
3275 0
3276 1328
3277 0
3278 1210
3279 60
3280 1112
3281 88
3282 1136
3283 140
3284 1023
3285 167
3286 965
3287 224
3288 916
3289 297
3290 903
3291 306
3292 922
3293 327
3294 890
3295 335
3296 816
3297 416
3298 786
3299 452
3300 776
3301 481
3302 669
3303 475
3304 662
3305 567
3306 555
3307 615
3308 583
3309 673
3310 520
3311 678
3312 455
3313 754
3314 455
3315 770
3316 445
3317 715
3318 389
3319 750
3320 353
3321 894
3322 341
3323 842
3324 244
3325 871
3326 271
3327 971
3328 218
3329 968
3330 170
3331 949
3332 122
3333 998
3334 79
3335 1080
3336 56
3337 1102
3338 0
3339 1138
3340 0
3341 1092
3342 44
3343 995
3344 105
3345 1035
3346 146
3347 998
3348 183
3349 902
3350 193
3351 912
3352 253
3353 815
3354 267
3355 844
3356 273
3357 791
3358 311
3359 705
3360 406
3361 706
3362 383
3363 684
3364 449
3365 616
3366 475
3367 587
3368 511
3369 569
3370 574
3371 546
3372 526
3373 465
3374 580
3375 527
3376 597
3377 430
3378 640
3379 329
3380 692
3381 382
3382 737
3383 334
3384 765
3385 277
3386 824
3387 237
3388 802
3389 214
3390 882
3391 169
3392 852
3393 140
3394 905
3395 102
3396 959
3397 69
3398 948
3399 38
3400 966
3401 0
3402 1068
3403 0
3404 926
3405 53
3406 936
3407 75
3408 939
3409 143
3410 817
3411 131
3412 797
3413 184
3414 815
3415 221
3416 814
3417 226
3418 701
3419 253
3420 706
3421 313
3422 732
3423 301
3424 652
3425 317
3426 596
3427 397
3428 558
3429 429
3430 522
3431 471
3432 493
3433 494
3434 479
3435 498
3436 416
3437 525
3438 381
3439 543
3440 383
3441 578
3442 347
3443 614
3444 322
3445 663
3446 296
3447 699
3448 241
3449 685
3450 215
3451 777
3452 192
3453 794
3454 191
3455 808
3456 125
3457 873
3458 111
3459 813
3460 56
3461 869
3462 53
3463 898
3464 0
3465 925
3466 0
3467 906
3468 41
3469 866
3470 50
3471 796
3472 118
3473 764
3474 151
3475 721
3476 176
3477 685
3478 215
3479 754
3480 226
3481 693
3482 251
3483 617
3484 255
3485 589
3486 299
3487 555
3488 324
3489 510
3490 348
3491 551
3492 356
3493 468
3494 409
3495 454
3496 438
3497 424
3498 443
3499 362
3500 503
3501 331
3502 509
3503 337
3504 535
3505 316
3506 568
3507 288
3508 562
3509 283
3510 583
3511 222
3512 630
3513 196
3514 660
3515 183
3516 673
3517 142
3518 684
3519 93
3520 760
3521 87
3522 706
3523 73
3524 782
3525 36
3526 821
3527 0
3528 860
3529 0
3530 752
3531 43
3532 772
3533 62
3534 703
3535 101
3536 706
3537 136
3538 668
3539 170
3540 651
3541 158
3542 628
3543 184
3544 628
3545 218
3546 616
3547 233
3548 519
3549 278
3550 508
3551 310
3552 519
3553 345
3554 447
3555 367
3556 454
3557 361
3558 422
3559 389
3560 363
3561 402
3562 380
3563 404
3564 328
3565 458
3566 307
3567 462
3568 296
3569 470
3570 276
3571 529
3572 193
3573 533
3574 176
3575 572
3576 206
3577 565
3578 153
3579 560
3580 152
3581 626
3582 105
3583 639
3584 62
3585 663
3586 53
3587 727
3588 42
3589 721
3590 0
3591 806
3592 0
3593 711
3594 38
3595 673
3596 64
3597 681
3598 84
3599 596
3600 112
3601 601
3602 117
3603 569
3604 152
3605 537
3606 170
3607 528
3608 184
3609 497
3610 226
3611 488
3612 243
3613 419
3614 223
3615 451
3616 301
3617 406
3618 292
3619 413
3620 356
3621 347
3622 368
3623 376
3624 383
3625 318
3626 376
3627 310
3628 424
3629 278
3630 402
3631 240
3632 447
3633 223
3634 499
3635 241
3636 481
3637 158
3638 522
3639 159
3640 524
3641 148
3642 546
3643 123
3644 595
3645 99
3646 627
3647 75
3648 551
3649 52
3650 610
3651 26
3652 677
3653 0
3654 643
3655 0
3656 647
3657 27
3658 632
3659 55
3660 591
3661 84
3662 537
3663 115
3664 574
3665 111
3666 542
3667 151
3668 480
3669 154
3670 468
3671 175
3672 430
3673 216
3674 422
3675 235
3676 410
3677 217
3678 359
3679 287
3680 389
3681 301
3682 365
3683 292
3684 326
3685 315
3686 297
3687 325
3688 298
3689 335
3690 267
3691 405
3692 259
3693 341
3694 234
3695 442
3696 193
3697 428
3698 188
3699 428
3700 146
3701 454
3702 166
3703 499
3704 131
3705 484
3706 116
3707 507
3708 84
3709 522
3710 75
3711 590
3712 45
3713 534
3714 32
3715 573
3716 0
3717 598
3718 0
3719 536
3720 33
3721 548
3722 57
3723 514
3724 84
3725 490
3726 107
3727 451
3728 101
3729 462
3730 121
3731 421
3732 157
3733 434
3734 166
3735 398
3736 174
3737 421
3738 190
3739 405
3740 179
3741 328
3742 254
3743 320
3744 263
3745 308
3746 266
3747 299
3748 272
3749 293
3750 326
3751 253
3752 309
3753 235
3754 309
3755 220
3756 338
3757 218
3758 403
3759 190
3760 399
3761 162
3762 387
3763 138
3764 389
3765 132
3766 380
3767 120
3768 434
3769 93
3770 435
3771 93
3772 465
3773 72
3774 495
3775 44
3776 494
3777 17
3778 537
3779 0
3780 598
3781 0
3782 533
3783 17
3784 481
3785 46
3786 491
3787 68
3788 461
3789 82
3790 437
3791 93
3792 410
3793 104
3794 421
3795 125
3796 337
3797 129
3798 366
3799 174
3800 351
3801 185
3802 319
3803 189
3804 329
3805 203
3806 306
3807 211
3808 255
3809 240
3810 246
3811 232
3812 265
3813 241
3814 203
3815 302
3816 221
3817 268
3818 235
3819 303
3820 173
3821 291
3822 170
3823 348
3824 144
3825 325
3826 120
3827 411
3828 120
3829 369
3830 106
3831 420
3832 86
3833 425
3834 62
3835 404
3836 45
3837 449
3838 31
3839 422
3840 20
3841 473
3842 0
3843 483
3844 0
3845 426
3846 29
3847 428
3848 40
3849 415
3850 42
3851 412
3852 57
3853 410
3854 80
3855 402
3856 105
3857 352
3858 114
3859 346
3860 122
3861 347
3862 124
3863 328
3864 136
3865 310
3866 151
3867 279
3868 180
3869 281
3870 201
3871 262
3872 211
3873 270
3874 223
3875 222
3876 249
3877 195
3878 244
3879 180
3880 277
3881 170
3882 264
3883 177
3884 308
3885 151
3886 296
3887 139
3888 313
3889 125
3890 311
3891 89
3892 320
3893 103
3894 340
3895 68
3896 353
3897 70
3898 367
3899 60
3900 390
3901 24
3902 374
3903 14
3904 417
3905 0
3906 441
3907 0
3908 375
3909 25
3910 404
3911 24
3912 367
3913 39
3914 338
3915 69
3916 354
3917 90
3918 356
3919 85
3920 312
3921 111
3922 331
3923 108
3924 309
3925 127
3926 288
3927 143
3928 274
3929 161
3930 252
3931 175
3932 235
3933 178
3934 228
3935 169
3936 220
3937 177
3938 217
3939 231
3940 187
3941 236
3942 168
3943 216
3944 144
3945 228
3946 135
3947 265
3948 122
3949 275
3950 140
3951 266
3952 114
3953 272
3954 113
3955 276
3956 91
3957 300
3958 78
3959 308
3960 55
3961 328
3962 40
3963 322
3964 24
3965 382
3966 16
3967 367
3968 0
3969 396
3970 0
3971 344
3972 10
3973 367
3974 28
3975 350
3976 47
3977 336
3978 45
3979 289
3980 68
3981 286
3982 83
3983 290
3984 93
3985 266
3986 87
3987 223
3988 96
3989 239
3990 133
3991 215
3992 129
3993 216
3994 148
3995 222
3996 154
3997 190
3998 173
3999 182
4000 174
4001 187
4002 179
4003 169
4004 197
4005 161
4006 202
4007 142
4008 213
4009 133
4010 227
4011 113
4012 228
4013 96
4014 236
4015 95
4016 246
4017 77
4018 269
4019 87
4020 275
4021 53
4022 309
4023 60
4024 269
4025 39
4026 307
4027 28
4028 339
4029 18
4030 303
4031 0
4032 380
4033 0
4034 310
4035 19
4036 305
4037 24
4038 310
4039 42
4040 318
4041 46
4042 265
4043 64
4044 265
4045 69
4046 265
4047 80
4048 233
4049 77
4050 236
4051 101
4052 214
4053 96
4054 222
4055 120
4056 194
4057 142
4058 174
4059 144
4060 172
4061 142
4062 164
4063 164
4064 179
4065 165
4066 159
4067 164
4068 129
4069 183
4070 126
4071 183
4072 103
4073 208
4074 101
4075 229
4076 95
4077 235
4078 72
4079 232
4080 76
4081 240
4082 66
4083 238
4084 62
4085 248
4086 44
4087 271
4088 31
4089 256
4090 26
4091 284
4092 14
4093 271
4094 0
4095 285
4096 0
4097 274
4098 18
4099 276
4100 20
4101 275
4102 25
4103 246
4104 61
4105 252
4106 55
4107 243
4108 63
4109 199
4110 62
4111 206
4112 72
4113 192
4114 89
4115 189
4116 84
4117 188
4118 99
4119 151
4120 117
4121 151
4122 117
4123 146
4124 116
4125 148
4126 124
4127 124
4128 142
4129 129
4130 140
4131 125
4132 180
4133 119
4134 183
4135 103
4136 186
4137 96
4138 189
4139 84
4140 208
4141 71
4142 196
4143 53
4144 202
4145 59
4146 205
4147 47
4148 247
4149 46
4150 215
4151 26
4152 258
4153 19
4154 256
4155 9
4156 243
4157 0
4158 256
4159 0
4160 250
4161 9
4162 264
4163 21
4164 215
4165 30
4166 198
4167 34
4168 203
4169 46
4170 209
4171 52
4172 203
4173 67
4174 173
4175 80
4176 186
4177 89
4178 132
4179 81
4180 139
4181 110
4182 166
4183 100
4184 147
4185 112
4186 136
4187 124
4188 111
4189 126
4190 116
4191 123
4192 109
4193 145
4194 119
4195 146
4196 104
4197 162
4198 82
4199 159
4200 83
4201 162
4202 76
4203 185
4204 68
4205 163
4206 50
4207 194
4208 47
4209 210
4210 42
4211 199
4212 39
4213 211
4214 32
4215 173
4216 21
4217 214
4218 9
4219 214
4220 0
4221 233
4222 0
4223 217
4224 12
4225 177
4226 17
4227 192
4228 27
4229 179
4230 30
4231 183
4232 46
4233 189
4234 48
4235 184
4236 50
4237 157
4238 63
4239 159
4240 57
4241 144
4242 81
4243 123
4244 96
4245 122
4246 83
4247 111
4248 102
4249 134
4250 96
4251 123
4252 90
4253 101
4254 110
4255 92
4256 119
4257 106
4258 110
4259 90
4260 138
4261 78
4262 154
4263 70
4264 125
4265 69
4266 140
4267 61
4268 157
4269 45
4270 172
4271 51
4272 157
4273 39
4274 171
4275 32
4276 167
4277 22
4278 200
4279 14
4280 196
4281 11
4282 206
4283 0
4284 239
4285 0
4286 204
4287 16
4288 208
4289 14
4290 194
4291 26
4292 165
4293 33
4294 174
4295 35
4296 169
4297 38
4298 145
4299 53
4300 139
4301 43
4302 133
4303 62
4304 123
4305 48
4306 124
4307 73
4308 125
4309 92
4310 127
4311 79
4312 114
4313 90
4314 99
4315 93
4316 103
4317 85
4318 81
4319 105
4320 76
4321 115
4322 85
4323 118
4324 70
4325 119
4326 80
4327 144
4328 59
4329 148
4330 54
4331 146
4332 46
4333 140
4334 45
4335 167
4336 26
4337 156
4338 27
4339 152
4340 25
4341 179
4342 20
4343 157
4344 10
4345 198
4346 0
4347 204
4348 0
4349 150
4350 7
4351 152
4352 20
4353 169
4354 19
4355 154
4356 23
4357 142
4358 37
4359 138
4360 46
4361 142
4362 48
4363 122
4364 47
4365 129
4366 46
4367 127
4368 64
4369 92
4370 65
4371 121
4372 61
4373 128
4374 80
4375 108
4376 66
4377 85
4378 95
4379 86
4380 86
4381 66
4382 96
4383 67
4384 102
4385 80
4386 127
4387 51
4388 104
4389 51
4390 103
4391 53
4392 130
4393 53
4394 152
4395 37
4396 96
4397 33
4398 139
4399 23
4400 134
4401 22
4402 135
4403 26
4404 147
4405 14
4406 145
4407 12
4408 158
4409 0
4410 191
4411 0
4412 148
4413 5
4414 161
4415 19
4416 170
4417 14
4418 145
4419 23
4420 138
4421 33
4422 121
4423 35
4424 104
4425 44
4426 126
4427 59
4428 101
4429 51
4430 102
4431 55
4432 99
4433 57
4434 101
4435 67
4436 74
4437 63
4438 65
4439 80
4440 92
4441 73
4442 71
4443 63
4444 63
4445 81
4446 59
4447 75
4448 59
4449 102
4450 62
4451 81
4452 41
4453 93
4454 52
4455 117
4456 36
4457 102
4458 34
4459 109
4460 26
4461 110
4462 22
4463 113
4464 23
4465 129
4466 12
4467 126
4468 7
4469 123
4470 9
4471 158
4472 0
4473 135
4474 0
4475 144
4476 4
4477 144
4478 12
4479 115
4480 19
4481 126
4482 20
4483 112
4484 27
4485 96
4486 33
4487 99
4488 40
4489 115
4490 42
4491 92
4492 51
4493 97
4494 43
4495 78
4496 63
4497 87
4498 50
4499 67
4500 65
4501 75
4502 54
4503 73
4504 58
4505 71
4506 75
4507 62
4508 75
4509 56
4510 84
4511 47
4512 78
4513 48
4514 86
4515 61
4516 95
4517 36
4518 84
4519 33
4520 110
4521 36
4522 104
4523 39
4524 105
4525 23
4526 99
4527 13
4528 97
4529 14
4530 125
4531 12
4532 124
4533 7
4534 143
4535 0
4536 147
4537 0
4538 135
4539 5
4540 137
4541 9
4542 136
4543 19
4544 96
4545 19
4546 116
4547 21
4548 113
4549 30
4550 96
4551 33
4552 95
4553 26
4554 88
4555 41
4556 78
4557 43
4558 58
4559 50
4560 72
4561 44
4562 71
4563 40
4564 79
4565 54
4566 65
4567 50
4568 62
4569 58
4570 62
4571 72
4572 55
4573 73
4574 49
4575 73
4576 39
4577 76
4578 37
4579 103
4580 36
4581 87
4582 31
4583 93
4584 25
4585 98
4586 27
4587 106
4588 12
4589 112
4590 19
4591 118
4592 19
4593 94
4594 9
4595 112
4596 3
4597 96
4598 0
4599 116
4600 0
4601 105
4602 2
4603 94
4604 12
4605 93
4606 16
4607 108
4608 17
4609 82
4610 20
4611 93
4612 35
4613 85
4614 19
4615 96
4616 27
4617 86
4618 41
4619 79
4620 31
4621 80
4622 49
4623 67
4624 46
4625 73
4626 64
4627 57
4628 39
4629 50
4630 51
4631 62
4632 46
4633 38
4634 60
4635 66
4636 66
4637 44
4638 66
4639 24
4640 60
4641 31
4642 74
4643 26
4644 79
4645 27
4646 72
4647 27
4648 87
4649 19
4650 89
4651 19
4652 83
4653 27
4654 92
4655 10
4656 92
4657 4
4658 94
4659 2
4660 88
4661 0
4662 106
4663 0
4664 110
4665 2
4666 97
4667 2
4668 92
4669 9
4670 96
4671 12
4672 91
4673 14
4674 69
4675 15
4676 92
4677 23
4678 101
4679 24
4680 63
4681 24
4682 62
4683 26
4684 56
4685 42
4686 52
4687 49
4688 52
4689 42
4690 48
4691 44
4692 44
4693 36
4694 37
4695 45
4696 43
4697 58
4698 33
4699 55
4700 36
4701 50
4702 34
4703 62
4704 28
4705 62
4706 41
4707 63
4708 22
4709 64
4710 24
4711 92
4712 20
4713 73
4714 11
4715 78
4716 11
4717 85
4718 13
4719 75
4720 7
4721 93
4722 3
4723 69
4724 0
4725 105
4726 0
4727 81
4728 3
4729 84
4730 11
4731 83
4732 17
4733 70
4734 18
4735 84
4736 13
4737 78
4738 24
4739 66
4740 17
4741 79
4742 28
4743 43
4744 40
4745 55
4746 41
4747 68
4748 29
4749 44
4750 42
4751 62
4752 50
4753 46
4754 36
4755 38
4756 51
4757 49
4758 48
4759 47
4760 55
4761 33
4762 53
4763 36
4764 54
4765 34
4766 50
4767 30
4768 54
4769 27
4770 49
4771 24
4772 57
4773 15
4774 70
4775 12
4776 67
4777 14
4778 75
4779 11
4780 77
4781 4
4782 59
4783 10
4784 79
4785 3
4786 75
4787 0
4788 89
4789 0
4790 66
4791 6
4792 63
4793 7
4794 66
4795 10
4796 63
4797 20
4798 49
4799 13
4800 58
4801 18
4802 54
4803 17
4804 48
4805 21
4806 52
4807 29
4808 56
4809 20
4810 54
4811 20
4812 51
4813 35
4814 53
4815 29
4816 40
4817 35
4818 32
4819 51
4820 42
4821 37
4822 28
4823 48
4824 34
4825 43
4826 31
4827 52
4828 24
4829 48
4830 32
4831 63
4832 24
4833 39
4834 24
4835 48
4836 19
4837 70
4838 16
4839 79
4840 8
4841 55
4842 6
4843 65
4844 7
4845 58
4846 4
4847 57
4848 5
4849 64
4850 0
4851 91
4852 0
4853 69
4854 6
4855 66
4856 5
4857 83
4858 5
4859 48
4860 13
4861 70
4862 6
4863 63
4864 18
4865 49
4866 17
4867 56
4868 17
4869 54
4870 21
4871 39
4872 25
4873 42
4874 25
4875 46
4876 33
4877 33
4878 41
4879 32
4880 28
4881 42
4882 38
4883 42
4884 42
4885 43
4886 35
4887 19
4888 39
4889 28
4890 42
4891 16
4892 34
4893 28
4894 44
4895 32
4896 42
4897 21
4898 37
4899 15
4900 53
4901 18
4902 58
4903 12
4904 56
4905 8
4906 69
4907 6
4908 62
4909 6
4910 60
4911 1
4912 73
4913 0
4914 67
4915 0
4916 57
4917 4
4918 63
4919 1
4920 51
4921 12
4922 62
4923 7
4924 54
4925 14
4926 41
4927 21
4928 53
4929 12
4930 57
4931 22
4932 51
4933 19
4934 38
4935 25
4936 39
4937 26
4938 34
4939 28
4940 39
4941 39
4942 28
4943 38
4944 28
4945 29
4946 33
4947 22
4948 26
4949 29
4950 30
4951 30
4952 22
4953 54
4954 18
4955 42
4956 32
4957 37
4958 12
4959 39
4960 17
4961 40
4962 13
4963 46
4964 15
4965 49
4966 8
4967 52
4968 11
4969 61
4970 10
4971 52
4972 7
4973 67
4974 2
4975 59
4976 0
4977 60
4978 0
4979 60
4980 1
4981 54
4982 3
4983 55
4984 12
4985 48
4986 11
4987 45
4988 12
4989 41
4990 7
4991 46
4992 15
4993 35
4994 22
4995 39
4996 21
4997 49
4998 12
4999 45
5000 32
5001 32
5002 25
5003 35
5004 20
5005 39
5006 27
5007 30
5008 30
5009 29
5010 27
5011 23
5012 34
5013 29
5014 47
5015 21
5016 32
5017 17
5018 45
5019 5
5020 38
5021 12
5022 29
5023 21
5024 36
5025 15
5026 44
5027 20
5028 61
5029 7
5030 53
5031 13
5032 60
5033 2
5034 34
5035 1
5036 35
5037 6
5038 36
5039 0
5040 49
5041 0
5042 49
5043 3
5044 60
5045 3
5046 60
5047 6
5048 44
5049 8
5050 37
5051 8
5052 52
5053 12
5054 37
5055 13
5056 31
5057 13
5058 33
5059 20
5060 36
5061 14
5062 41
5063 15
5064 28
5065 23
5066 30
5067 19
5068 24
5069 30
5070 31
5071 32
5072 30
5073 29
5074 25
5075 30
5076 27
5077 29
5078 23
5079 35
5080 15
5081 35
5082 16
5083 19
5084 14
5085 27
5086 13
5087 38
5088 11
5089 42
5090 6
5091 27
5092 10
5093 40
5094 6
5095 41
5096 8
5097 63
5098 10
5099 46
5100 1
5101 54
5102 0
5103 47
5104 0
5105 36
5106 8
5107 39
5108 3
5109 34
5110 6
5111 40
5112 4
5113 35
5114 11
5115 36
5116 8
5117 34
5118 7
5119 41
5120 17
5121 34
5122 15
5123 26
5124 15
5125 26
5126 13
5127 20
5128 20
5129 35
5130 22
5131 28
5132 12
5133 25
5134 24
5135 24
5136 23
5137 20
5138 27
5139 16
5140 28
5141 17
5142 32
5143 16
5144 27
5145 12
5146 34
5147 18
5148 23
5149 16
5150 32
5151 12
5152 40
5153 6
5154 24
5155 8
5156 29
5157 7
5158 30
5159 6
5160 30
5161 2
5162 46
5163 2
5164 34
5165 0
5166 52
5167 0
5168 31
5169 0
5170 34
5171 3
5172 37
5173 9
5174 33
5175 8
5176 44
5177 9
5178 28
5179 8
5180 36
5181 13
5182 27
5183 10
5184 38
5185 12
5186 30
5187 15
5188 24
5189 9
5190 21
5191 8
5192 25
5193 14
5194 19
5195 18
5196 25
5197 14
5198 14
5199 14
5200 18
5201 23
5202 13
5203 21
5204 20
5205 24
5206 17
5207 33
5208 16
5209 36
5210 15
5211 29
5212 12
5213 30
5214 12
5215 32
5216 6
5217 35
5218 7
5219 29
5220 6
5221 29
5222 3
5223 35
5224 3
5225 39
5226 0
5227 41
5228 0
5229 47
5230 0
5231 43
5232 2
5233 43
5234 4
5235 32
5236 1
5237 34
5238 6
5239 27
5240 8
5241 29
5242 9
5243 25
5244 3
5245 26
5246 11
5247 24
5248 15
5249 21
5250 12
5251 29
5252 20
5253 27
5254 27
5255 26
5256 14
5257 19
5258 20
5259 21
5260 25
5261 11
5262 14
5263 20
5264 18
5265 13
5266 21
5267 8
5268 21
5269 8
5270 21
5271 18
5272 32
5273 14
5274 23
5275 7
5276 27
5277 8
5278 26
5279 5
5280 30
5281 5
5282 35
5283 8
5284 36
5285 2
5286 32
5287 0
5288 39
5289 1
5290 31
5291 0
5292 54
5293 0
5294 36
5295 2
5296 27
5297 5
5298 30
5299 4
5300 22
5301 4
5302 43
5303 6
5304 30
5305 10
5306 27
5307 8
5308 43
5309 5
5310 22
5311 15
5312 21
5313 10
5314 29
5315 15
5316 21
5317 21
5318 28
5319 12
5320 20
5321 15
5322 19
5323 15
5324 6
5325 14
5326 16
5327 21
5328 14
5329 24
5330 13
5331 12
5332 14
5333 22
5334 18
5335 27
5336 16
5337 22
5338 5
5339 17
5340 9
5341 24
5342 7
5343 32
5344 4
5345 19
5346 4
5347 20
5348 3
5349 39
5350 4
5351 31
5352 1
5353 24
5354 0
5355 42
5356 0
5357 31
5358 2
5359 31
5360 5
5361 39
5362 5
5363 34
5364 5
5365 26
5366 11
5367 31
5368 8
5369 18
5370 8
5371 30
5372 8
5373 24
5374 13
5375 26
5376 18
5377 20
5378 14
5379 21
5380 11
5381 26
5382 14
5383 11
5384 18
5385 19
5386 9
5387 23
5388 16
5389 19
5390 15
5391 9
5392 19
5393 15
5394 15
5395 8
5396 13
5397 9
5398 20
5399 10
5400 29
5401 6
5402 19
5403 5
5404 19
5405 9
5406 29
5407 7
5408 29
5409 4
5410 29
5411 3
5412 26
5413 0
5414 31
5415 0
5416 36
5417 0
5418 32
5419 0
5420 28
5421 2
5422 26
5423 3
5424 24
5425 4
5426 27
5427 2
5428 20
5429 8
5430 22
5431 11
5432 21
5433 8
5434 31
5435 5
5436 12
5437 7
5438 20
5439 8
5440 21
5441 10
5442 15
5443 9
5444 16
5445 23
5446 13
5447 14
5448 20
5449 15
5450 15
5451 11
5452 9
5453 18
5454 17
5455 14
5456 13
5457 14
5458 12
5459 17
5460 11
5461 21
5462 4
5463 22
5464 5
5465 21
5466 9
5467 25
5468 12
5469 21
5470 5
5471 22
5472 3
5473 22
5474 6
5475 32
5476 3
5477 25
5478 2
5479 35
5480 0
5481 37
5482 0
5483 39
5484 0
5485 30
5486 2
5487 29
5488 2
5489 29
5490 4
5491 26
5492 3
5493 30
5494 10
5495 31
5496 9
5497 20
5498 8
5499 35
5500 7
5501 16
5502 7
5503 17
5504 8
5505 16
5506 11
5507 25
5508 9
5509 23
5510 15
5511 14
5512 16
5513 13
5514 20
5515 8
5516 19
5517 14
5518 12
5519 15
5520 13
5521 11
5522 12
5523 13
5524 19
5525 7
5526 20
5527 9
5528 22
5529 6
5530 25
5531 5
5532 28
5533 5
5534 30
5535 7
5536 30
5537 2
5538 34
5539 2
5540 30
5541 0
5542 35
5543 0
5544 32
5545 0
5546 28
5547 0
5548 34
5549 0
5550 31
5551 2
5552 17
5553 3
5554 26
5555 4
5556 25
5557 6
5558 28
5559 3
5560 23
5561 8
5562 19
5563 10
5564 17
5565 11
5566 19
5567 12
5568 25
5569 11
5570 8
5571 14
5572 17
5573 19
5574 14
5575 15
5576 15
5577 15
5578 11
5579 10
5580 19
5581 21
5582 12
5583 22
5584 9
5585 18
5586 13
5587 19
5588 10
5589 22
5590 5
5591 19
5592 8
5593 27
5594 6
5595 25
5596 3
5597 21
5598 5
5599 32
5600 1
5601 28
5602 1
5603 26
5604 2
5605 31
5606 0
5607 27
5608 0
5609 20
5610 0
5611 33
5612 1
5613 32
5614 3
5615 26
5616 3
5617 30
5618 7
5619 25
5620 7
5621 22
5622 4
5623 35
5624 7
5625 32
5626 10
5627 18
5628 10
5629 22
5630 11
5631 20
5632 9
5633 15
5634 9
5635 9
5636 11
5637 12
5638 19
5639 20
5640 16
5641 20
5642 9
5643 13
5644 16
5645 12
5646 18
5647 11
5648 15
5649 16
5650 13
5651 17
5652 15
5653 5
5654 20
5655 10
5656 23
5657 4
5658 24
5659 3
5660 24
5661 7
5662 28
5663 3
5664 32
5665 1
5666 27
5667 0
5668 30
5669 0
5670 27
5671 0
5672 23
5673 1
5674 30
5675 1
5676 29
5677 3
5678 28
5679 8
5680 16
5681 3
5682 18
5683 7
5684 19
5685 10
5686 18
5687 12
5688 18
5689 8
5690 25
5691 13
5692 24
5693 8
5694 12
5695 20
5696 29
5697 12
5698 16
5699 17
5700 16
5701 18
5702 16
5703 19
5704 11
5705 14
5706 20
5707 19
5708 19
5709 17
5710 15
5711 17
5712 10
5713 19
5714 12
5715 18
5716 9
5717 31
5718 2
5719 28
5720 8
5721 31
5722 4
5723 31
5724 4
5725 18
5726 6
5727 25
5728 3
5729 32
5730 2
5731 32
5732 0
5733 32
5734 0
5735 28
5736 0
5737 29
5738 0
5739 22
5740 1
5741 18
5742 5
5743 29
5744 6
5745 27
5746 8
5747 23
5748 10
5749 28
5750 5
5751 25
5752 11
5753 13
5754 11
5755 18
5756 14
5757 22
5758 11
5759 13
5760 17
5761 16
5762 10
5763 14
5764 13
5765 16
5766 14
5767 15
5768 14
5769 10
5770 13
5771 17
5772 24
5773 9
5774 24
5775 11
5776 25
5777 12
5778 21
5779 10
5780 13
5781 7
5782 25
5783 6
5784 23
5785 4
5786 28
5787 4
5788 25
5789 4
5790 34
5791 4
5792 30
5793 1
5794 32
5795 0
5796 33
5797 0
5798 32
5799 0
5800 38
5801 4
5802 26
5803 0
5804 27
5805 5
5806 26
5807 4
5808 27
5809 9
5810 19
5811 9
5812 27
5813 10
5814 21
5815 15
5816 18
5817 9
5818 27
5819 10
5820 9
5821 20
5822 18
5823 16
5824 23
5825 14
5826 10
5827 14
5828 25
5829 20
5830 14
5831 23
5832 12
5833 18
5834 10
5835 14
5836 9
5837 16
5838 15
5839 26
5840 12
5841 23
5842 5
5843 27
5844 14
5845 28
5846 4
5847 25
5848 7
5849 31
5850 5
5851 24
5852 6
5853 26
5854 6
5855 25
5856 2
5857 32
5858 0
5859 34
5860 0
5861 43
5862 3
5863 38
5864 4
5865 35
5866 3
5867 24
5868 4
5869 38
5870 6
5871 25
5872 8
5873 29
5874 7
5875 27
5876 8
5877 27
5878 9
5879 15
5880 11
5881 25
5882 9
5883 17
5884 11
5885 35
5886 15
5887 17
5888 15
5889 16
5890 18
5891 19
5892 26
5893 23
5894 20
5895 16
5896 26
5897 12
5898 18
5899 15
5900 12
5901 10
5902 26
5903 4
5904 29
5905 14
5906 28
5907 12
5908 28
5909 6
5910 29
5911 5
5912 41
5913 5
5914 26
5915 4
5916 37
5917 3
5918 36
5919 1
5920 32
5921 0
5922 38
5923 0
5924 32
5925 4
5926 48
5927 2
5928 43
5929 5
5930 30
5931 5
5932 29
5933 7
5934 21
5935 11
5936 34
5937 8
5938 27
5939 9
5940 27
5941 6
5942 28
5943 9
5944 30
5945 18
5946 30
5947 18
5948 31
5949 17
5950 25
5951 18
5952 21
5953 30
5954 17
5955 15
5956 20
5957 22
5958 15
5959 21
5960 13
5961 19
5962 10
5963 32
5964 17
5965 38
5966 12
5967 21
5968 8
5969 27
5970 9
5971 24
5972 6
5973 37
5974 7
5975 34
5976 10
5977 36
5978 7
5979 49
5980 4
5981 45
5982 3
5983 43
5984 0
5985 41
5986 0
5987 54
5988 1
5989 42
5990 1
5991 36
5992 6
5993 41
5994 7
5995 39
5996 3
5997 34
5998 12
5999 35
6000 6
6001 32
6002 13
6003 27
6004 10
6005 29
6006 19
6007 26
6008 17
6009 25
6010 13
6011 24
6012 29
6013 25
6014 18
6015 16
6016 20
6017 26
6018 22
6019 25
6020 22
6021 21
6022 23
6023 26
6024 29
6025 16
6026 33
6027 19
6028 26
6029 15
6030 28
6031 12
6032 30
6033 6
6034 43
6035 14
6036 39
6037 7
6038 47
6039 4
6040 36
6041 6
6042 35
6043 4
6044 45
6045 1
6046 48
6047 0
6048 43
6049 0
6050 35
6051 3
6052 47
6053 4
6054 27
6055 4
6056 37
6057 8
6058 48
6059 10
6060 32
6061 16
6062 48
6063 15
6064 35
6065 12
6066 30
6067 16
6068 32
6069 18
6070 25
6071 17
6072 30
6073 19
6074 29
6075 17
6076 22
6077 15
6078 20
6079 33
6080 19
6081 24
6082 24
6083 22
6084 18
6085 20
6086 17
6087 39
6088 21
6089 34
6090 16
6091 40
6092 10
6093 43
6094 9
6095 43
6096 13
6097 38
6098 6
6099 54
6100 5
6101 41
6102 5
6103 25
6104 4
6105 54
6106 3
6107 39
6108 6
6109 34
6110 0
6111 41
6112 0
6113 42
6114 1
6115 41
6116 4
6117 50
6118 7
6119 28
6120 6
6121 37
6122 9
6123 43
6124 10
6125 19
6126 17
6127 38
6128 8
6129 32
6130 15
6131 38
6132 15
6133 24
6134 22
6135 28
6136 18
6137 29
6138 23
6139 26
6140 18
6141 22
6142 29
6143 22
6144 33
6145 18
6146 31
6147 22
6148 34
6149 16
6150 37
6151 26
6152 32
6153 15
6154 41
6155 17
6156 42
6157 17
6158 33
6159 9
6160 36
6161 8
6162 35
6163 17
6164 43
6165 12
6166 47
6167 7
6168 33
6169 3
6170 47
6171 3
6172 48
6173 0
6174 55
6175 0
6176 50
6177 5
6178 61
6179 4
6180 52
6181 9
6182 36
6183 15
6184 45
6185 8
6186 45
6187 12
6188 33
6189 14
6190 40
6191 11
6192 30
6193 12
6194 43
6195 13
6196 32
6197 18
6198 42
6199 18
6200 25
6201 29
6202 31
6203 32
6204 27
6205 25
6206 30
6207 34
6208 24
6209 36
6210 17
6211 34
6212 19
6213 30
6214 15
6215 32
6216 25
6217 32
6218 14
6219 40
6220 8
6221 44
6222 7
6223 34
6224 11
6225 56
6226 11
6227 56
6228 9
6229 41
6230 8
6231 53
6232 5
6233 46
6234 1
6235 46
6236 0
6237 64
6238 0
6239 44
6240 1
6241 53
6242 7
6243 53
6244 8
6245 39
6246 6
6247 56
6248 6
6249 53
6250 11
6251 49
6252 11
6253 40
6254 13
6255 30
6256 23
6257 35
6258 21
6259 38
6260 23
6261 40
6262 22
6263 38
6264 23
6265 40
6266 24
6267 23
6268 27
6269 34
6270 24
6271 23
6272 30
6273 20
6274 30
6275 26
6276 37
6277 22
6278 38
6279 27
6280 35
6281 17
6282 32
6283 15
6284 34
6285 9
6286 38
6287 13
6288 49
6289 13
6290 53
6291 13
6292 32
6293 9
6294 49
6295 6
6296 52
6297 2
6298 45
6299 0
6300 62
6301 0
6302 56
6303 4
6304 58
6305 5
6306 43
6307 8
6308 57
6309 10
6310 52
6311 8
6312 52
6313 13
6314 44
6315 14
6316 42
6317 18
6318 46
6319 17
6320 41
6321 20
6322 34
6323 23
6324 35
6325 22
6326 46
6327 27
6328 32
6329 27
6330 32
6331 26
6332 31
6333 25
6334 27
6335 34
6336 25
6337 40
6338 22
6339 41
6340 17
6341 40
6342 23
6343 37
6344 14
6345 50
6346 15
6347 34
6348 12
6349 51
6350 10
6351 41
6352 8
6353 42
6354 9
6355 50
6356 5
6357 57
6358 7
6359 70
6360 3
6361 56
6362 0
6363 56
6364 0
6365 53
6366 2
6367 59
6368 6
6369 64
6370 11
6371 52
6372 9
6373 46
6374 11
6375 47
6376 12
6377 47
6378 12
6379 45
6380 11
6381 53
6382 19
6383 34
6384 26
6385 54
6386 18
6387 39
6388 19
6389 39
6390 29
6391 34
6392 36
6393 32
6394 26
6395 37
6396 36
6397 27
6398 26
6399 18
6400 32
6401 25
6402 33
6403 19
6404 36
6405 23
6406 41
6407 13
6408 36
6409 26
6410 47
6411 20
6412 48
6413 14
6414 67
6415 14
6416 57
6417 9
6418 43
6419 5
6420 59
6421 2
6422 49
6423 4
6424 55
6425 0
6426 61
6427 0
6428 45
6429 3
6430 65
6431 5
6432 68
6433 8
6434 48
6435 11
6436 56
6437 11
6438 48
6439 14
6440 47
6441 17
6442 44
6443 31
6444 52
6445 18
6446 37
6447 19
6448 34
6449 25
6450 37
6451 32
6452 38
6453 21
6454 28
6455 33
6456 52
6457 24
6458 31
6459 27
6460 35
6461 35
6462 27
6463 38
6464 26
6465 39
6466 15
6467 37
6468 22
6469 42
6470 20
6471 46
6472 14
6473 49
6474 10
6475 39
6476 22
6477 55
6478 12
6479 48
6480 10
6481 60
6482 6
6483 61
6484 6
6485 71
6486 0
6487 75
6488 0
6489 67
6490 0
6491 54
6492 4
6493 53
6494 4
6495 51
6496 4
6497 64
6498 18
6499 56
6500 11
6501 44
6502 10
6503 45
6504 10
6505 49
6506 13
6507 65
6508 21
6509 42
6510 17
6511 52
6512 14
6513 43
6514 28
6515 23
6516 34
6517 44
6518 37
6519 34
6520 37
6521 29
6522 30
6523 36
6524 32
6525 35
6526 38
6527 33
6528 28
6529 35
6530 32
6531 28
6532 50
6533 19
6534 70
6535 11
6536 42
6537 18
6538 54
6539 21
6540 61
6541 9
6542 76
6543 8
6544 56
6545 8
6546 72
6547 4
6548 59
6549 2
6550 72
6551 0
6552 68
6553 0
6554 63
6555 3
6556 58
6557 7
6558 62
6559 9
6560 58
6561 11
6562 41
6563 11
6564 45
6565 20
6566 55
6567 14
6568 41
6569 12
6570 56
6571 24
6572 52
6573 24
6574 38
6575 20
6576 53
6577 30
6578 40
6579 26
6580 29
6581 29
6582 27
6583 36
6584 31
6585 27
6586 35
6587 36
6588 22
6589 50
6590 32
6591 37
6592 23
6593 46
6594 25
6595 47
6596 20
6597 63
6598 13
6599 42
6600 16
6601 65
6602 9
6603 38
6604 12
6605 52
6606 8
6607 54
6608 8
6609 59
6610 3
6611 47
6612 6
6613 47
6614 0
6615 61
6616 0
6617 55
6618 3
6619 52
6620 2
6621 56
6622 4
6623 49
6624 13
6625 49
6626 10
6627 45
6628 18
6629 35
6630 15
6631 49
6632 12
6633 48
6634 20
6635 40
6636 24
6637 42
6638 22
6639 33
6640 33
6641 46
6642 25
6643 24
6644 28
6645 43
6646 32
6647 38
6648 27
6649 22
6650 39
6651 25
6652 22
6653 29
6654 38
6655 20
6656 41
6657 31
6658 35
6659 31
6660 48
6661 21
6662 54
6663 11
6664 57
6665 17
6666 57
6667 10
6668 51
6669 16
6670 63
6671 10
6672 57
6673 7
6674 65
6675 2
6676 60
6677 0
6678 73
6679 0
6680 52
6681 4
6682 72
6683 2
6684 71
6685 6
6686 58
6687 10
6688 50
6689 12
6690 49
6691 12
6692 49
6693 13
6694 49
6695 17
6696 49
6697 22
6698 50
6699 20
6700 38
6701 39
6702 46
6703 29
6704 38
6705 39
6706 33
6707 21
6708 32
6709 39
6710 36
6711 28
6712 17
6713 36
6714 25
6715 47
6716 22
6717 46
6718 17
6719 35
6720 18
6721 43
6722 27
6723 37
6724 13
6725 49
6726 18
6727 51
6728 14
6729 64
6730 16
6731 61
6732 12
6733 65
6734 8
6735 79
6736 8
6737 66
6738 2
6739 73
6740 0
6741 58
6742 0
6743 59
6744 2
6745 63
6746 10
6747 65
6748 6
6749 54
6750 4
6751 61
6752 6
6753 59
6754 10
6755 45
6756 17
6757 61
6758 19
6759 55
6760 22
6761 39
6762 20
6763 52
6764 21
6765 38
6766 36
6767 31
6768 29
6769 27
6770 27
6771 29
6772 40
6773 32
6774 45
6775 29
6776 37
6777 41
6778 43
6779 24
6780 45
6781 33
6782 48
6783 22
6784 47
6785 20
6786 42
6787 19
6788 45
6789 15
6790 48
6791 12
6792 62
6793 11
6794 58
6795 5
6796 45
6797 8
6798 57
6799 6
6800 71
6801 4
6802 71
6803 0
6804 75
6805 0
6806 61
6807 3
6808 54
6809 5
6810 61
6811 5
6812 52
6813 8
6814 66
6815 13
6816 59
6817 9
6818 48
6819 17
6820 45
6821 12
6822 52
6823 20
6824 45
6825 25
6826 45
6827 20
6828 40
6829 28
6830 40
6831 24
6832 33
6833 41
6834 26
6835 28
6836 31
6837 29
6838 33
6839 44
6840 41
6841 44
6842 28
6843 32
6844 17
6845 39
6846 15
6847 55
6848 26
6849 46
6850 19
6851 48
6852 15
6853 53
6854 15
6855 61
6856 15
6857 41
6858 10
6859 61
6860 4
6861 58
6862 6
6863 67
6864 3
6865 65
6866 0
6867 73
6868 0
6869 52
6870 3
6871 68
6872 8
6873 53
6874 12
6875 54
6876 6
6877 45
6878 15
6879 53
6880 17
6881 51
6882 19
6883 58
6884 13
6885 42
6886 18
6887 46
6888 20
6889 43
6890 14
6891 46
6892 26
6893 37
6894 32
6895 34
6896 34
6897 31
6898 32
6899 22
6900 30
6901 25
6902 40
6903 24
6904 16
6905 36
6906 43
6907 27
6908 33
6909 21
6910 42
6911 18
6912 42
6913 18
6914 67
6915 16
6916 45
6917 13
6918 50
6919 7
6920 42
6921 6
6922 50
6923 8
6924 63
6925 5
6926 58
6927 4
6928 69
6929 0
6930 56
6931 0
6932 62
6933 1
6934 59
6935 3
6936 64
6937 9
6938 62
6939 14
6940 47
6941 12
6942 49
6943 16
6944 54
6945 21
6946 60
6947 15
6948 55
6949 16
6950 48
6951 23
6952 39
6953 29
6954 44
6955 25
6956 46
6957 34
6958 34
6959 29
6960 39
6961 25
6962 24
6963 40
6964 34
6965 37
6966 27
6967 48
6968 24
6969 22
6970 30
6971 48
6972 17
6973 34
6974 26
6975 48
6976 19
6977 49
6978 16
6979 49
6980 17
6981 51
6982 16
6983 63
6984 7
6985 61
6986 8
6987 70
6988 3
6989 68
6990 5
6991 71
6992 0
6993 76
6994 0
6995 72
6996 5
6997 58
6998 4
6999 64
7000 7
7001 41
7002 10
7003 55
7004 9
7005 51
7006 15
7007 54
7008 8
7009 40
7010 16
7011 49
7012 17
7013 49
7014 16
7015 37
7016 18
7017 46
7018 19
7019 42
7020 26
7021 30
7022 28
7023 38
7024 37
7025 35
7026 26
7027 29
7028 30
7029 39
7030 31
7031 32
7032 44
7033 24
7034 41
7035 28
7036 43
7037 24
7038 49
7039 20
7040 58
7041 10
7042 55
7043 15
7044 53
7045 19
7046 63
7047 7
7048 56
7049 8
7050 58
7051 4
7052 68
7053 1
7054 53
7055 0
7056 72
7057 0
7058 49
7059 3
7060 54
7061 7
7062 56
7063 7
7064 63
7065 12
7066 55
7067 11
7068 57
7069 23
7070 49
7071 14
7072 51
7073 21
7074 36
7075 17
7076 47
7077 17
7078 28
7079 29
7080 37
7081 32
7082 42
7083 24
7084 27
7085 26
7086 30
7087 35
7088 29
7089 33
7090 20
7091 25
7092 33
7093 54
7094 38
7095 27
7096 25
7097 41
7098 23
7099 47
7100 21
7101 44
7102 10
7103 38
7104 13
7105 39
7106 16
7107 58
7108 4
7109 47
7110 9
7111 57
7112 9
7113 39
7114 6
7115 59
7116 3
7117 63
7118 0
7119 60
7120 0
7121 55
7122 2
7123 52
7124 5
7125 70
7126 6
7127 51
7128 6
7129 59
7130 11
7131 54
7132 16
7133 53
7134 16
7135 46
7136 18
7137 47
7138 13
7139 44
7140 21
7141 40
7142 18
7143 46
7144 27
7145 31
7146 24
7147 34
7148 35
7149 29
7150 27
7151 31
7152 30
7153 29
7154 32
7155 23
7156 29
7157 26
7158 41
7159 25
7160 39
7161 16
7162 38
7163 20
7164 42
7165 21
7166 46
7167 20
7168 49
7169 20
7170 44
7171 9
7172 54
7173 13
7174 48
7175 11
7176 60
7177 4
7178 58
7179 2
7180 56
7181 0
7182 64
7183 0
7184 65
7185 2
7186 54
7187 8
7188 69
7189 7
7190 50
7191 7
7192 53
7193 7
7194 44
7195 7
7196 49
7197 15
7198 60
7199 21
7200 45
7201 17
7202 45
7203 15
7204 34
7205 24
7206 42
7207 24
7208 44
7209 35
7210 35
7211 30
7212 25
7213 26
7214 29
7215 26
7216 29
7217 38
7218 26
7219 37
7220 25
7221 32
7222 29
7223 49
7224 21
7225 41
7226 25
7227 47
7228 16
7229 44
7230 15
7231 42
7232 9
7233 50
7234 7
7235 41
7236 9
7237 36
7238 13
7239 66
7240 4
7241 53
7242 3
7243 46
7244 0
7245 60
7246 0
7247 63
7248 6
7249 53
7250 4
7251 51
7252 6
7253 44
7254 8
7255 57
7256 8
7257 64
7258 8
7259 42
7260 16
7261 38
7262 16
7263 58
7264 18
7265 44
7266 26
7267 31
7268 14
7269 33
7270 28
7271 36
7272 24
7273 30
7274 25
7275 29
7276 31
7277 38
7278 24
7279 28
7280 27
7281 22
7282 29
7283 24
7284 30
7285 21
7286 40
7287 18
7288 32
7289 23
7290 23
7291 14
7292 39
7293 12
7294 38
7295 13
7296 48
7297 8
7298 44
7299 10
7300 63
7301 1
7302 57
7303 5
7304 71
7305 2
7306 50
7307 0
7308 53
7309 0
7310 53
7311 3
7312 49
7313 4
7314 56
7315 5
7316 47
7317 8
7318 53
7319 5
7320 44
7321 8
7322 36
7323 15
7324 51
7325 9
7326 39
7327 17
7328 43
7329 17
7330 29
7331 27
7332 26
7333 28
7334 40
7335 32
7336 33
7337 29
7338 35
7339 26
7340 30
7341 26
7342 28
7343 28
7344 22
7345 23
7346 23
7347 22
7348 25
7349 40
7350 18
7351 41
7352 22
7353 45
7354 17
7355 45
7356 17
7357 36
7358 11
7359 43
7360 10
7361 44
7362 6
7363 55
7364 5
7365 46
7366 6
7367 49
7368 0
7369 51
7370 0
7371 47
7372 0
7373 58
7374 4
7375 52
7376 4
7377 51
7378 6
7379 51
7380 7
7381 53
7382 16
7383 52
7384 13
7385 35
7386 11
7387 36
7388 16
7389 33
7390 18
7391 35
7392 27
7393 47
7394 16
7395 32
7396 21
7397 34
7398 25
7399 26
7400 19
7401 22
7402 29
7403 26
7404 28
7405 29
7406 25
7407 18
7408 27
7409 22
7410 31
7411 13
7412 30
7413 17
7414 44
7415 15
7416 40
7417 20
7418 35
7419 11
7420 47
7421 10
7422 43
7423 6
7424 56
7425 8
7426 58
7427 7
7428 51
7429 3
7430 54
7431 0
7432 44
7433 0
7434 52
7435 0
7436 52
7437 0
7438 54
7439 4
7440 48
7441 3
7442 45
7443 11
7444 51
7445 11
7446 35
7447 9
7448 37
7449 11
7450 40
7451 11
7452 37
7453 8
7454 34
7455 26
7456 29
7457 20
7458 31
7459 21
7460 23
7461 26
7462 18
7463 24
7464 31
7465 22
7466 21
7467 26
7468 17
7469 18
7470 19
7471 38
7472 12
7473 31
7474 17
7475 35
7476 17
7477 43
7478 17
7479 40
7480 11
7481 31
7482 20
7483 30
7484 9
7485 42
7486 10
7487 43
7488 8
7489 51
7490 6
7491 39
7492 3
7493 51
7494 1
7495 45
7496 0
7497 38
7498 0
7499 57
7500 3
7501 41
7502 5
7503 40
7504 6
7505 44
7506 8
7507 45
7508 6
7509 39
7510 11
7511 39
7512 19
7513 33
7514 15
7515 42
7516 22
7517 32
7518 13
7519 26
7520 19
7521 29
7522 18
7523 17
7524 22
7525 26
7526 25
7527 30
7528 33
7529 26
7530 25
7531 19
7532 21
7533 28
7534 27
7535 15
7536 35
7537 15
7538 37
7539 14
7540 40
7541 13
7542 39
7543 15
7544 35
7545 13
7546 33
7547 9
7548 48
7549 4
7550 36
7551 9
7552 38
7553 4
7554 44
7555 5
7556 49
7557 3
7558 52
7559 0
7560 62
7561 0
7562 34
7563 1
7564 37
7565 3
7566 46
7567 7
7568 43
7569 2
7570 43
7571 6
7572 44
7573 17
7574 48
7575 17
7576 34
7577 10
7578 32
7579 12
7580 21
7581 9
7582 23
7583 16
7584 33
7585 20
7586 28
7587 16
7588 25
7589 21
7590 25
7591 28
7592 21
7593 24
7594 24
7595 36
7596 14
7597 21
7598 22
7599 22
7600 29
7601 31
7602 19
7603 27
7604 19
7605 27
7606 13
7607 40
7608 9
7609 24
7610 13
7611 33
7612 11
7613 34
7614 9
7615 34
7616 4
7617 43
7618 4
7619 52
7620 4
7621 42
7622 0
7623 51
7624 0
7625 38
7626 1
7627 49
7628 2
7629 44
7630 6
7631 35
7632 4
7633 45
7634 6
7635 30
7636 11
7637 33
7638 9
7639 41
7640 9
7641 25
7642 20
7643 43
7644 12
7645 26
7646 12
7647 27
7648 20
7649 21
7650 20
7651 31
7652 15
7653 16
7654 20
7655 23
7656 17
7657 14
7658 26
7659 14
7660 24
7661 24
7662 23
7663 16
7664 36
7665 11
7666 36
7667 14
7668 26
7669 13
7670 29
7671 13
7672 35
7673 9
7674 35
7675 14
7676 35
7677 6
7678 40
7679 2
7680 32
7681 1
7682 36
7683 1
7684 41
7685 0
7686 48
7687 0
7688 35
7689 4
7690 45
7691 4
7692 37
7693 5
7694 42
7695 5
7696 36
7697 6
7698 38
7699 12
7700 34
7701 13
7702 34
7703 14
7704 25
7705 16
7706 28
7707 26
7708 32
7709 16
7710 44
7711 26
7712 35
7713 22
7714 20
7715 15
7716 20
7717 15
7718 18
7719 26
7720 21
7721 21
7722 15
7723 29
7724 26
7725 19
7726 15
7727 31
7728 12
7729 21
7730 16
7731 38
7732 14
7733 48
7734 10
7735 35
7736 8
7737 39
7738 15
7739 37
7740 9
7741 34
7742 8
7743 48
7744 2
7745 44
7746 1
7747 52
7748 0
7749 38
7750 0
7751 36
7752 3
7753 39
7754 4
7755 36
7756 7
7757 26
7758 3
7759 38
7760 7
7761 31
7762 13
7763 34
7764 15
7765 32
7766 9
7767 36
7768 10
7769 27
7770 14
7771 31
7772 12
7773 30
7774 23
7775 22
7776 17
7777 26
7778 16
7779 20
7780 26
7781 23
7782 17
7783 16
7784 23
7785 20
7786 17
7787 23
7788 25
7789 17
7790 28
7791 13
7792 29
7793 15
7794 42
7795 9
7796 36
7797 10
7798 22
7799 9
7800 33
7801 12
7802 42
7803 5
7804 22
7805 8
7806 41
7807 2
7808 40
7809 2
7810 33
7811 0
7812 35
7813 0
7814 35
7815 1
7816 37
7817 1
7818 39
7819 3
7820 44
7821 4
7822 25
7823 5
7824 44
7825 9
7826 28
7827 6
7828 25
7829 10
7830 22
7831 14
7832 33
7833 18
7834 17
7835 17
7836 25
7837 11
7838 25
7839 15
7840 15
7841 18
7842 21
7843 27
7844 25
7845 25
7846 14
7847 30
7848 19
7849 25
7850 15
7851 28
7852 17
7853 29
7854 15
7855 30
7856 7
7857 20
7858 12
7859 31
7860 6
7861 33
7862 11
7863 35
7864 7
7865 33
7866 9
7867 35
7868 3
7869 36
7870 3
7871 35
7872 2
7873 36
7874 0
7875 36
7876 0
7877 38
7878 1
7879 35
7880 2
7881 33
7882 2
7883 31
7884 5
7885 34
7886 4
7887 35
7888 14
7889 31
7890 5
7891 23
7892 10
7893 26
7894 12
7895 31
7896 9
7897 22
7898 10
7899 20
7900 24
7901 29
7902 13
7903 29
7904 17
7905 20
7906 17
7907 17
7908 24
7909 15
7910 17
7911 12
7912 19
7913 13
7914 27
7915 10
7916 22
7917 13
7918 20
7919 12
7920 27
7921 10
7922 28
7923 8
7924 23
7925 6
7926 27
7927 5
7928 33
7929 9
7930 31
7931 5
7932 40
7933 1
7934 37
7935 1
7936 26
7937 0
7938 47
7939 0
7940 42
7941 0
7942 25
7943 3
7944 53
7945 5
7946 30
7947 10
7948 33
7949 6
7950 26
7951 7
7952 32
7953 10
7954 20
7955 10
7956 22
7957 12
7958 29
7959 7
7960 24
7961 15
7962 15
7963 13
7964 26
7965 13
7966 26
7967 18
7968 14
7969 18
7970 15
7971 17
7972 13
7973 21
7974 15
7975 21
7976 22
7977 26
7978 17
7979 29
7980 17
7981 20
7982 8
7983 27
7984 10
7985 32
7986 6
7987 34
7988 9
7989 25
7990 5
7991 23
7992 3
7993 32
7994 2
7995 31
7996 1
7997 36
7998 1
7999 35
8000 0
8001 44
8002 0
8003 37
8004 2
8005 32
8006 3
8007 39
8008 3
8009 28
8010 10
8011 35
8012 3
8013 27
8014 8
8015 31
8016 9
8017 33
8018 12
8019 24
8020 10
8021 19
8022 11
8023 29
8024 17
8025 24
8026 7
8027 18
8028 9
8029 17
8030 15
8031 12
8032 20
8033 30
8034 10
8035 12
8036 16
8037 9
8038 19
8039 7
8040 18
8041 8
8042 21
8043 11
8044 30
8045 11
8046 20
8047 5
8048 25
8049 8
8050 24
8051 11
8052 28
8053 8
8054 22
8055 3
8056 33
8057 4
8058 41
8059 2
8060 34
8061 1
8062 26
8063 0
8064 37
8065 0
8066 38
8067 1
8068 33
8069 3
8070 33
8071 3
8072 25
8073 2
8074 25
8075 3
8076 28
8077 9
8078 31
8079 10
8080 31
8081 9
8082 29
8083 10
8084 32
8085 13
8086 19
8087 12
8088 21
8089 12
8090 27
8091 17
8092 16
8093 18
8094 20
8095 23
8096 20
8097 12
8098 17
8099 23
8100 16
8101 21
8102 9
8103 15
8104 15
8105 13
8106 15
8107 17
8108 12
8109 18
8110 5
8111 20
8112 8
8113 25
8114 7
8115 27
8116 2
8117 19
8118 3
8119 28
8120 7
8121 29
8122 1
8123 25
8124 2
8125 37
8126 0
8127 40
8128 0
8129 40
8130 2
8131 44
8132 2
8133 19
8134 2
8135 34
8136 9
8137 26
8138 7
8139 24
8140 1
8141 32
8142 5
8143 31
8144 6
8145 21
8146 11
8147 16
8148 9
8149 21
8150 10
8151 15
8152 8
8153 20
8154 13
8155 16
8156 7
8157 23
8158 13
8159 14
8160 19
8161 14
8162 15
8163 13
8164 12
8165 10
8166 14
8167 14
8168 18
8169 8
8170 28
8171 16
8172 25
8173 14
8174 30
8175 12
8176 20
8177 4
8178 21
8179 6
8180 22
8181 6
8182 25
8183 10
8184 34
8185 4
8186 34
8187 0
8188 31
8189 0
8190 29
8191 0
8192 22
8193 0
8194 37
8195 4
8196 21
8197 6
8198 20
8199 6
8200 25
8201 4
8202 31
8203 7
8204 21
8205 8
8206 24
8207 5
8208 23
8209 7
8210 27
8211 10
8212 11
8213 10
8214 24
8215 13
8216 14
8217 12
8218 10
8219 12
8220 16
8221 15
8222 14
8223 19
8224 13
8225 19
8226 9
8227 11
8228 12
8229 12
8230 5
8231 11
8232 11
8233 25
8234 8
8235 23
8236 7
8237 20
8238 10
8239 28
8240 10
8241 19
8242 5
8243 22
8244 7
8245 24
8246 7
8247 30
8248 3
8249 39
8250 0
8251 29
8252 0
8253 36
8254 0
8255 35
8256 0
8257 24
8258 2
8259 30
8260 4
8261 31
8262 4
8263 29
8264 5
8265 20
8266 6
8267 24
8268 6
8269 24
8270 6
8271 26
8272 13
8273 17
8274 15
8275 18
8276 15
8277 20
8278 11
8279 16
8280 8
8281 15
8282 14
8283 16
8284 16
8285 13
8286 10
8287 16
8288 22
8289 10
8290 21
8291 14
8292 22
8293 12
8294 22
8295 8
8296 21
8297 5
8298 21
8299 9
8300 25
8301 6
8302 23
8303 9
8304 22
8305 9
8306 20
8307 3
8308 26
8309 1
8310 26
8311 2
8312 26
8313 0
8314 22
8315 0
8316 33
8317 0
8318 24
8319 1
8320 31
8321 4
8322 18
8323 4
8324 29
8325 3
8326 16
8327 7
8328 26
8329 8
8330 23
8331 4
8332 16
8333 10
8334 25
8335 14
8336 17
8337 19
8338 16
8339 12
8340 13
8341 12
8342 17
8343 16
8344 18
8345 9
8346 11
8347 23
8348 16
8349 14
8350 12
8351 20
8352 10
8353 16
8354 15
8355 14
8356 9
8357 20
8358 13
8359 15
8360 8
8361 15
8362 7
8363 21
8364 5
8365 26
8366 3
8367 20
8368 8
8369 21
8370 4
8371 21
8372 0
8373 25
8374 1
8375 27
8376 0
8377 35
8378 0
8379 37
8380 0
8381 21
8382 1
8383 21
8384 3
8385 14
8386 3
8387 20
8388 7
8389 24
8390 6
8391 23
8392 7
8393 28
8394 9
8395 25
8396 5
8397 16
8398 11
8399 20
8400 8
8401 17
8402 11
8403 17
8404 8
8405 15
8406 14
8407 14
8408 8
8409 8
8410 16
8411 14
8412 13
8413 11
8414 15
8415 10
8416 22
8417 8
8418 15
8419 15
8420 14
8421 11
8422 20
8423 8
8424 15
8425 4
8426 29
8427 8
8428 20
8429 10
8430 18
8431 2
8432 23
8433 9
8434 22
8435 1
8436 26
8437 0
8438 24
8439 2
8440 21
8441 0
8442 31
8443 0
8444 30
8445 1
8446 35
8447 1
8448 18
8449 6
8450 40
8451 2
8452 15
8453 4
8454 20
8455 5
8456 22
8457 6
8458 18
8459 4
8460 19
8461 7
8462 21
8463 16
8464 22
8465 11
8466 20
8467 18
8468 11
8469 13
8470 23
8471 13
8472 11
8473 8
8474 18
8475 20
8476 12
8477 10
8478 12
8479 16
8480 18
8481 17
8482 9
8483 15
8484 10
8485 21
8486 13
8487 21
8488 8
8489 23
8490 10
8491 20
8492 12
8493 24
8494 5
8495 19
8496 1
8497 25
8498 6
8499 30
8500 2
8501 30
8502 2
8503 38
8504 0
8505 34
8506 0
8507 42
8508 2
8509 33
8510 3
8511 22
8512 0
8513 23
8514 1
8515 17
8516 1
8517 13
8518 6
8519 26
8520 9
8521 17
8522 7
8523 22
8524 8
8525 19
8526 10
8527 19
8528 9
8529 14
8530 16
8531 19
8532 14
8533 14
8534 8
8535 9
8536 14
8537 9
8538 18
8539 15
8540 10
8541 7
8542 9
8543 12
8544 20
8545 10
8546 22
8547 8
8548 27
8549 9
8550 24
8551 10
8552 17
8553 9
8554 19
8555 6
8556 22
8557 1
8558 27
8559 6
8560 27
8561 2
8562 25
8563 1
8564 22
8565 1
8566 25
8567 0
8568 20
8569 0
8570 23
8571 0
8572 30
8573 3
8574 26
8575 4
8576 23
8577 3
8578 15
8579 2
8580 31
8581 4
8582 18
8583 8
8584 21
8585 3
8586 21
8587 8
8588 20
8589 11
8590 19
8591 13
8592 21
8593 6
8594 21
8595 14
8596 22
8597 18
8598 19
8599 14
8600 21
8601 24
8602 13
8603 15
8604 9
8605 17
8606 13
8607 21
8608 11
8609 21
8610 14
8611 14
8612 6
8613 27
8614 7
8615 22
8616 6
8617 17
8618 5
8619 16
8620 5
8621 25
8622 3
8623 23
8624 0
8625 21
8626 3
8627 28
8628 2
8629 31
8630 0
8631 34
8632 0
8633 48
8634 0
8635 22
8636 3
8637 28
8638 3
8639 22
8640 2
8641 22
8642 7
8643 25
8644 7
8645 19
8646 9
8647 12
8648 10
8649 16
8650 14
8651 18
8652 8
8653 20
8654 10
8655 26
8656 8
8657 14
8658 19
8659 15
8660 15
8661 21
8662 14
8663 11
8664 17
8665 19
8666 17
8667 12
8668 10
8669 13
8670 16
8671 11
8672 15
8673 8
8674 25
8675 10
8676 23
8677 5
8678 16
8679 3
8680 20
8681 5
8682 27
8683 3
8684 32
8685 6
8686 28
8687 1
8688 33
8689 2
8690 38
8691 1
8692 30
8693 0
8694 31
8695 0
8696 33
8697 2
8698 25
8699 1
8700 27
8701 5
8702 23
8703 2
8704 42
8705 3
8706 23
8707 10
8708 24
8709 7
8710 25
8711 9
8712 24
8713 15
8714 22
8715 11
8716 14
8717 10
8718 14
8719 7
8720 19
8721 14
8722 21
8723 17
8724 13
8725 19
8726 19
8727 17
8728 20
8729 18
8730 15
8731 21
8732 16
8733 19
8734 14
8735 25
8736 15
8737 22
8738 5
8739 27
8740 10
8741 25
8742 7
8743 27
8744 12
8745 29
8746 5
8747 24
8748 6
8749 30
8750 2
8751 33
8752 2
8753 36
8754 2
8755 28
8756 0
8757 44
8758 0
8759 25
8760 2
8761 28
8762 1
8763 37
8764 4
8765 29
8766 9
8767 39
8768 11
8769 31
8770 9
8771 29
8772 6
8773 32
8774 14
8775 22
8776 7
8777 23
8778 11
8779 20
8780 15
8781 24
8782 9
8783 14
8784 20
8785 21
8786 19
8787 16
8788 23
8789 17
8790 16
8791 21
8792 13
8793 21
8794 24
8795 12
8796 22
8797 10
8798 20
8799 10
8800 15
8801 10
8802 18
8803 7
8804 25
8805 8
8806 25
8807 6
8808 27
8809 8
8810 23
8811 4
8812 33
8813 6
8814 36
8815 5
8816 33
8817 2
8818 35
8819 0
8820 39
8821 0
8822 37
8823 1
8824 32
8825 5
8826 20
8827 0
8828 29
8829 6
8830 42
8831 4
8832 40
8833 9
8834 25
8835 5
8836 28
8837 12
8838 20
8839 11
8840 18
8841 17
8842 25
8843 14
8844 28
8845 9
8846 20
8847 20
8848 18
8849 14
8850 22
8851 18
8852 28
8853 21
8854 17
8855 33
8856 13
8857 26
8858 12
8859 26
8860 13
8861 22
8862 10
8863 30
8864 16
8865 33
8866 6
8867 35
8868 5
8869 27
8870 5
8871 28
8872 4
8873 37
8874 7
8875 28
8876 5
8877 36
8878 4
8879 42
8880 2
8881 31
8882 0
8883 34
8884 0
8885 44
8886 1
8887 41
8888 4
8889 34
8890 2
8891 29
8892 6
8893 36
8894 7
8895 30
8896 10
8897 29
8898 8
8899 32
8900 9
8901 37
8902 13
8903 21
8904 14
8905 18
8906 18
8907 32
8908 18
8909 19
8910 21
8911 24
8912 15
8913 14
8914 23
8915 23
8916 24
8917 11
8918 15
8919 20
8920 19
8921 21
8922 22
8923 18
8924 38
8925 14
8926 29
8927 18
8928 32
8929 11
8930 27
8931 17
8932 29
8933 3
8934 36
8935 10
8936 35
8937 5
8938 31
8939 4
8940 31
8941 3
8942 56
8943 1
8944 45
8945 0
8946 35
8947 0
8948 40
8949 2
8950 33
8951 10
8952 42
8953 3
8954 28
8955 6
8956 31
8957 6
8958 32
8959 8
8960 31
8961 14
8962 21
8963 11
8964 36
8965 20
8966 24
8967 15
8968 27
8969 18
8970 27
8971 18
8972 22
8973 17
8974 24
8975 22
8976 13
8977 17
8978 15
8979 20
8980 19
8981 20
8982 24
8983 26
8984 19
8985 24
8986 14
8987 22
8988 12
8989 32
8990 11
8991 30
8992 14
8993 25
8994 11
8995 46
8996 12
8997 43
8998 3
8999 38
9000 7
9001 49
9002 4
9003 44
9004 3
9005 42
9006 2
9007 50
9008 0
9009 46
9010 0
9011 45
9012 3
9013 43
9014 4
9015 38
9016 4
9017 48
9018 6
9019 41
9020 7
9021 38
9022 13
9023 29
9024 9
9025 30
9026 11
9027 34
9028 16
9029 32
9030 15
9031 26
9032 17
9033 26
9034 15
9035 21
9036 18
9037 28
9038 16
9039 19
9040 22
9041 19
9042 30
9043 21
9044 21
9045 19
9046 32
9047 17
9048 31
9049 20
9050 30
9051 17
9052 36
9053 11
9054 22
9055 12
9056 34
9057 11
9058 37
9059 14
9060 44
9061 5
9062 45
9063 13
9064 48
9065 5
9066 38
9067 5
9068 47
9069 3
9070 49
9071 0
9072 40
9073 0
9074 48
9075 2
9076 41
9077 3
9078 29
9079 4
9080 43
9081 8
9082 33
9083 13
9084 41
9085 12
9086 46
9087 12
9088 37
9089 11
9090 36
9091 12
9092 36
9093 16
9094 39
9095 21
9096 27
9097 19
9098 32
9099 24
9100 28
9101 23
9102 21
9103 31
9104 18
9105 25
9106 21
9107 39
9108 18
9109 25
9110 16
9111 35
9112 23
9113 27
9114 18
9115 42
9116 12
9117 39
9118 15
9119 35
9120 11
9121 38
9122 18
9123 43
9124 6
9125 42
9126 6
9127 52
9128 7
9129 41
9130 2
9131 52
9132 2
9133 74
9134 0
9135 54
9136 0
9137 47
9138 1
9139 47
9140 7
9141 38
9142 5
9143 37
9144 7
9145 37
9146 11
9147 46
9148 7
9149 46
9150 10
9151 41
9152 16
9153 47
9154 15
9155 44
9156 19
9157 30
9158 21
9159 28
9160 16
9161 35
9162 18
9163 32
9164 16
9165 23
9166 23
9167 33
9168 20
9169 35
9170 25
9171 23
9172 35
9173 17
9174 37
9175 19
9176 30
9177 18
9178 28
9179 21
9180 34
9181 14
9182 49
9183 17
9184 45
9185 7
9186 36
9187 12
9188 50
9189 8
9190 48
9191 11
9192 51
9193 2
9194 50
9195 1
9196 61
9197 0
9198 62
9199 0
9200 48
9201 5
9202 50
9203 6
9204 57
9205 7
9206 36
9207 10
9208 46
9209 15
9210 46
9211 10
9212 54
9213 19
9214 44
9215 12
9216 28
9217 14
9218 46
9219 12
9220 32
9221 22
9222 31
9223 21
9224 39
9225 22
9226 35
9227 26
9228 29
9229 25
9230 36
9231 44
9232 24
9233 29
9234 19
9235 32
9236 29
9237 49
9238 17
9239 36
9240 20
9241 35
9242 21
9243 50
9244 11
9245 41
9246 15
9247 44
9248 21
9249 53
9250 9
9251 52
9252 9
9253 36
9254 7
9255 62
9256 5
9257 46
9258 1
9259 62
9260 0
9261 63
9262 0
9263 53
9264 4
9265 67
9266 5
9267 61
9268 4
9269 55
9270 12
9271 51
9272 11
9273 43
9274 8
9275 36
9276 14
9277 44
9278 15
9279 37
9280 16
9281 43
9282 22
9283 52
9284 22
9285 27
9286 23
9287 35
9288 26
9289 36
9290 33
9291 29
9292 33
9293 28
9294 32
9295 29
9296 39
9297 25
9298 45
9299 16
9300 46
9301 26
9302 40
9303 18
9304 47
9305 18
9306 51
9307 9
9308 45
9309 14
9310 39
9311 12
9312 49
9313 11
9314 50
9315 7
9316 54
9317 5
9318 51
9319 6
9320 57
9321 4
9322 63
9323 0
9324 64
9325 0
9326 59
9327 5
9328 67
9329 6
9330 50
9331 10
9332 46
9333 11
9334 51
9335 14
9336 51
9337 15
9338 42
9339 10
9340 44
9341 15
9342 50
9343 18
9344 39
9345 22
9346 44
9347 35
9348 38
9349 31
9350 34
9351 26
9352 34
9353 19
9354 32
9355 27
9356 29
9357 39
9358 24
9359 31
9360 22
9361 34
9362 25
9363 56
9364 19
9365 38
9366 21
9367 43
9368 18
9369 42
9370 6
9371 40
9372 12
9373 57
9374 14
9375 56
9376 12
9377 39
9378 5
9379 48
9380 6
9381 57
9382 2
9383 50
9384 3
9385 56
9386 0
9387 59
9388 0
9389 64
9390 3
9391 60
9392 2
9393 60
9394 10
9395 54
9396 5
9397 63
9398 12
9399 60
9400 16
9401 57
9402 18
9403 49
9404 14
9405 47
9406 22
9407 36
9408 22
9409 40
9410 27
9411 36
9412 33
9413 46
9414 32
9415 26
9416 30
9417 28
9418 27
9419 23
9420 31
9421 30
9422 34
9423 25
9424 43
9425 25
9426 46
9427 20
9428 46
9429 15
9430 59
9431 15
9432 49
9433 11
9434 36
9435 12
9436 47
9437 14
9438 65
9439 16
9440 49
9441 12
9442 70
9443 8
9444 70
9445 5
9446 61
9447 3
9448 68
9449 0
9450 75
9451 0
9452 56
9453 4
9454 50
9455 2
9456 64
9457 10
9458 64
9459 11
9460 65
9461 22
9462 56
9463 10
9464 54
9465 15
9466 44
9467 17
9468 38
9469 20
9470 53
9471 19
9472 43
9473 23
9474 51
9475 28
9476 44
9477 36
9478 36
9479 43
9480 41
9481 29
9482 33
9483 37
9484 32
9485 42
9486 28
9487 39
9488 40
9489 39
9490 25
9491 54
9492 16
9493 47
9494 18
9495 54
9496 13
9497 38
9498 20
9499 42
9500 11
9501 64
9502 16
9503 58
9504 9
9505 50
9506 12
9507 63
9508 2
9509 63
9510 4
9511 66
9512 0
9513 88
9514 0
9515 62
9516 5
9517 53
9518 8
9519 59
9520 7
9521 66
9522 10
9523 60
9524 13
9525 51
9526 19
9527 58
9528 13
9529 41
9530 12
9531 41
9532 25
9533 43
9534 22
9535 33
9536 32
9537 41
9538 22
9539 36
9540 32
9541 45
9542 35
9543 38
9544 40
9545 35
9546 32
9547 32
9548 41
9549 34
9550 44
9551 24
9552 48
9553 14
9554 40
9555 21
9556 50
9557 15
9558 54
9559 20
9560 46
9561 14
9562 54
9563 14
9564 59
9565 16
9566 57
9567 12
9568 53
9569 11
9570 66
9571 6
9572 48
9573 2
9574 75
9575 0
9576 72
9577 0
9578 68
9579 3
9580 76
9581 9
9582 63
9583 10
9584 54
9585 13
9586 67
9587 13
9588 56
9589 16
9590 59
9591 19
9592 53
9593 19
9594 57
9595 14
9596 33
9597 24
9598 41
9599 24
9600 45
9601 36
9602 24
9603 31
9604 25
9605 29
9606 42
9607 29
9608 48
9609 34
9610 29
9611 37
9612 28
9613 35
9614 29
9615 42
9616 25
9617 40
9618 18
9619 43
9620 16
9621 50
9622 13
9623 57
9624 8
9625 49
9626 14
9627 57
9628 9
9629 68
9630 7
9631 55
9632 11
9633 71
9634 5
9635 72
9636 3
9637 66
9638 0
9639 70
9640 0
9641 72
9642 2
9643 61
9644 9
9645 69
9646 11
9647 54
9648 7
9649 56
9650 26
9651 62
9652 19
9653 52
9654 15
9655 60
9656 16
9657 47
9658 23
9659 42
9660 21
9661 44
9662 30
9663 49
9664 20
9665 38
9666 24
9667 42
9668 35
9669 28
9670 52
9671 21
9672 35
9673 28
9674 35
9675 33
9676 39
9677 33
9678 49
9679 23
9680 36
9681 23
9682 63
9683 17
9684 67
9685 23
9686 52
9687 13
9688 57
9689 11
9690 55
9691 9
9692 59
9693 7
9694 57
9695 10
9696 85
9697 5
9698 82
9699 3
9700 76
9701 0
9702 70
9703 0
9704 73
9705 3
9706 53
9707 5
9708 64
9709 10
9710 62
9711 13
9712 71
9713 11
9714 66
9715 19
9716 60
9717 15
9718 61
9719 21
9720 49
9721 23
9722 47
9723 25
9724 52
9725 20
9726 46
9727 31
9728 32
9729 35
9730 33
9731 32
9732 36
9733 35
9734 38
9735 39
9736 34
9737 61
9738 26
9739 48
9740 30
9741 46
9742 26
9743 51
9744 26
9745 46
9746 24
9747 51
9748 19
9749 50
9750 22
9751 67
9752 11
9753 68
9754 9
9755 64
9756 11
9757 53
9758 6
9759 71
9760 5
9761 55
9762 2
9763 60
9764 0
9765 69
9766 0
9767 57
9768 3
9769 57
9770 4
9771 63
9772 6
9773 49
9774 10
9775 56
9776 6
9777 40
9778 17
9779 50
9780 13
9781 61
9782 16
9783 48
9784 19
9785 46
9786 23
9787 51
9788 21
9789 37
9790 29
9791 44
9792 28
9793 34
9794 34
9795 33
9796 35
9797 33
9798 49
9799 28
9800 54
9801 26
9802 46
9803 22
9804 41
9805 17
9806 49
9807 6
9808 41
9809 24
9810 48
9811 19
9812 44
9813 11
9814 69
9815 16
9816 55
9817 7
9818 61
9819 8
9820 71
9821 6
9822 62
9823 3
9824 69
9825 4
9826 78
9827 0
9828 76
9829 0
9830 90
9831 4
9832 60
9833 5
9834 58
9835 15
9836 59
9837 10
9838 62
9839 20
9840 56
9841 18
9842 48
9843 21
9844 43
9845 20
9846 48
9847 27
9848 50
9849 26
9850 56
9851 38
9852 41
9853 29
9854 37
9855 36
9856 39
9857 39
9858 28
9859 40
9860 40
9861 36
9862 42
9863 37
9864 21
9865 40
9866 31
9867 47
9868 30
9869 31
9870 27
9871 63
9872 25
9873 40
9874 13
9875 58
9876 19
9877 49
9878 14
9879 67
9880 9
9881 69
9882 11
9883 60
9884 11
9885 62
9886 5
9887 52
9888 3
9889 64
9890 0
9891 73
9892 0
9893 67
9894 5
9895 64
9896 6
9897 71
9898 15
9899 72
9900 17
9901 54
9902 13
9903 62
9904 20
9905 56
9906 15
9907 58
9908 20
9909 51
9910 23
9911 49
9912 28
9913 42
9914 28
9915 34
9916 35
9917 33
9918 40
9919 32
9920 37
9921 35
9922 41
9923 28
9924 40
9925 37
9926 49
9927 32
9928 39
9929 23
9930 42
9931 28
9932 65
9933 18
9934 42
9935 17
9936 50
9937 16
9938 56
9939 16
9940 66
9941 14
9942 73
9943 5
9944 69
9945 9
9946 65
9947 6
9948 56
9949 4
9950 56
9951 2
9952 70
9953 0
9954 72
9955 0
9956 55
9957 4
9958 61
9959 12
9960 67
9961 13
9962 55
9963 12
9964 57
9965 16
9966 48
9967 34
9968 50
9969 17
9970 57
9971 13
9972 47
9973 21
9974 40
9975 23
9976 40
9977 27
9978 45
9979 36
9980 41
9981 47
9982 29
9983 28
9984 35
9985 47
9986 40
9987 43
9988 27
9989 45
9990 34
9991 41
9992 20
9993 45
9994 23
9995 47
9996 27
9997 57
9998 18
9999 51
10000 11
10001 58
10002 10
10003 62
10004 18
10005 70
10006 9
10007 56
10008 11
10009 70
10010 7
10011 64
10012 7
10013 59
10014 1
10015 79
10016 0
10017 72
10018 0
10019 60
10020 3
10021 65
10022 6
10023 68
10024 8
10025 69
10026 17
10027 66
10028 16
10029 46
10030 27
10031 61
10032 18
10033 46
10034 27
10035 54
10036 28
10037 41
10038 28
10039 48
10040 33
10041 39
10042 40
10043 42
10044 33
10045 32
10046 34
10047 31
10048 39
10049 27
10050 37
10051 28
10052 38
10053 31
10054 46
10055 26
10056 38
10057 28
10058 47
10059 16
10060 57
10061 16
10062 48
10063 26
10064 64
10065 12
10066 71
10067 21
10068 41
10069 12
10070 69
10071 6
10072 65
10073 8
10074 67
10075 5
10076 66
10077 2
10078 57
10079 0
10080 93
10081 0
10082 86
10083 5
10084 68
10085 6
10086 52
10087 19
10088 69
10089 16
10090 59
10091 13
10092 42
10093 16
10094 49
10095 23
10096 49
10097 21
10098 43
10099 21
10100 46
10101 25
10102 53
10103 33
10104 32
10105 32
10106 47
10107 40
10108 30
10109 39
10110 30
10111 42
10112 28
10113 37
10114 25
10115 46
10116 22
10117 43
10118 27
10119 47
10120 28
10121 51
10122 24
10123 44
10124 11
10125 66
10126 14
10127 49
10128 13
10129 58
10130 11
10131 48
10132 8
10133 66
10134 8
10135 57
10136 5
10137 69
10138 4
10139 62
10140 1
10141 65
10142 0
10143 74
10144 0
10145 86
10146 4
10147 80
10148 14
10149 63
10150 10
10151 54
10152 20
10153 61
10154 16
10155 60
10156 17
10157 72
10158 31
10159 54
10160 24
10161 42
10162 25
10163 48
10164 28
10165 48
10166 29
10167 35
10168 35
10169 40
10170 26
10171 32
10172 33
10173 36
10174 33
10175 34
10176 35
10177 30
10178 46
10179 40
10180 43
10181 17
10182 42
10183 30
10184 48
10185 20
10186 48
10187 18
10188 57
10189 12
10190 52
10191 10
10192 53
10193 14
10194 71
10195 15
10196 70
10197 17
10198 56
10199 3
10200 61
10201 6
10202 76
10203 2
10204 90
10205 0
10206 76
10207 0
10208 89
10209 3
10210 84
10211 8
10212 58
10213 5
10214 56
10215 12
10216 57
10217 18
10218 58
10219 19
10220 35
10221 24
10222 59
10223 24
10224 46
10225 23
10226 45
10227 28
10228 31
10229 35
10230 49
10231 32
10232 37
10233 46
10234 32
10235 35
10236 29
10237 37
10238 36
10239 50
10240 22
10241 42
10242 25
10243 34
10244 18
10245 48
10246 18
10247 56
10248 25
10249 60
10250 20
10251 53
10252 14
10253 63
10254 20
10255 52
10256 14
10257 57
10258 15
10259 63
10260 8
10261 60
10262 6
10263 81
10264 1
10265 79
10266 2
10267 76
10268 0
10269 82
10270 0
10271 77
10272 4
10273 54
10274 7
10275 63
10276 13
10277 56
10278 19
10279 68
10280 20
10281 64
10282 26
10283 59
10284 21
10285 57
10286 24
10287 55
10288 38
10289 33
10290 35
10291 43
10292 41
10293 32
10294 38
10295 31
10296 41
10297 35
10298 40
10299 34
10300 38
10301 41
10302 45
10303 32
10304 42
10305 31
10306 42
10307 27
10308 45
10309 21
10310 46
10311 21
10312 55
10313 13
10314 58
10315 24
10316 56
10317 16
10318 59
10319 12
10320 53
10321 10
10322 70
10323 10
10324 68
10325 12
10326 67
10327 5
10328 69
10329 2
10330 62
10331 0
10332 79
10333 0
10334 61
10335 9
10336 76
10337 10
10338 78
10339 12
10340 73
10341 23
10342 63
10343 16
10344 56
10345 11
10346 66
10347 24
10348 42
10349 27
10350 41
10351 31
10352 46
10353 26
10354 36
10355 47
10356 45
10357 37
10358 40
10359 43
10360 27
10361 45
10362 31
10363 48
10364 29
10365 49
10366 27
10367 41
10368 29
10369 48
10370 23
10371 58
10372 23
10373 41
10374 28
10375 69
10376 24
10377 55
10378 22
10379 69
10380 17
10381 64
10382 24
10383 56
10384 6
10385 69
10386 10
10387 79
10388 8
10389 83
10390 6
10391 74
10392 1
10393 73
10394 0
10395 74
10396 0
10397 83
10398 4
10399 53
10400 13
10401 65
10402 16
10403 83
10404 22
10405 54
10406 18
10407 50
10408 19
10409 68
10410 24
10411 48
10412 29
10413 46
10414 32
10415 47
10416 24
10417 41
10418 34
10419 38
10420 29
10421 41
10422 42
10423 26
10424 38
10425 49
10426 53
10427 30
10428 53
10429 34
10430 49
10431 30
10432 66
10433 32
10434 53
10435 20
10436 49
10437 23
10438 60
10439 14
10440 62
10441 20
10442 63
10443 15
10444 65
10445 16
10446 80
10447 17
10448 60
10449 15
10450 55
10451 6
10452 84
10453 8
10454 81
10455 1
10456 94
10457 0
10458 73
10459 0
10460 59
10461 6
10462 72
10463 11
10464 80
10465 14
10466 63
10467 12
10468 64
10469 20
10470 78
10471 24
10472 59
10473 25
10474 59
10475 23
10476 58
10477 27
10478 41
10479 25
10480 48
10481 40
10482 46
10483 38
10484 43
10485 41
10486 40
10487 49
10488 41
10489 42
10490 38
10491 47
10492 37
10493 57
10494 29
10495 61
10496 42
10497 43
10498 27
10499 57
10500 20
10501 66
10502 23
10503 71
10504 17
10505 69
10506 16
10507 82
10508 15
10509 70
10510 17
10511 76
10512 10
10513 51
10514 6
10515 71
10516 5
10517 78
10518 3
10519 82
10520 0
10521 100
10522 0
10523 82
10524 6
10525 77
10526 11
10527 52
10528 21
10529 84
10530 22
10531 72
10532 39
10533 58
10534 16
10535 60
10536 16
10537 52
10538 28
10539 51
10540 42
10541 72
10542 26
10543 52
10544 36
10545 42
10546 44
10547 35
10548 60
10549 52
10550 48
10551 37
10552 51
10553 50
10554 57
10555 38
10556 59
10557 36
10558 55
10559 39
10560 67
10561 21
10562 71
10563 20
10564 65
10565 25
10566 59
10567 26
10568 72
10569 18
10570 71
10571 13
10572 91
10573 15
10574 74
10575 12
10576 86
10577 9
10578 74
10579 5
10580 86
10581 0
10582 80
10583 0
10584 97
10585 0
10586 80
10587 5
10588 97
10589 13
10590 68
10591 17
10592 73
10593 23
10594 58
10595 24
10596 67
10597 27
10598 65
10599 35
10600 52
10601 36
10602 59
10603 30
10604 54
10605 44
10606 54
10607 44
10608 69
10609 39
10610 55
10611 39
10612 45
10613 58
10614 40
10615 41
10616 26
10617 65
10618 35
10619 54
10620 36
10621 69
10622 33
10623 65
10624 32
10625 76
10626 27
10627 77
10628 23
10629 71
10630 23
10631 83
10632 11
10633 86
10634 20
10635 81
10636 20
10637 81
10638 9
10639 81
10640 16
10641 78
10642 10
10643 76
10644 7
10645 74
10646 0
10647 86
10648 0
10649 99
10650 6
10651 85
10652 11
10653 110
10654 21
10655 80
10656 27
10657 86
10658 21
10659 72
10660 28
10661 69
10662 27
10663 61
10664 28
10665 59
10666 35
10667 72
10668 39
10669 67
10670 53
10671 63
10672 53
10673 57
10674 64
10675 40
10676 52
10677 66
10678 51
10679 48
10680 81
10681 47
10682 66
10683 37
10684 74
10685 31
10686 76
10687 27
10688 77
10689 30
10690 75
10691 26
10692 69
10693 27
10694 77
10695 26
10696 85
10697 19
10698 83
10699 13
10700 88
10701 17
10702 84
10703 10
10704 80
10705 10
10706 117
10707 3
10708 96
10709 0
10710 116
10711 0
10712 84
10713 6
10714 107
10715 15
10716 92
10717 25
10718 78
10719 24
10720 91
10721 24
10722 78
10723 41
10724 66
10725 30
10726 55
10727 35
10728 64
10729 44
10730 65
10731 49
10732 57
10733 45
10734 55
10735 41
10736 44
10737 54
10738 46
10739 63
10740 60
10741 55
10742 43
10743 68
10744 46
10745 70
10746 45
10747 71
10748 37
10749 76
10750 42
10751 62
10752 29
10753 75
10754 30
10755 77
10756 25
10757 81
10758 19
10759 95
10760 24
10761 91
10762 19
10763 100
10764 17
10765 98
10766 9
10767 117
10768 3
10769 115
10770 2
10771 92
10772 0
10773 100
10774 0
10775 126
10776 3
10777 103
10778 14
10779 109
10780 21
10781 106
10782 18
10783 102
10784 26
10785 75
10786 40
10787 77
10788 50
10789 65
10790 42
10791 89
10792 52
10793 48
10794 46
10795 71
10796 48
10797 52
10798 55
10799 47
10800 64
10801 58
10802 59
10803 42
10804 66
10805 49
10806 62
10807 46
10808 65
10809 36
10810 85
10811 40
10812 93
10813 38
10814 71
10815 30
10816 98
10817 30
10818 99
10819 22
10820 85
10821 19
10822 120
10823 28
10824 83
10825 15
10826 110
10827 13
10828 99
10829 12
10830 107
10831 8
10832 105
10833 6
10834 123
10835 0
10836 111
10837 0
10838 108
10839 16
10840 103
10841 21
10842 95
10843 16
10844 92
10845 31
10846 77
10847 28
10848 90
10849 37
10850 93
10851 44
10852 82
10853 34
10854 69
10855 44
10856 73
10857 48
10858 66
10859 53
10860 52
10861 55
10862 52
10863 54
10864 50
10865 52
10866 55
10867 68
10868 51
10869 53
10870 49
10871 90
10872 39
10873 74
10874 47
10875 73
10876 35
10877 77
10878 18
10879 98
10880 37
10881 96
10882 26
10883 84
10884 26
10885 88
10886 16
10887 111
10888 13
10889 103
10890 20
10891 117
10892 9
10893 121
10894 10
10895 133
10896 7
10897 119
10898 0
10899 124
10900 0
10901 142
10902 12
10903 107
10904 10
10905 104
10906 27
10907 95
10908 31
10909 95
10910 30
10911 88
10912 32
10913 73
10914 51
10915 61
10916 42
10917 75
10918 46
10919 69
10920 50
10921 74
10922 48
10923 67
10924 47
10925 49
10926 67
10927 64
10928 69
10929 49
10930 59
10931 48
10932 61
10933 41
10934 77
10935 36
10936 77
10937 30
10938 87
10939 35
10940 95
10941 40
10942 96
10943 28
10944 80
10945 32
10946 98
10947 29
10948 96
10949 24
10950 98
10951 13
10952 100
10953 10
10954 108
10955 13
10956 109
10957 11
10958 117
10959 8
10960 129
10961 0
10962 127
10963 0
10964 96
10965 12
10966 124
10967 13
10968 98
10969 29
10970 103
10971 31
10972 76
10973 36
10974 78
10975 25
10976 90
10977 45
10978 74
10979 41
10980 73
10981 56
10982 57
10983 40
10984 59
10985 52
10986 58
10987 72
10988 74
10989 63
10990 67
10991 59
10992 59
10993 74
10994 45
10995 70
10996 49
10997 86
10998 45
10999 77
11000 40
11001 76
11002 34
11003 86
11004 33
11005 102
11006 39
11007 98
11008 24
11009 89
11010 22
11011 86
11012 14
11013 100
11014 14
11015 100
11016 11
11017 88
11018 5
11019 127
11020 3
11021 123
11022 10
11023 111
11024 0
11025 122
11026 0
11027 112
11028 11
11029 108
11030 20
11031 96
11032 27
11033 99
11034 31
11035 96
11036 29
11037 73
11038 33
11039 74
11040 35
11041 82
11042 44
11043 84
11044 47
11045 69
11046 49
11047 57
11048 68
11049 47
11050 64
11051 52
11052 58
11053 58
11054 76
11055 47
11056 82
11057 45
11058 72
11059 40
11060 86
11061 35
11062 81
11063 40
11064 76
11065 32
11066 79
11067 33
11068 125
11069 31
11070 92
11071 34
11072 86
11073 24
11074 81
11075 24
11076 95
11077 12
11078 92
11079 21
11080 114
11081 11
11082 120
11083 9
11084 112
11085 7
11086 122
11087 0
11088 111
11089 0
11090 98
11091 14
11092 103
11093 24
11094 90
11095 18
11096 101
11097 45
11098 80
11099 30
11100 66
11101 43
11102 76
11103 42
11104 93
11105 41
11106 69
11107 44
11108 70
11109 52
11110 77
11111 67
11112 44
11113 59
11114 72
11115 64
11116 50
11117 52
11118 52
11119 79
11120 40
11121 66
11122 39
11123 70
11124 48
11125 90
11126 53
11127 93
11128 38
11129 93
11130 24
11131 86
11132 37
11133 80
11134 34
11135 100
11136 18
11137 101
11138 21
11139 104
11140 19
11141 99
11142 14
11143 113
11144 16
11145 93
11146 5
11147 108
11148 8
11149 129
11150 0
11151 115
11152 0
11153 109
11154 12
11155 84
11156 14
11157 107
11158 22
11159 86
11160 26
11161 84
11162 34
11163 76
11164 22
11165 60
11166 33
11167 63
11168 37
11169 71
11170 55
11171 76
11172 49
11173 60
11174 56
11175 49
11176 57
11177 40
11178 65
11179 48
11180 66
11181 48
11182 81
11183 41
11184 87
11185 37
11186 69
11187 41
11188 66
11189 47
11190 97
11191 33
11192 90
11193 29
11194 88
11195 27
11196 102
11197 28
11198 86
11199 21
11200 90
11201 16
11202 106
11203 28
11204 88
11205 15
11206 104
11207 19
11208 110
11209 7
11210 113
11211 6
11212 121
11213 0
11214 114
11215 0
11216 107
11217 15
11218 110
11219 14
11220 105
11221 26
11222 88
11223 20
11224 99
11225 30
11226 77
11227 43
11228 75
11229 42
11230 77
11231 34
11232 88
11233 55
11234 60
11235 46
11236 78
11237 57
11238 68
11239 49
11240 62
11241 46
11242 69
11243 68
11244 45
11245 66
11246 54
11247 79
11248 36
11249 77
11250 48
11251 79
11252 33
11253 91
11254 52
11255 79
11256 37
11257 85
11258 34
11259 98
11260 24
11261 91
11262 26
11263 77
11264 23
11265 93
11266 10
11267 110
11268 18
11269 100
11270 15
11271 103
11272 6
11273 98
11274 8
11275 104
11276 0
11277 127
11278 0
11279 102
11280 8
11281 106
11282 13
11283 113
11284 17
11285 82
11286 29
11287 93
11288 32
11289 75
11290 39
11291 72
11292 30
11293 68
11294 33
11295 76
11296 47
11297 70
11298 48
11299 69
11300 54
11301 71
11302 55
11303 61
11304 59
11305 47
11306 61
11307 51
11308 57
11309 48
11310 66
11311 37
11312 63
11313 41
11314 62
11315 41
11316 72
11317 30
11318 80
11319 38
11320 112
11321 33
11322 83
11323 23
11324 89
11325 21
11326 80
11327 19
11328 87
11329 18
11330 99
11331 12
11332 65
11333 13
11334 94
11335 4
11336 107
11337 4
11338 96
11339 0
11340 110
11341 0
11342 111
11343 9
11344 99
11345 10
11346 81
11347 27
11348 87
11349 28
11350 81
11351 24
11352 80
11353 36
11354 79
11355 36
11356 72
11357 46
11358 80
11359 40
11360 57
11361 47
11362 69
11363 52
11364 56
11365 51
11366 46
11367 56
11368 65
11369 63
11370 59
11371 59
11372 45
11373 65
11374 37
11375 69
11376 41
11377 60
11378 38
11379 56
11380 41
11381 61
11382 34
11383 77
11384 26
11385 76
11386 33
11387 92
11388 19
11389 91
11390 20
11391 76
11392 19
11393 88
11394 13
11395 103
11396 14
11397 92
11398 7
11399 91
11400 9
11401 107
11402 0
11403 103
11404 0
11405 98
11406 12
11407 96
11408 18
11409 92
11410 20
11411 55
11412 24
11413 82
11414 32
11415 72
11416 35
11417 74
11418 39
11419 54
11420 44
11421 66
11422 39
11423 64
11424 57
11425 58
11426 45
11427 63
11428 39
11429 46
11430 49
11431 49
11432 65
11433 49
11434 53
11435 31
11436 71
11437 44
11438 67
11439 29
11440 71
11441 32
11442 72
11443 28
11444 86
11445 30
11446 79
11447 26
11448 98
11449 18
11450 71
11451 21
11452 75
11453 21
11454 84
11455 10
11456 77
11457 16
11458 89
11459 9
11460 107
11461 5
11462 91
11463 4
11464 95
11465 0
11466 97
11467 0
11468 96
11469 8
11470 88
11471 12
11472 84
11473 25
11474 82
11475 20
11476 82
11477 24
11478 80
11479 34
11480 76
11481 25
11482 67
11483 30
11484 80
11485 46
11486 53
11487 35
11488 54
11489 43
11490 52
11491 55
11492 58
11493 51
11494 46
11495 56
11496 44
11497 65
11498 44
11499 68
11500 26
11501 59
11502 32
11503 58
11504 35
11505 60
11506 28
11507 66
11508 32
11509 70
11510 24
11511 65
11512 30
11513 80
11514 18
11515 78
11516 13
11517 90
11518 15
11519 83
11520 17
11521 89
11522 11
11523 90
11524 1
11525 81
11526 6
11527 89
11528 0
11529 72
11530 0
11531 86
11532 7
11533 89
11534 20
11535 78
11536 22
11537 71
11538 24
11539 65
11540 30
11541 59
11542 21
11543 76
11544 23
11545 62
11546 36
11547 75
11548 42
11549 53
11550 29
11551 59
11552 41
11553 58
11554 37
11555 33
11556 29
11557 45
11558 61
11559 31
11560 51
11561 50
11562 47
11563 46
11564 67
11565 23
11566 66
11567 26
11568 60
11569 20
11570 63
11571 24
11572 74
11573 21
11574 67
11575 20
11576 60
11577 20
11578 59
11579 16
11580 85
11581 13
11582 78
11583 9
11584 85
11585 12
11586 80
11587 1
11588 86
11589 3
11590 79
11591 0
11592 81
11593 0
11594 72
11595 6
11596 81
11597 11
11598 55
11599 12
11600 62
11601 17
11602 59
11603 17
11604 57
11605 25
11606 52
11607 21
11608 59
11609 36
11610 55
11611 31
11612 48
11613 33
11614 39
11615 41
11616 41
11617 48
11618 42
11619 43
11620 31
11621 31
11622 33
11623 44
11624 47
11625 49
11626 34
11627 40
11628 29
11629 63
11630 26
11631 68
11632 27
11633 53
11634 19
11635 53
11636 18
11637 57
11638 23
11639 80
11640 17
11641 63
11642 17
11643 62
11644 10
11645 60
11646 11
11647 69
11648 9
11649 78
11650 1
11651 84
11652 3
11653 81
11654 0
11655 83
11656 0
11657 58
11658 5
11659 75
11660 15
11661 56
11662 9
11663 56
11664 22
11665 52
11666 20
11667 46
11668 24
11669 54
11670 22
11671 61
11672 30
11673 51
11674 21
11675 59
11676 31
11677 45
11678 40
11679 53
11680 34
11681 43
11682 34
11683 47
11684 43
11685 31
11686 42
11687 39
11688 38
11689 28
11690 39
11691 22
11692 42
11693 26
11694 59
11695 24
11696 50
11697 16
11698 47
11699 18
11700 54
11701 19
11702 53
11703 13
11704 64
11705 18
11706 65
11707 13
11708 42
11709 9
11710 71
11711 7
11712 59
11713 8
11714 65
11715 2
11716 68
11717 0
11718 75
11719 0
11720 62
11721 7
11722 66
11723 12
11724 40
11725 11
11726 70
11727 11
11728 49
11729 17
11730 37
11731 22
11732 41
11733 24
11734 43
11735 20
11736 40
11737 33
11738 45
11739 21
11740 36
11741 30
11742 47
11743 42
11744 41
11745 28
11746 39
11747 28
11748 24
11749 42
11750 29
11751 36
11752 29
11753 48
11754 27
11755 36
11756 21
11757 49
11758 22
11759 45
11760 14
11761 40
11762 21
11763 41
11764 13
11765 61
11766 21
11767 53
11768 14
11769 58
11770 6
11771 54
11772 3
11773 48
11774 8
11775 62
11776 3
11777 62
11778 3
11779 75
11780 0
11781 53
11782 0
11783 64
11784 5
11785 68
11786 2
11787 50
11788 9
11789 44
11790 10
11791 44
11792 12
11793 55
11794 12
11795 40
11796 22
11797 37
11798 32
11799 38
11800 24
11801 43
11802 24
11803 28
11804 30
11805 29
11806 31
11807 32
11808 21
11809 32
11810 32
11811 25
11812 38
11813 28
11814 31
11815 26
11816 29
11817 32
11818 38
11819 21
11820 42
11821 17
11822 49
11823 24
11824 36
11825 16
11826 33
11827 10
11828 48
11829 15
11830 52
11831 14
11832 49
11833 11
11834 40
11835 10
11836 43
11837 3
11838 48
11839 4
11840 56
11841 1
11842 60
11843 0
11844 56
11845 0
11846 59
11847 9
11848 52
11849 7
11850 49
11851 9
11852 54
11853 11
11854 49
11855 17
11856 44
11857 21
11858 42
11859 9
11860 39
11861 13
11862 42
11863 16
11864 36
11865 23
11866 31
11867 24
11868 24
11869 24
11870 27
11871 25
11872 29
11873 12
11874 22
11875 22
11876 31
11877 33
11878 24
11879 28
11880 18
11881 29
11882 19
11883 38
11884 14
11885 26
11886 21
11887 33
11888 8
11889 30
11890 17
11891 34
11892 12
11893 38
11894 7
11895 46
11896 2
11897 43
11898 6
11899 44
11900 4
11901 41
11902 5
11903 33
11904 0
11905 45
11906 0
11907 45
11908 0
11909 37
11910 5
11911 44
11912 10
11913 28
11914 10
11915 43
11916 7
11917 29
11918 14
11919 36
11920 9
11921 32
11922 18
11923 34
11924 11
11925 28
11926 21
11927 36
11928 20
11929 27
11930 17
11931 34
11932 20
11933 25
11934 18
11935 29
11936 26
11937 18
11938 31
11939 16
11940 32
11941 21
11942 33
11943 17
11944 28
11945 25
11946 41
11947 10
11948 18
11949 11
11950 21
11951 14
11952 39
11953 9
11954 37
11955 15
11956 32
11957 11
11958 37
11959 7
11960 31
11961 3
11962 44
11963 5
11964 47
11965 1
11966 25
11967 5
11968 45
11969 0
11970 34
11971 0
11972 34
11973 6
11974 40
11975 4
11976 37
11977 8
11978 36
11979 8
11980 29
11981 11
11982 25
11983 10
11984 28
11985 11
11986 33
11987 11
11988 22
11989 10
11990 22
11991 13
11992 32
11993 15
11994 18
11995 23
11996 24
11997 15
11998 18
11999 21
12000 18
12001 26
12002 15
12003 24
12004 12
12005 17
12006 18
12007 25
12008 13
12009 31
12010 8
12011 28
12012 9
12013 29
12014 16
12015 27
12016 9
12017 24
12018 11
12019 12
12020 10
12021 32
12022 9
12023 26
12024 6
12025 40
12026 4
12027 39
12028 3
12029 37
12030 3
12031 31
12032 0
12033 39
12034 0
12035 41
12036 3
12037 29
12038 4
12039 33
12040 7
12041 34
12042 8
12043 40
12044 8
12045 30
12046 11
12047 31
12048 5
12049 14
12050 15
12051 28
12052 8
12053 20
12054 22
12055 19
12056 14
12057 27
12058 11
12059 23
12060 19
12061 19
12062 21
12063 8
12064 18
12065 11
12066 22
12067 9
12068 23
12069 10
12070 28
12071 19
12072 18
12073 17
12074 21
12075 16
12076 21
12077 12
12078 18
12079 5
12080 14
12081 8
12082 29
12083 7
12084 23
12085 1
12086 20
12087 7
12088 21
12089 3
12090 21
12091 2
12092 28
12093 1
12094 34
12095 0
12096 39
12097 0
12098 34
12099 1
12100 22
12101 3
12102 31
12103 4
12104 23
12105 14
12106 17
12107 8
12108 35
12109 4
12110 23
12111 11
12112 25
12113 11
12114 19
12115 9
12116 22
12117 8
12118 16
12119 6
12120 16
12121 16
12122 10
12123 11
12124 15
12125 11
12126 9
12127 21
12128 11
12129 12
12130 15
12131 21
12132 8
12133 25
12134 8
12135 17
12136 9
12137 26
12138 8
12139 20
12140 6
12141 28
12142 9
12143 28
12144 12
12145 15
12146 2
12147 25
12148 3
12149 24
12150 5
12151 18
12152 1
12153 30
12154 3
12155 37
12156 0
12157 32
12158 0
12159 31
12160 0
12161 31
12162 7
12163 20
12164 3
12165 24
12166 3
12167 23
12168 2
12169 20
12170 5
12171 23
12172 9
12173 19
12174 6
12175 21
12176 4
12177 18
12178 8
12179 28
12180 7
12181 18
12182 18
12183 9
12184 13
12185 11
12186 13
12187 17
12188 9
12189 13
12190 16
12191 11
12192 13
12193 7
12194 14
12195 18
12196 11
12197 5
12198 15
12199 8
12200 14
12201 5
12202 22
12203 8
12204 20
12205 3
12206 24
12207 6
12208 28
12209 4
12210 17
12211 5
12212 25
12213 1
12214 20
12215 5
12216 25
12217 2
12218 19
12219 1
12220 21
12221 0
12222 25
12223 0
12224 19
12225 4
12226 21
12227 3
12228 27
12229 4
12230 19
12231 4
12232 24
12233 8
12234 8
12235 9
12236 17
12237 8
12238 18
12239 3
12240 17
12241 8
12242 8
12243 13
12244 11
12245 7
12246 15
12247 7
12248 12
12249 11
12250 17
12251 8
12252 4
12253 8
12254 11
12255 8
12256 11
12257 17
12258 11
12259 12
12260 7
12261 15
12262 6
12263 10
12264 10
12265 20
12266 3
12267 12
12268 2
12269 16
12270 2
12271 21
12272 3
12273 22
12274 5
12275 14
12276 2
12277 14
12278 3
12279 15
12280 1
12281 22
12282 0
12283 21
12284 0
12285 20
12286 0
12287 20
12288 1
12289 17
12290 0
12291 14
12292 1
12293 17
12294 5
12295 25
12296 6
12297 16
12298 8
12299 12
12300 7
12301 10
12302 6
12303 11
12304 4
12305 13
12306 10
12307 13
12308 12
12309 9
12310 9
12311 15
12312 14
12313 10
12314 7
12315 6
12316 9
12317 9
12318 10
12319 10
12320 14
12321 7
12322 13
12323 7
12324 16
12325 10
12326 17
12327 5
12328 14
12329 5
12330 20
12331 5
12332 13
12333 5
12334 15
12335 1
12336 19
12337 4
12338 11
12339 5
12340 16
12341 1
12342 18
12343 0
12344 15
12345 2
12346 18
12347 0
12348 20
12349 0
12350 22
12351 0
12352 14
12353 1
12354 14
12355 2
12356 13
12357 1
12358 16
12359 3
12360 13
12361 9
12362 16
12363 5
12364 25
12365 7
12366 8
12367 4
12368 12
12369 11
12370 8
12371 8
12372 5
12373 8
12374 12
12375 9
12376 10
12377 10
12378 4
12379 9
12380 3
12381 11
12382 2
12383 8
12384 5
12385 9
12386 4
12387 19
12388 4
12389 11
12390 5
12391 14
12392 5
12393 7
12394 4
12395 14
12396 2
12397 10
12398 3
12399 21
12400 5
12401 20
12402 4
12403 9
12404 0
12405 16
12406 0
12407 24
12408 2
12409 8
12410 0
12411 20
12412 0
12413 13
12414 1
12415 16
12416 2
12417 16
12418 4
12419 16
12420 8
12421 13
12422 1
12423 15
12424 5
12425 6
12426 6
12427 12
12428 6
12429 11
12430 6
12431 9
12432 3
12433 10
12434 6
12435 12
12436 4
12437 16
12438 8
12439 10
12440 6
12441 4
12442 8
12443 4
12444 6
12445 13
12446 9
12447 9
12448 8
12449 5
12450 10
12451 7
12452 11
12453 7
12454 11
12455 5
12456 12
12457 4
12458 10
12459 7
12460 11
12461 4
12462 12
12463 2
12464 12
12465 1
12466 12
12467 0
12468 12
12469 0
12470 7
12471 0
12472 12
12473 0
12474 20
12475 0
12476 8
12477 1
12478 12
12479 1
12480 7
12481 1
12482 11
12483 4
12484 10
12485 4
12486 12
12487 2
12488 7
12489 6
12490 7
12491 3
12492 5
12493 6
12494 5
12495 3
12496 7
12497 7
12498 7
12499 1
12500 6
12501 8
12502 9
12503 3
12504 3
12505 8
12506 4
12507 3
12508 7
12509 7
12510 4
12511 10
12512 10
12513 9
12514 3
12515 16
12516 1
12517 12
12518 2
12519 13
12520 3
12521 7
12522 5
12523 13
12524 5
12525 12
12526 1
12527 9
12528 3
12529 7
12530 2
12531 12
12532 3
12533 11
12534 2
12535 9
12536 0
12537 15
12538 0
12539 16
12540 0
12541 6
12542 2
12543 5
12544 0
12545 15
12546 1
12547 9
12548 7
12549 13
12550 5
12551 10
12552 3
12553 10
12554 2
12555 4
12556 3
12557 6
12558 4
12559 13
12560 3
12561 6
12562 7
12563 8
12564 5
12565 11
12566 6
12567 1
12568 4
12569 8
12570 7
12571 8
12572 6
12573 7
12574 11
12575 8
12576 13
12577 4
12578 13
12579 4
12580 17
12581 2
12582 9
12583 1
12584 11
12585 2
12586 8
12587 3
12588 4
12589 3
12590 6
12591 2
12592 12
12593 3
12594 9
12595 3
12596 6
12597 1
12598 8
12599 0
12600 11
12601 0
12602 9
12603 1
12604 7
12605 2
12606 9
12607 1
12608 9
12609 3
12610 7
12611 2
12612 12
12613 2
12614 9
12615 3
12616 11
12617 3
12618 10
12619 4
12620 7
12621 4
12622 5
12623 5
12624 5
12625 5
12626 6
12627 4
12628 5
12629 3
12630 7
12631 5
12632 1
12633 8
12634 4
12635 6
12636 3
12637 5
12638 6
12639 10
12640 4
12641 8
12642 2
12643 4
12644 5
12645 12
12646 1
12647 13
12648 1
12649 9
12650 2
12651 12
12652 2
12653 7
12654 2
12655 9
12656 4
12657 16
12658 0
12659 6
12660 1
12661 10
12662 0
12663 12
12664 0
12665 11
12666 1
12667 14
12668 1
12669 11
12670 0
12671 12
12672 0
12673 11
12674 2
12675 8
12676 3
12677 10
12678 1
12679 7
12680 1
12681 12
12682 5
12683 8
12684 3
12685 5
12686 3
12687 8
12688 3
12689 4
12690 7
12691 6
12692 10
12693 10
12694 9
12695 8
12696 3
12697 3
12698 5
12699 4
12700 7
12701 3
12702 4
12703 5
12704 5
12705 1
12706 7
12707 4
12708 10
12709 2
12710 10
12711 1
12712 10
12713 1
12714 9
12715 3
12716 7
12717 1
12718 11
12719 2
12720 8
12721 1
12722 10
12723 1
12724 10
12725 0
12726 12
12727 0
12728 16
12729 1
12730 5
12731 1
12732 8
12733 1
12734 9
12735 2
12736 10
12737 1
12738 6
12739 5
12740 7
12741 4
12742 9
12743 5
12744 10
12745 2
12746 8
12747 4
12748 6
12749 3
12750 10
12751 4
12752 5
12753 3
12754 6
12755 6
12756 7
12757 3
12758 2
12759 3
12760 2
12761 5
12762 4
12763 3
12764 5
12765 7
12766 4
12767 5
12768 1
12769 4
12770 5
12771 6
12772 1
12773 8
12774 4
12775 5
12776 1
12777 4
12778 2
12779 11
12780 0
12781 5
12782 1
12783 6
12784 0
12785 6
12786 1
12787 7
12788 0
12789 13
12790 0
12791 9
12792 0
12793 6
12794 1
12795 5
12796 0
12797 10
12798 1
12799 6
12800 2
12801 5
12802 0
12803 12
12804 5
12805 7
12806 2
12807 7
12808 3
12809 7
12810 2
12811 6
12812 3
12813 5
12814 6
12815 6
12816 4
12817 6
12818 8
12819 6
12820 3
12821 5
12822 5
12823 6
12824 5
12825 2
12826 3
12827 3
12828 6
12829 9
12830 4
12831 5
12832 10
12833 8
12834 5
12835 3
12836 9
12837 1
12838 4
12839 3
12840 8
12841 4
12842 7
12843 0
12844 10
12845 3
12846 8
12847 1
12848 9
12849 1
12850 8
12851 0
12852 8
12853 0
12854 8
12855 0
12856 11
12857 1
12858 9
12859 1
12860 5
12861 1
12862 10
12863 1
12864 7
12865 3
12866 4
12867 2
12868 3
12869 0
12870 5
12871 3
12872 7
12873 7
12874 4
12875 2
12876 5
12877 3
12878 2
12879 1
12880 4
12881 2
12882 1
12883 7
12884 5
12885 3
12886 4
12887 1
12888 3
12889 3
12890 1
12891 3
12892 0
12893 6
12894 2
12895 4
12896 2
12897 5
12898 3
12899 5
12900 1
12901 9
12902 1
12903 11
12904 1
12905 5
12906 0
12907 13
12908 0
12909 5
12910 0
12911 9
12912 1
12913 8
12914 0
12915 8
12916 0
12917 10
12918 0
12919 10
12920 0
12921 10
12922 1
12923 7
12924 2
12925 3
12926 3
12927 3
12928 1
12929 5
12930 2
12931 5
12932 0
12933 7
12934 3
12935 4
12936 5
12937 3
12938 2
12939 8
12940 3
12941 6
12942 3
12943 5
12944 5
12945 4
12946 5
12947 7
12948 5
12949 1
12950 6
12951 4
12952 9
12953 3
12954 3
12955 4
12956 3
12957 1
12958 2
12959 3
12960 5
12961 3
12962 4
12963 2
12964 1
12965 3
12966 4
12967 2
12968 8
12969 0
12970 7
12971 1
12972 8
12973 1
12974 10
12975 0
12976 7
12977 0
12978 5
12979 0
12980 13
12981 0
12982 7
12983 2
12984 4
12985 1
12986 5
12987 0
12988 13
12989 0
12990 10
12991 0
12992 6
12993 2
12994 6
12995 2
12996 6
12997 2
12998 4
12999 4
13000 3
13001 2
13002 6
13003 4
13004 4
13005 3
13006 5
13007 2
13008 9
13009 2
13010 4
13011 5
13012 3
13013 5
13014 5
13015 2
13016 5
13017 6
13018 5
13019 8
13020 0
13021 5
13022 1
13023 9
13024 2
13025 4
13026 1
13027 14
13028 1
13029 4
13030 1
13031 9
13032 4
13033 3
13034 1
13035 4
13036 1
13037 6
13038 1
13039 3
13040 0
13041 11
13042 0
13043 7
13044 0
13045 3
13046 0
13047 6
13048 1
13049 10
13050 0
13051 8
13052 4
13053 8
13054 1
13055 7
13056 3
13057 6
13058 0
13059 7
13060 3
13061 4
13062 6
13063 7
13064 5
13065 3
13066 2
13067 8
13068 3
13069 3
13070 2
13071 2
13072 5
13073 1
13074 3
13075 2
13076 4
13077 2
13078 7
13079 2
13080 2
13081 5
13082 7
13083 3
13084 1
13085 1
13086 5
13087 2
13088 4
13089 3
13090 3
13091 0
13092 5
13093 1
13094 6
13095 1
13096 13
13097 0
13098 9
13099 1
13100 8
13101 1
13102 6
13103 0
13104 6
13105 0
13106 12
13107 0
13108 3
13109 1
13110 4
13111 1
13112 4
13113 5
13114 7
13115 2
13116 10
13117 2
13118 5
13119 4
13120 10
13121 1
13122 9
13123 2
13124 4
13125 3
13126 2
13127 3
13128 9
13129 1
13130 5
13131 1
13132 4
13133 3
13134 4
13135 2
13136 4
13137 4
13138 4
13139 5
13140 2
13141 3
13142 2
13143 1
13144 4
13145 10
13146 2
13147 3
13148 2
13149 9
13150 1
13151 6
13152 4
13153 8
13154 1
13155 5
13156 0
13157 5
13158 1
13159 6
13160 0
13161 2
13162 0
13163 7
13164 0
13165 8
13166 0
13167 7
13168 0
13169 5
13170 0
13171 10
13172 0
13173 9
13174 1
13175 7
13176 0
13177 4
13178 1
13179 6
13180 3
13181 7
13182 5
13183 5
13184 3
13185 1
13186 3
13187 5
13188 0
13189 9
13190 2
13191 6
13192 1
13193 5
13194 1
13195 4
13196 0
13197 7
13198 3
13199 4
13200 0
13201 3
13202 2
13203 3
13204 5
13205 0
13206 4
13207 2
13208 4
13209 2
13210 6
13211 3
13212 4
13213 3
13214 9
13215 2
13216 7
13217 2
13218 6
13219 0
13220 4
13221 1
13222 10
13223 1
13224 8
13225 1
13226 2
13227 1
13228 8
13229 0
13230 6
13231 0
13232 4
13233 0
13234 10
13235 1
13236 8
13237 0
13238 5
13239 1
13240 5
13241 1
13242 7
13243 0
13244 7
13245 1
13246 4
13247 0
13248 2
13249 0
13250 6
13251 3
13252 2
13253 5
13254 2
13255 1
13256 1
13257 5
13258 7
13259 5
13260 3
13261 7
13262 3
13263 3
13264 5
13265 6
13266 1
13267 5
13268 5
13269 7
13270 3
13271 5
13272 4
13273 5
13274 1
13275 6
13276 1
13277 2
13278 1
13279 3
13280 1
13281 7
13282 1
13283 5
13284 0
13285 2
13286 1
13287 5
13288 0
13289 4
13290 1
13291 8
13292 0
13293 3
13294 0
13295 4
13296 0
13297 9
13298 0
13299 6
13300 1
13301 8
13302 5
13303 5
13304 1
13305 6
13306 1
13307 7
13308 0
13309 7
13310 3
13311 5
13312 2
13313 6
13314 0
13315 3
13316 1
13317 2
13318 4
13319 3
13320 2
13321 5
13322 3
13323 1
13324 2
13325 2
13326 2
13327 7
13328 5
13329 2
13330 6
13331 0
13332 0
13333 0
13334 4
13335 2
13336 3
13337 1
13338 6
13339 2
13340 7
13341 3
13342 3
13343 0
13344 10
13345 1
13346 4
13347 0
13348 1
13349 1
13350 6
13351 0
13352 6
13353 0
13354 8
13355 0
13356 5
13357 0
13358 4
13359 1
13360 4
13361 0
13362 5
13363 1
13364 9
13365 1
13366 11
13367 0
13368 2
13369 3
13370 3
13371 2
13372 6
13373 0
13374 5
13375 2
13376 3
13377 1
13378 5
13379 1
13380 2
13381 4
13382 2
13383 7
13384 2
13385 3
13386 3
13387 1
13388 3
13389 2
13390 2
13391 3
13392 3
13393 2
13394 1
13395 3
13396 5
13397 4
13398 3
13399 6
13400 1
13401 1
13402 3
13403 5
13404 1
13405 4
13406 2
13407 6
13408 3
13409 4
13410 1
13411 6
13412 2
13413 5
13414 0
13415 3
13416 0
13417 3
13418 0
13419 7
13420 0
13421 5
13422 0
13423 6
13424 0
13425 3
13426 1
13427 5
13428 3
13429 3
13430 1
13431 8
13432 0
13433 3
13434 4
13435 6
13436 2
13437 2
13438 1
13439 1
13440 3
13441 5
13442 3
13443 4
13444 4
13445 2
13446 2
13447 4
13448 2
13449 5
13450 6
13451 1
13452 1
13453 5
13454 2
13455 3
13456 5
13457 2
13458 5
13459 1
13460 3
13461 2
13462 6
13463 1
13464 9
13465 2
13466 2
13467 1
13468 4
13469 0
13470 5
13471 2
13472 5
13473 0
13474 7
13475 0
13476 7
13477 0
13478 6
13479 0
13480 4
13481 0
13482 5
13483 0
13484 5
13485 1
13486 5
13487 1
13488 5
13489 0
13490 7
13491 1
13492 11
13493 0
13494 4
13495 1
13496 5
13497 3
13498 2
13499 1
13500 5
13501 0
13502 7
13503 0
13504 1
13505 3
13506 4
13507 2
13508 4
13509 0
13510 3
13511 4
13512 3
13513 6
13514 2
13515 5
13516 5
13517 4
13518 3
13519 5
13520 3
13521 2
13522 1
13523 2
13524 1
13525 1
13526 0
13527 6
13528 0
13529 5
13530 2
13531 7
13532 2
13533 3
13534 0
13535 4
13536 0
13537 6
13538 0
13539 7
13540 0
13541 3
13542 1
13543 3
13544 0
13545 10
13546 0
13547 7
13548 0
13549 4
13550 1
13551 8
13552 2
13553 4
13554 1
13555 3
13556 1
13557 5
13558 2
13559 5
13560 0
13561 7
13562 1
13563 1
13564 1
13565 5
13566 0
13567 1
13568 1
13569 3
13570 3
13571 1
13572 3
13573 8
13574 2
13575 4
13576 1
13577 3
13578 4
13579 3
13580 2
13581 3
13582 6
13583 2
13584 3
13585 1
13586 2
13587 0
13588 2
13589 2
13590 3
13591 1
13592 5
13593 1
13594 5
13595 0
13596 1
13597 5
13598 8
13599 0
13600 3
13601 0
13602 8
13603 0
13604 4
13605 0
13606 3
13607 0
13608 5
13609 0
13610 3
13611 1
13612 7
13613 0
13614 4
13615 2
13616 8
13617 2
13618 2
13619 2
13620 5
13621 1
13622 6
13623 2
13624 3
13625 2
13626 5
13627 3
13628 4
13629 2
13630 3
13631 1
13632 1
13633 2
13634 1
13635 2
13636 7
13637 1
13638 4
13639 3
13640 2
13641 5
13642 0
13643 3
13644 3
13645 6
13646 4
13647 2
13648 7
13649 6
13650 3
13651 4
13652 1
13653 3
13654 1
13655 7
13656 0
13657 2
13658 2
13659 4
13660 1
13661 9
13662 0
13663 7
13664 0
13665 7
13666 1
13667 2
13668 0
13669 5
13670 0
13671 1
13672 0
13673 2
13674 0
13675 8
13676 1
13677 5
13678 1
13679 7
13680 0
13681 5
13682 2
13683 4
13684 1
13685 3
13686 1
13687 5
13688 2
13689 4
13690 3
13691 6
13692 1
13693 1
13694 2
13695 1
13696 1
13697 3
13698 1
13699 3
13700 2
13701 0
13702 6
13703 2
13704 3
13705 3
13706 2
13707 3
13708 3
13709 5
13710 4
13711 4
13712 3
13713 3
13714 2
13715 0
13716 2
13717 4
13718 4
13719 0
13720 6
13721 1
13722 2
13723 0
13724 6
13725 3
13726 2
13727 0
13728 5
13729 1
13730 4
13731 0
13732 6
13733 0
13734 5
13735 0
13736 10
13737 0
13738 8
13739 0
13740 4
13741 1
13742 3
13743 1
13744 9
13745 2
13746 5
13747 0
13748 1
13749 2
13750 5
13751 3
13752 4
13753 2
13754 3
13755 1
13756 3
13757 1
13758 2
13759 3
13760 3
13761 2
13762 6
13763 2
13764 3
13765 5
13766 2
13767 0
13768 4
13769 2
13770 3
13771 3
13772 2
13773 4
13774 1
13775 6
13776 2
13777 7
13778 1
13779 3
13780 1
13781 4
13782 2
13783 5
13784 2
13785 5
13786 1
13787 3
13788 0
13789 5
13790 0
13791 5
13792 0
13793 2
13794 0
13795 7
13796 0
13797 6
13798 0
13799 8
13800 1
13801 5
13802 0
13803 5
13804 0
13805 7
13806 0
13807 1
13808 0
13809 6
13810 0
13811 6
13812 3
13813 8
13814 0
13815 4
13816 1
13817 5
13818 1
13819 3
13820 1
13821 0
13822 3
13823 3
13824 4
13825 3
13826 1
13827 3
13828 3
13829 4
13830 1
13831 2
13832 2
13833 2
13834 1
13835 3
13836 1
13837 1
13838 7
13839 1
13840 4
13841 0
13842 6
13843 2
13844 5
13845 0
13846 7
13847 1
13848 3
13849 1
13850 7
13851 2
13852 4
13853 0
13854 5
13855 1
13856 1
13857 0
13858 8
13859 0
13860 7
13861 0
13862 4
13863 0
13864 2
13865 0
13866 1
13867 0
13868 1
13869 0
13870 5
13871 0
13872 8
13873 0
13874 4
13875 0
13876 6
13877 4
13878 4
13879 1
13880 1
13881 2
13882 0
13883 0
13884 4
13885 4
13886 1
13887 1
13888 0
13889 1
13890 3
13891 2
13892 1
13893 0
13894 2
13895 2
13896 2
13897 2
13898 4
13899 5
13900 4
13901 6
13902 2
13903 2
13904 1
13905 7
13906 1
13907 3
13908 2
13909 3
13910 3
13911 3
13912 1
13913 5
13914 1
13915 3
13916 0
13917 1
13918 0
13919 6
13920 0
13921 7
13922 0
13923 4
13924 0
13925 4
13926 0
13927 4
13928 0
13929 4
13930 1
13931 3
13932 1
13933 4
13934 3
13935 4
13936 2
13937 2
13938 1
13939 4
13940 1
13941 3
13942 1
13943 4
13944 2
13945 4
13946 2
13947 3
13948 3
13949 3
13950 5
13951 3
13952 4
13953 3
13954 2
13955 4
13956 3
13957 4
13958 3
13959 2
13960 0
13961 2
13962 3
13963 3
13964 2
13965 1
13966 3
13967 0
13968 2
13969 0
13970 2
13971 1
13972 2
13973 1
13974 5
13975 0
13976 3
13977 0
13978 6
13979 0
13980 2
13981 0
13982 2
13983 0
13984 6
13985 0
13986 2
13987 0
13988 0
13989 0
13990 5
13991 0
13992 2
13993 0
13994 5
13995 2
13996 3
13997 1
13998 2
13999 1
14000 6
14001 0
14002 2
14003 0
14004 2
14005 0
14006 3
14007 0
14008 3
14009 1
14010 4
14011 2
14012 3
14013 3
14014 3
14015 2
14016 7
14017 3
14018 3
14019 0
14020 0
14021 1
14022 3
14023 3
14024 2
14025 1
14026 2
14027 5
14028 4
14029 4
14030 2
14031 4
14032 0
14033 3
14034 1
14035 2
14036 1
14037 1
14038 3
14039 3
14040 0
14041 7
14042 0
14043 4
14044 1
14045 3
14046 0
14047 6
14048 0
14049 6
14050 0
14051 5
14052 0
14053 5
14054 2
14055 1
14056 0
14057 5
14058 0
14059 11
14060 2
14061 2
14062 0
14063 2
14064 3
14065 1
14066 0
14067 3
14068 0
14069 2
14070 3
14071 0
14072 0
14073 0
14074 3
14075 1
14076 0
14077 1
14078 2
14079 5
14080 0
14081 0
14082 1
14083 2
14084 1
14085 1
14086 0
14087 1
14088 6
14089 3
14090 5
14091 1
14092 2
14093 1
14094 1
14095 1
14096 2
14097 1
14098 6
14099 1
14100 3
14101 0
14102 1
14103 2
14104 4
14105 0
14106 1
14107 1
14108 3
14109 0
14110 3
14111 0
14112 2
14113 0
14114 3
14115 0
14116 6
14117 0
14118 5
14119 1
14120 1
14121 0
14122 1
14123 0
14124 3
14125 0
14126 2
14127 0
14128 4
14129 2
14130 3
14131 0
14132 4
14133 0
14134 3
14135 2
14136 1
14137 1
14138 5
14139 0
14140 2
14141 2
14142 1
14143 2
14144 1
14145 1
14146 2
14147 2
14148 2
14149 2
14150 2
14151 2
14152 0
14153 0
14154 3
14155 0
14156 1
14157 4
14158 1
14159 1
14160 1
14161 0
14162 1
14163 2
14164 1
14165 3
14166 0
14167 3
14168 1
14169 4
14170 0
14171 5
14172 0
14173 2
14174 0
14175 3
14176 0
14177 1
14178 0
14179 3
14180 0
14181 0
14182 0
14183 4
14184 0
14185 6
14186 0
14187 3
14188 0
14189 3
14190 0
14191 3
14192 0
14193 4
14194 0
14195 4
14196 2
14197 4
14198 2
14199 1
14200 1
14201 5
14202 2
14203 2
14204 0
14205 4
14206 3
14207 0
14208 2
14209 1
14210 1
14211 2
14212 1
14213 1
14214 2
14215 0
14216 0
14217 0
14218 4
14219 1
14220 1
14221 1
14222 1
14223 0
14224 4
14225 0
14226 1
14227 1
14228 5
14229 0
14230 4
14231 1
14232 2
14233 0
14234 3
14235 1
14236 4
14237 0
14238 3
14239 0
14240 2
14241 1
14242 4
14243 0
14244 1
14245 0
14246 1
14247 0
14248 2
14249 1
14250 0
14251 0
14252 1
14253 1
14254 1
14255 0
14256 3
14257 1
14258 0
14259 2
14260 1
14261 0
14262 5
14263 0
14264 4
14265 0
14266 3
14267 0
14268 0
14269 1
14270 2
14271 1
14272 3
14273 1
14274 1
14275 1
14276 0
14277 4
14278 1
14279 1
14280 1
14281 2
14282 1
14283 2
14284 0
14285 2
14286 1
14287 0
14288 0
14289 1
14290 0
14291 2
14292 0
14293 3
14294 0
14295 3
14296 0
14297 1
14298 0
14299 3
14300 0
14301 7
14302 0
14303 1
14304 0
14305 1
14306 0
14307 4
14308 0
14309 3
14310 0
14311 2
14312 1
14313 3
14314 0
14315 2
14316 1
14317 2
14318 1
14319 1
14320 1
14321 1
14322 0
14323 2
14324 0
14325 2
14326 1
14327 2
14328 0
14329 0
14330 2
14331 1
14332 3
14333 2
14334 1
14335 1
14336 1
14337 2
14338 1
14339 2
14340 2
14341 1
14342 1
14343 1
14344 2
14345 1
14346 0
14347 0
14348 3
14349 0
14350 1
14351 1
14352 1
14353 2
14354 2
14355 0
14356 0
14357 0
14358 3
14359 0
14360 1
14361 1
14362 2
14363 0
14364 2
14365 0
14366 0
14367 0
14368 3
14369 0
14370 2
14371 1
14372 2
14373 0
14374 2
14375 1
14376 0
14377 0
14378 0
14379 2
14380 5
14381 0
14382 4
14383 0
14384 2
14385 1
14386 2
14387 1
14388 2
14389 0
14390 1
14391 2
14392 1
14393 1
14394 1
14395 0
14396 1
14397 1
14398 4
14399 0
14400 1
14401 2
14402 0
14403 1
14404 2
14405 0
14406 0
14407 3
14408 1
14409 2
14410 1
14411 1
14412 1
14413 1
14414 1
14415 0
14416 0
14417 3
14418 0
14419 1
14420 0
14421 2
14422 0
14423 4
14424 0
14425 1
14426 0
14427 3
14428 0
14429 2
14430 0
14431 3
14432 1
14433 2
14434 0
14435 2
14436 0
14437 2
14438 1
14439 2
14440 0
14441 1
14442 1
14443 1
14444 0
14445 0
14446 0
14447 3
14448 1
14449 2
14450 0
14451 3
14452 2
14453 1
14454 1
14455 1
14456 2
14457 1
14458 1
14459 0
14460 2
14461 0
14462 2
14463 4
14464 2
14465 0
14466 1
14467 1
14468 1
14469 2
14470 3
14471 2
14472 1
14473 0
14474 4
14475 1
14476 3
14477 0
14478 2
14479 0
14480 2
14481 0
14482 0
14483 0
14484 3
14485 1
14486 4
14487 0
14488 5
14489 0
14490 3
14491 0
14492 1
14493 0
14494 1
14495 0
14496 2
14497 0
14498 4
14499 1
14500 4
14501 0
14502 2
14503 0
14504 5
14505 0
14506 5
14507 1
14508 5
14509 1
14510 1
14511 1
14512 1
14513 0
14514 3
14515 1
14516 2
14517 1
14518 1
14519 1
14520 1
14521 1
14522 0
14523 0
14524 0
14525 0
14526 0
14527 0
14528 1
14529 5
14530 2
14531 0
14532 0
14533 3
14534 1
14535 1
14536 1
14537 1
14538 1
14539 1
14540 0
14541 5
14542 0
14543 2
14544 0
14545 1
14546 0
14547 2
14548 0
14549 2
14550 0
14551 3
14552 0
14553 4
14554 0
14555 1
14556 0
14557 2
14558 0
14559 0
14560 0
14561 2
14562 1
14563 1
14564 0
14565 1
14566 0
14567 3
14568 1
14569 0
14570 0
14571 1
14572 0
14573 2
14574 1
14575 0
14576 2
14577 0
14578 0
14579 1
14580 0
14581 2
14582 0
14583 2
14584 2
14585 2
14586 1
14587 0
14588 3
14589 0
14590 1
14591 0
14592 2
14593 1
14594 3
14595 2
14596 1
14597 1
14598 0
14599 1
14600 0
14601 0
14602 1
14603 0
14604 2
14605 0
14606 4
14607 0
14608 0
14609 0
14610 0
14611 0
14612 0
14613 0
14614 3
14615 0
14616 0
14617 0
14618 0
14619 0
14620 2
14621 0
14622 3
14623 0
14624 5
14625 0
14626 1
14627 1
14628 1
14629 0
14630 5
14631 0
14632 2
14633 0
14634 1
14635 0
14636 1
14637 0
14638 4
14639 0
14640 1
14641 1
14642 1
14643 0
14644 0
14645 0
14646 2
14647 1
14648 1
14649 1
14650 0
14651 3
14652 0
14653 1
14654 1
14655 2
14656 0
14657 1
14658 1
14659 0
14660 2
14661 3
14662 0
14663 0
14664 1
14665 0
14666 0
14667 3
14668 0
14669 1
14670 0
14671 2
14672 1
14673 1
14674 0
14675 0
14676 0
14677 0
14678 0
14679 2
14680 0
14681 3
14682 0
14683 2
14684 0
14685 1
14686 0
14687 1
14688 0
14689 2
14690 0
14691 0
14692 0
14693 3
14694 0
14695 1
14696 0
14697 2
14698 3
14699 1
14700 0
14701 3
14702 0
14703 1
14704 1
14705 2
14706 1
14707 0
14708 0
14709 2
14710 1
14711 0
14712 1
14713 0
14714 1
14715 0
14716 1
14717 2
14718 0
14719 1
14720 3
14721 0
14722 1
14723 0
14724 2
14725 3
14726 2
14727 0
14728 1
14729 0
14730 2
14731 0
14732 1
14733 0
14734 3
14735 0
14736 0
14737 0
14738 1
14739 0
14740 2
14741 0
14742 0
14743 0
14744 4
14745 0
14746 0
14747 0
14748 3
14749 1
14750 4
14751 0
14752 2
14753 1
14754 3
14755 1
14756 2
14757 0
14758 2
14759 0
14760 3
14761 0
14762 0
14763 1
14764 4
14765 0
14766 0
14767 1
14768 1
14769 0
14770 1
14771 0
14772 0
14773 1
14774 2
14775 1
14776 1
14777 1
14778 1
14779 0
14780 1
14781 0
14782 0
14783 0
14784 1
14785 3
14786 0
14787 4
14788 1
14789 0
14790 0
14791 0
14792 0
14793 3
14794 0
14795 3
14796 0
14797 0
14798 0
14799 1
14800 1
14801 2
14802 0
14803 2
14804 0
14805 1
14806 0
14807 1
14808 0
14809 2
14810 1
14811 1
14812 0
14813 0
14814 0
14815 1
14816 0
14817 1
14818 0
14819 0
14820 0
14821 0
14822 1
14823 1
14824 1
14825 2
14826 1
14827 0
14828 1
14829 2
14830 1
14831 1
14832 1
14833 1
14834 0
14835 0
14836 1
14837 0
14838 1
14839 1
14840 0
14841 0
14842 1
14843 2
14844 0
14845 1
14846 0
14847 0
14848 0
14849 1
14850 0
14851 0
14852 0
14853 0
14854 3
14855 0
14856 0
14857 1
14858 1
14859 1
14860 3
14861 0
14862 0
14863 0
14864 2
14865 1
14866 1
14867 0
14868 2
14869 0
14870 1
14871 0
14872 1
14873 0
14874 0
14875 0
14876 2
14877 0
14878 0
14879 0
14880 1
14881 1
14882 0
14883 0
14884 1
14885 0
14886 3
14887 1
14888 0
14889 1
14890 1
14891 3
14892 1
14893 0
14894 3
14895 1
14896 0
14897 1
14898 1
14899 0
14900 0
14901 0
14902 2
14903 0
14904 0
14905 1
14906 0
14907 1
14908 0
14909 1
14910 2
14911 1
14912 2
14913 0
14914 0
14915 1
14916 0
14917 1
14918 1
14919 3
14920 0
14921 3
14922 0
14923 0
14924 0
14925 2
14926 1
14927 0
14928 0
14929 1
14930 0
14931 1
14932 0
14933 3
14934 0
14935 2
14936 0
14937 2
14938 2
14939 1
14940 0
14941 3
14942 0
14943 0
14944 1
14945 1
14946 1
14947 0
14948 0
14949 2
14950 0
14951 1
14952 2
14953 0
14954 0
14955 2
14956 0
14957 2
14958 0
14959 1
14960 0
14961 0
14962 0
14963 1
14964 2
14965 1
14966 0
14967 1
14968 1
14969 1
14970 0
14971 0
14972 1
14973 1
14974 1
14975 1
14976 0
14977 1
14978 1
14979 1
14980 1
14981 0
14982 0
14983 0
14984 2
14985 1
14986 3
14987 0
14988 3
14989 0
14990 1
14991 0
14992 1
14993 0
14994 0
14995 0
14996 2
14997 0
14998 2
14999 0
15000 1
15001 0
15002 0
15003 0
15004 1
15005 0
15006 1
15007 0
15008 2
15009 0
15010 0
15011 0
15012 1
15013 0
15014 0
15015 0
15016 2
15017 0
15018 1
15019 0
15020 1
15021 1
15022 2
15023 0
15024 0
15025 0
15026 0
15027 0
15028 2
15029 0
15030 1
15031 1
15032 0
15033 2
15034 0
15035 0
15036 2
15037 2
15038 0
15039 2
15040 0
15041 2
15042 0
15043 2
15044 3
15045 3
15046 0
15047 2
15048 0
15049 2
15050 0
15051 1
15052 0
15053 2
15054 0
15055 0
15056 0
15057 2
15058 0
15059 2
15060 0
15061 3
15062 0
15063 0
15064 0
15065 2
15066 0
15067 2
15068 1
15069 2
15070 0
15071 2
15072 0
15073 0
15074 0
15075 2
15076 1
15077 2
15078 0
15079 4
15080 0
15081 1
15082 0
15083 0
15084 1
15085 2
15086 0
15087 1
15088 0
15089 2
15090 0
15091 3
15092 0
15093 0
15094 1
15095 1
15096 0
15097 1
15098 0
15099 0
15100 0
15101 0
15102 0
15103 1
15104 0
15105 0
15106 0
15107 1
15108 5
15109 0
15110 2
15111 0
15112 1
15113 0
15114 1
15115 0
15116 0
15117 0
15118 4
15119 0
15120 2
15121 0
15122 0
15123 0
15124 2
15125 0
15126 0
15127 0
15128 0
15129 0
15130 0
15131 2
15132 0
15133 1
15134 1
15135 0
15136 0
15137 0
15138 0
15139 0
15140 0
15141 2
15142 1
15143 0
15144 0
15145 0
15146 1
15147 0
15148 0
15149 0
15150 1
15151 0
15152 0
15153 0
15154 0
15155 2
15156 1
15157 0
15158 2
15159 1
15160 0
15161 0
15162 1
15163 2
15164 1
15165 0
15166 0
15167 2
15168 1
15169 1
15170 0
15171 3
15172 0
15173 3
15174 0
15175 1
15176 0
15177 2
15178 1
15179 0
15180 0
15181 0
15182 0
15183 1
15184 0
15185 2
15186 0
15187 3
15188 0
15189 1
15190 0
15191 0
15192 0
15193 1
15194 1
15195 1
15196 0
15197 4
15198 0
15199 2
15200 0
15201 1
15202 1
15203 2
15204 0
15205 2
15206 1
15207 0
15208 1
15209 0
15210 0
15211 0
15212 0
15213 0
15214 0
15215 1
15216 1
15217 0
15218 1
15219 0
15220 2
15221 0
15222 1
15223 1
15224 0
15225 0
15226 1
15227 0
15228 0
15229 0
15230 1
15231 1
15232 0
15233 0
15234 0
15235 1
15236 0
15237 0
15238 2
15239 1
15240 1
15241 1
15242 2
15243 0
15244 2
15245 0
15246 1
15247 0
15248 2
15249 0
15250 0
15251 0
15252 0
15253 0
15254 0
15255 0
15256 1
15257 0
15258 0
15259 0
15260 1
15261 1
15262 1
15263 1
15264 0
15265 0
15266 0
15267 0
15268 1
15269 1
15270 0
15271 0
15272 0
15273 1
15274 1
15275 1
15276 0
15277 1
15278 0
15279 0
15280 1
15281 1
15282 0
15283 0
15284 2
15285 0
15286 0
15287 3
15288 1
15289 2
15290 0
15291 1
15292 2
15293 1
15294 0
15295 1
15296 0
15297 1
15298 0
15299 3
15300 0
15301 1
15302 0
15303 1
15304 0
15305 2
15306 0
15307 2
15308 0
15309 0
15310 0
15311 1
15312 0
15313 2
15314 0
15315 2
15316 0
15317 0
15318 0
15319 0
15320 0
15321 0
15322 0
15323 0
15324 1
15325 1
15326 0
15327 1
15328 1
15329 0
15330 0
15331 0
15332 1
15333 2
15334 0
15335 1
15336 2
15337 1
15338 1
15339 0
15340 0
15341 1
15342 0
15343 0
15344 0
15345 1
15346 0
15347 0
15348 1
15349 1
15350 0
15351 1
15352 1
15353 0
15354 1
15355 1
15356 2
15357 1
15358 1
15359 0
15360 1
15361 0
15362 1
15363 0
15364 0
15365 0
15366 0
15367 0
15368 0
15369 0
15370 3
15371 0
15372 0
15373 0
15374 1
15375 0
15376 0
15377 0
15378 1
15379 0
15380 2
15381 0
15382 1
15383 0
15384 0
15385 0
15386 2
15387 1
15388 1
15389 1
15390 0
15391 1
15392 1
15393 1
15394 1
15395 1
15396 0
15397 0
15398 1
15399 0
15400 0
15401 1
15402 0
15403 1
15404 1
15405 1
15406 0
15407 0
15408 0
15409 0
15410 0
15411 0
15412 1
15413 0
15414 1
15415 1
15416 0
15417 0
15418 1
15419 0
15420 0
15421 0
15422 0
15423 1
15424 0
15425 0
15426 0
15427 0
15428 0
15429 3
15430 0
15431 0
15432 0
15433 0
15434 0
15435 2
15436 0
15437 3
15438 0
15439 0
15440 0
15441 0
15442 0
15443 0
15444 0
15445 1
15446 0
15447 0
15448 1
15449 1
15450 0
15451 1
15452 1
15453 2
15454 0
15455 2
15456 0
15457 1
15458 1
15459 1
15460 0
15461 0
15462 0
15463 0
15464 0
15465 0
15466 0
15467 0
15468 1
15469 0
15470 0
15471 0
15472 0
15473 0
15474 1
15475 0
15476 0
15477 0
15478 0
15479 0
15480 2
15481 0
15482 2
15483 0
15484 0
15485 0
15486 0
15487 0
15488 0
15489 0
15490 3
15491 0
15492 2
15493 3
15494 2
15495 0
15496 0
15497 0
15498 1
15499 0
15500 2
15501 0
15502 0
15503 0
15504 1
15505 0
15506 2
15507 0
15508 0
15509 0
15510 1
15511 0
15512 1
15513 0
15514 3
15515 0
15516 3
15517 1
15518 0
15519 0
15520 0
15521 1
15522 0
15523 0
15524 0
15525 0
15526 1
15527 0
15528 0
15529 1
15530 0
15531 0
15532 0
15533 0
15534 1
15535 0
15536 0
15537 2
15538 0
15539 0
15540 0
15541 1
15542 0
15543 0
15544 0
15545 0
15546 0
15547 0
15548 0
15549 2
15550 0
15551 2
15552 0
15553 1
15554 0
15555 0
15556 0
15557 2
15558 0
15559 1
15560 0
15561 0
15562 0
15563 0
15564 0
15565 0
15566 0
15567 1
15568 1
15569 2
15570 1
15571 1
15572 0
15573 1
15574 0
15575 2
15576 1
15577 0
15578 0
15579 1
15580 0
15581 0
15582 1
15583 1
15584 0
15585 0
15586 0
15587 2
15588 0
15589 0
15590 2
15591 1
15592 0
15593 0
15594 0
15595 0
15596 0
15597 1
15598 1
15599 1
15600 0
15601 0
15602 2
15603 0
15604 0
15605 0
15606 2
15607 0
15608 0
15609 0
15610 2
15611 0
15612 0
15613 0
15614 1
15615 0
15616 2
15617 0
15618 1
15619 0
15620 0
15621 0
15622 1
15623 0
15624 2
15625 0
15626 1
15627 0
15628 3
15629 0
15630 1
15631 0
15632 2
15633 0
15634 4
15635 0
15636 1
15637 0
15638 1
15639 0
15640 1
15641 0
15642 0
15643 1
15644 0
15645 1
15646 0
15647 0
15648 0
15649 0
15650 0
15651 1
15652 2
15653 1
15654 1
15655 1
15656 1
15657 1
15658 0
15659 0
15660 2
15661 1
15662 0
15663 2
15664 0
15665 0
15666 1
15667 1
15668 0
15669 0
15670 0
15671 1
15672 0
15673 0
15674 1
15675 2
15676 0
15677 2
15678 0
15679 1
15680 0
15681 0
15682 0
15683 0
15684 0
15685 3
15686 0
15687 0
15688 0
15689 4
15690 0
15691 0
15692 0
15693 2
15694 0
15695 1
15696 0
15697 0
15698 0
15699 2
15700 0
15701 0
15702 1
15703 1
15704 0
15705 1
15706 1
15707 0
15708 0
15709 1
15710 1
15711 2
15712 0
15713 0
15714 0
15715 0
15716 0
15717 1
15718 0
15719 0
15720 0
15721 1
15722 0
15723 4
15724 0
15725 1
15726 1
15727 0
15728 0
15729 1
15730 1
15731 0
15732 0
15733 0
15734 0
15735 0
15736 0
15737 0
15738 1
15739 0
15740 1
15741 0
15742 1
15743 0
15744 0
15745 0
15746 1
15747 0
15748 2
15749 0
15750 3
15751 0
15752 1
15753 0
15754 0
15755 0
15756 0
15757 0
15758 2
15759 0
15760 1
15761 0
15762 1
15763 0
15764 1
15765 0
15766 1
15767 0
15768 0
15769 1
15770 1
15771 0
15772 0
15773 0
15774 0
15775 0
15776 1
15777 2
15778 1
15779 0
15780 0
15781 1
15782 2
15783 0
15784 0
15785 0
15786 1
15787 0
15788 0
15789 0
15790 1
15791 0
15792 0
15793 0
15794 1
15795 3
15796 0
15797 2
15798 0
15799 0
15800 0
15801 0
15802 0
15803 0
15804 0
15805 0
15806 0
15807 0
15808 0
15809 3
15810 0
15811 2
15812 0
15813 2
15814 0
15815 1
15816 0
15817 1
15818 0
15819 1
15820 0
15821 0
15822 0
15823 2
15824 0
15825 0
15826 0
15827 3
15828 1
15829 1
15830 0
15831 0
15832 0
15833 1
15834 0
15835 0
15836 0
15837 1
15838 0
15839 1
15840 1
15841 0
15842 0
15843 0
15844 0
15845 1
15846 0
15847 1
15848 0
15849 1
15850 1
15851 1
15852 2
15853 0
15854 1
15855 1
15856 0
15857 0
15858 0
15859 3
15860 0
15861 0
15862 2
15863 0
15864 0
15865 0
15866 1
15867 0
15868 0
15869 0
15870 1
15871 0
15872 0
15873 0
15874 2
15875 0
15876 2
15877 0
15878 2
15879 0
15880 0
15881 0
15882 1
15883 1
15884 2
15885 0
15886 1
15887 0
15888 1
15889 0
15890 0
15891 0
15892 0
15893 0
15894 0
15895 0
15896 0
15897 0
15898 0
15899 0
15900 2
15901 1
15902 1
15903 1
15904 1
15905 0
15906 0
15907 0
15908 1
15909 1
15910 0
15911 1
15912 0
15913 0
15914 1
15915 1
15916 0
15917 0
15918 1
15919 1
15920 0
15921 2
15922 0
15923 0
15924 0
15925 2
15926 0
15927 2
15928 0
15929 1
15930 0
15931 1
15932 0
15933 0
15934 0
15935 3
15936 0
15937 2
15938 0
15939 1
15940 0
15941 4
15942 0
15943 2
15944 0
15945 0
15946 0
15947 2
15948 0
15949 2
15950 0
15951 1
15952 0
15953 0
15954 0
15955 1
15956 0
15957 2
15958 0
15959 0
15960 1
15961 0
15962 0
15963 0
15964 1
15965 0
15966 2
15967 1
15968 0
15969 1
15970 2
15971 1
15972 0
15973 0
15974 0
15975 0
15976 1
15977 0
15978 0
15979 1
15980 0
15981 0
15982 1
15983 0
15984 1
15985 0
15986 2
15987 0
15988 2
15989 1
15990 0
15991 0
15992 2
15993 0
15994 0
15995 0
15996 3
15997 0
15998 1
15999 0
16000 2
16001 0
16002 2
16003 0
16004 0
16005 0
16006 2
16007 1
16008 0
16009 0
16010 0
16011 1
16012 2
16013 0
16014 0
16015 0
16016 1
16017 0
16018 2
16019 1
16020 0
16021 0
16022 1
16023 0
16024 2
16025 1
16026 2
16027 0
16028 0
16029 0
16030 1
16031 0
16032 0
16033 0
16034 0
16035 1
16036 0
16037 0
16038 0
16039 1
16040 0
16041 2
16042 0
16043 1
16044 0
16045 0
16046 0
16047 1
16048 1
16049 0
16050 0
16051 0
16052 0
16053 1
16054 0
16055 0
16056 0
16057 1
16058 0
16059 1
16060 0
16061 2
16062 0
16063 2
16064 0
16065 1
16066 0
16067 1
16068 0
16069 0
16070 0
16071 0
16072 0
16073 0
16074 0
16075 1
16076 0
16077 0
16078 0
16079 1
16080 0
16081 4
16082 0
16083 2
16084 1
16085 1
16086 1
16087 1
16088 0
16089 1
16090 0
16091 0
16092 1
16093 0
16094 2
16095 1
16096 1
16097 0
16098 0
16099 1
16100 2
16101 1
16102 0
16103 0
16104 0
16105 1
16106 0
16107 2
16108 3
16109 1
16110 0
16111 0
16112 2
16113 0
16114 1
16115 0
16116 4
16117 0
16118 1
16119 0
16120 0
16121 1
16122 1
16123 0
16124 1
16125 0
16126 0
16127 0
16128 1
16129 0
16130 0
16131 0
16132 0
16133 0
16134 0
16135 0
16136 3
16137 0
16138 2
16139 0
16140 1
16141 0
16142 0
16143 1
16144 1
16145 1
16146 0
16147 2
16148 1
16149 0
16150 0
16151 1
16152 1
16153 1
16154 1
16155 1
16156 2
16157 1
16158 3
16159 0
16160 0
16161 0
16162 0
16163 3
16164 0
16165 0
16166 1
16167 1
16168 0
16169 0
16170 0
16171 0
16172 0
16173 1
16174 0
16175 0
16176 2
16177 0
16178 1
16179 1
16180 0
16181 0
16182 0
16183 1
16184 0
16185 1
16186 0
16187 0
16188 0
16189 0
16190 0
16191 1
16192 0
16193 1
16194 0
16195 2
16196 0
16197 0
16198 1
16199 0
16200 0
16201 0
16202 1
16203 0
16204 0
16205 1
16206 0
16207 2
16208 0
16209 2
16210 1
16211 1
16212 0
16213 1
16214 0
16215 4
16216 0
16217 1
16218 1
16219 3
16220 0
16221 0
16222 0
16223 2
16224 0
16225 0
16226 2
16227 0
16228 0
16229 1
16230 0
16231 1
16232 1
16233 2
16234 2
16235 0
16236 0
16237 1
16238 2
16239 0
16240 1
16241 1
16242 0
16243 0
16244 1
16245 0
16246 2
16247 1
16248 2
16249 0
16250 3
16251 0
16252 2
16253 0
16254 1
16255 0
16256 1
16257 0
16258 6
16259 0
16260 1
16261 0
16262 0
16263 0
16264 1
16265 0
16266 3
16267 1
16268 1
16269 1
16270 1
16271 0
16272 0
16273 0
16274 1
16275 0
16276 0
16277 0
16278 0
16279 1
16280 1
16281 0
16282 0
16283 1
16284 0
16285 1
16286 2
16287 1
16288 1
16289 2
16290 0
16291 3
16292 1
16293 1
16294 2
16295 2
16296 0
16297 1
16298 0
16299 1
16300 0
16301 1
16302 0
16303 2
16304 0
16305 2
16306 0
16307 1
16308 0
16309 1
16310 0
16311 1
16312 0
16313 0
16314 0
16315 0
16316 0
16317 3
16318 0
16319 0
16320 0
16321 1
16322 0
16323 2
16324 0
16325 1
16326 0
16327 3
16328 0
16329 1
16330 1
16331 1
16332 0
16333 1
16334 0
16335 1
16336 0
16337 0
16338 0
16339 1
16340 1
16341 0
16342 1
16343 0
16344 0
16345 0
16346 1
16347 2
16348 2
16349 0
16350 0
16351 0
16352 0
16353 1
16354 2
16355 1
16356 0
16357 0
16358 4
16359 0
16360 0
16361 1
16362 2
16363 0
16364 0
16365 0
16366 1
16367 0
16368 2
16369 0
16370 0
16371 0
16372 2
16373 0
16374 1
16375 0
16376 0
16377 0
16378 0
16379 0
16380 1
16381 0
16382 3
16383 1
16384 1
16385 0
16386 1
16387 0
16388 1
16389 1
16390 1
16391 0
16392 2
16393 1
16394 0
16395 0
16396 0
16397 0
16398 1
16399 0
16400 0
16401 0
16402 1
16403 0
16404 1
16405 0
16406 2
16407 0
16408 0
16409 0
16410 0
16411 0
16412 1
16413 0
16414 0
16415 1
16416 1
16417 1
16418 1
16419 0
16420 0
16421 1
16422 0
16423 2
16424 0
16425 1
16426 2
16427 1
16428 1
16429 0
16430 0
16431 1
16432 0
16433 2
16434 0
16435 1
16436 0
16437 1
16438 0
16439 0
16440 0
16441 1
16442 0
16443 1
16444 0
16445 1
16446 0
16447 1
16448 0
16449 2
16450 0
16451 1
16452 1
16453 1
16454 0
16455 1
16456 0
16457 0
16458 0
16459 0
16460 0
16461 1
16462 0
16463 1
16464 0
16465 0
16466 0
16467 2
16468 1
16469 0
16470 2
16471 1
16472 1
16473 0
16474 2
16475 0
16476 1
16477 1
16478 1
16479 0
16480 0
16481 1
16482 0
16483 0
16484 2
16485 0
16486 0
16487 1
16488 0
16489 0
16490 1
16491 0
16492 1
16493 2
16494 1
16495 0
16496 0
16497 0
16498 0
16499 0
16500 1
16501 0
16502 1
16503 0
16504 3
16505 0
16506 0
16507 0
16508 0
16509 0
16510 1
16511 0
16512 2
16513 0
16514 1
16515 0
16516 0
16517 0
16518 1
16519 0
16520 3
16521 1
16522 0
16523 0
16524 0
16525 0
16526 1
16527 0
16528 3
16529 0
16530 0
16531 0
16532 0
16533 0
16534 0
16535 0
16536 0
16537 0
16538 0
16539 1
16540 1
16541 0
16542 0
16543 0
16544 2
16545 1
16546 2
16547 2
16548 2
16549 3
16550 0
16551 1
16552 1
16553 0
16554 0
16555 1
16556 1
16557 0
16558 0
16559 1
16560 0
16561 1
16562 1
16563 0
16564 0
16565 1
16566 0
16567 0
16568 0
16569 2
16570 0
16571 0
16572 0
16573 2
16574 0
16575 0
16576 0
16577 0
16578 0
16579 1
16580 1
16581 0
16582 0
16583 4
16584 0
16585 1
16586 1
16587 0
16588 0
16589 1
16590 0
16591 1
16592 0
16593 0
16594 0
16595 0
16596 1
16597 1
16598 0
16599 0
16600 0
16601 2
16602 1
16603 0
16604 0
16605 1
16606 2
16607 0
16608 1
16609 0
16610 3
16611 0
16612 0
16613 2
16614 1
16615 1
16616 0
16617 1
16618 0
16619 0
16620 0
16621 0
16622 1
16623 0
16624 2
16625 0
16626 1
16627 0
16628 1
16629 0
16630 0
16631 0
16632 2
16633 0
16634 0
16635 0
16636 1
16637 0
16638 3
16639 0
16640 2
16641 0
16642 2
16643 0
16644 1
16645 0
16646 3
16647 1
16648 0
16649 1
16650 0
16651 0
16652 0
16653 0
16654 0
16655 0
16656 0
16657 1
16658 1
16659 1
16660 0
16661 0
16662 0
16663 0
16664 1
16665 1
16666 0
16667 1
16668 1
16669 0
16670 0
16671 3
16672 2
16673 1
16674 0
16675 0
16676 0
16677 0
16678 0
16679 2
16680 1
16681 0
16682 0
16683 1
16684 0
16685 1
16686 0
16687 1
16688 0
16689 0
16690 0
16691 0
16692 0
16693 1
16694 0
16695 1
16696 0
16697 0
16698 0
16699 0
16700 0
16701 1
16702 0
16703 0
16704 0
16705 1
16706 0
16707 0
16708 0
16709 0
16710 0
16711 0
16712 1
16713 0
16714 0
16715 0
16716 0
16717 1
16718 0
16719 1
16720 0
16721 0
16722 0
16723 1
16724 0
16725 1
16726 0
16727 0
16728 1
16729 0
16730 2
16731 1
16732 0
16733 0
16734 1
16735 2
16736 0
16737 0
16738 2
16739 0
16740 1
16741 0
16742 1
16743 0
16744 1
16745 0
16746 3
16747 1
16748 1
16749 0
16750 1
16751 0
16752 0
16753 1
16754 2
16755 1
16756 2
16757 0
16758 2
16759 0
16760 3
16761 0
16762 0
16763 0
16764 1
16765 0
16766 1
16767 0
16768 0
16769 0
16770 0
16771 0
16772 2
16773 2
16774 0
16775 0
16776 1
16777 0
16778 1
16779 0
16780 1
16781 1
16782 2
16783 1
16784 0
16785 0
16786 0
16787 0
16788 0
16789 0
16790 0
16791 3
16792 1
16793 1
16794 0
16795 1
16796 0
16797 0
16798 0
16799 0
16800 0
16801 2
16802 0
16803 0
16804 0
16805 1
16806 1
16807 1
16808 0
16809 2
16810 0
16811 1
16812 0
16813 0
16814 1
16815 0
16816 1
16817 0
16818 0
16819 1
16820 0
16821 2
16822 0
16823 2
16824 0
16825 2
16826 1
16827 0
16828 0
16829 2
16830 0
16831 1
16832 0
16833 1
16834 0
16835 0
16836 0
16837 1
16838 1
16839 1
16840 0
16841 0
16842 0
16843 1
16844 1
16845 1
16846 0
16847 0
16848 0
16849 1
16850 0
16851 1
16852 1
16853 1
16854 0
16855 1
16856 1
16857 1
16858 1
16859 1
16860 1
16861 0
16862 0
16863 0
16864 0
16865 1
16866 2
16867 0
16868 0
16869 0
16870 1
16871 0
16872 0
16873 0
16874 0
16875 0
16876 2
16877 0
16878 0
16879 1
16880 1
16881 0
16882 4
16883 0
16884 0
16885 0
16886 0
16887 0
16888 1
16889 1
16890 2
16891 0
16892 3
16893 0
16894 1
16895 0
16896 1
16897 0
16898 1
16899 0
16900 0
16901 0
16902 0
16903 2
16904 1
16905 0
16906 2
16907 0
16908 0
16909 0
16910 1
16911 0
16912 0
16913 0
16914 1
16915 0
16916 1
16917 1
16918 0
16919 2
16920 2
16921 2
16922 0
16923 1
16924 0
16925 1
16926 1
16927 0
16928 2
16929 1
16930 0
16931 1
16932 2
16933 2
16934 1
16935 4
16936 0
16937 1
16938 0
16939 0
16940 0
16941 4
16942 1
16943 2
16944 0
16945 1
16946 0
16947 1
16948 0
16949 1
16950 0
16951 2
16952 0
16953 1
16954 0
16955 0
16956 0
16957 0
16958 0
16959 2
16960 0
16961 3
16962 0
16963 1
16964 0
16965 0
16966 0
16967 1
16968 0
16969 0
16970 0
16971 0
16972 1
16973 0
16974 0
16975 1
16976 0
16977 1
16978 0
16979 0
16980 1
16981 1
16982 0
16983 1
16984 0
16985 1
16986 1
16987 0
16988 1
16989 0
16990 1
16991 2
16992 2
16993 0
16994 1
16995 0
16996 1
16997 0
16998 2
16999 0
17000 1
17001 0
17002 0
17003 0
17004 0
17005 0
17006 0
17007 0
17008 1
17009 0
17010 2
17011 0
17012 3
17013 0
17014 2
17015 0
17016 1
17017 0
17018 0
17019 0
17020 4
17021 0
17022 3
17023 0
17024 0
17025 0
17026 0
17027 0
17028 1
17029 0
17030 0
17031 0
17032 1
17033 0
17034 0
17035 2
17036 1
17037 0
17038 0
17039 1
17040 0
17041 1
17042 1
17043 2
17044 0
17045 1
17046 1
17047 0
17048 0
17049 1
17050 0
17051 1
17052 1
17053 1
17054 0
17055 3
17056 0
17057 0
17058 0
17059 0
17060 0
17061 1
17062 0
17063 0
17064 1
17065 0
17066 0
17067 3
17068 0
17069 0
17070 0
17071 1
17072 0
17073 0
17074 0
17075 1
17076 0
17077 1
17078 0
17079 0
17080 0
17081 3
17082 0
17083 0
17084 0
17085 0
17086 0
17087 1
17088 0
17089 0
17090 0
17091 0
17092 0
17093 1
17094 0
17095 0
17096 1
17097 1
17098 0
17099 0
17100 1
17101 1
17102 0
17103 1
17104 1
17105 0
17106 0
17107 0
17108 1
17109 0
17110 0
17111 1
17112 1
17113 0
17114 2
17115 0
17116 2
17117 0
17118 0
17119 2
17120 2
17121 0
17122 1
17123 1
17124 0
17125 1
17126 0
17127 0
17128 1
17129 0
17130 0
17131 0
17132 2
17133 0
17134 1
17135 0
17136 0
17137 0
17138 0
17139 0
17140 1
17141 0
17142 1
17143 0
17144 2
17145 1
17146 0
17147 0
17148 1
17149 1
17150 0
17151 1
17152 1
17153 0
17154 0
17155 1
17156 2
17157 0
17158 1
17159 0
17160 0
17161 1
17162 1
17163 1
17164 0
17165 0
17166 0
17167 0
17168 0
17169 1
17170 0
17171 1
17172 0
17173 1
17174 0
17175 2
17176 0
17177 1
17178 0
17179 0
17180 0
17181 0
17182 0
17183 2
17184 0
17185 0
17186 0
17187 1
17188 0
17189 0
17190 0
17191 1
17192 0
17193 0
17194 0
17195 0
17196 0
17197 1
17198 0
17199 0
17200 0
17201 0
17202 0
17203 1
17204 0
17205 1
17206 0
17207 0
17208 0
17209 1
17210 0
17211 0
17212 0
17213 1
17214 0
17215 0
17216 0
17217 2
17218 0
17219 1
17220 0
17221 0
17222 1
17223 3
17224 0
17225 0
17226 0
17227 0
17228 1
17229 0
17230 0
17231 0
17232 0
17233 0
17234 0
17235 0
17236 0
17237 0
17238 0
17239 1
17240 0
17241 2
17242 0
17243 1
17244 0
17245 1
17246 1
17247 0
17248 2
17249 0
17250 1
17251 0
17252 1
17253 0
17254 0
17255 0
17256 0
17257 1
17258 0
17259 0
17260 3
17261 0
17262 1
17263 0
17264 1
17265 0
17266 1
17267 0
17268 0
17269 0
17270 2
17271 0
17272 0
17273 0
17274 2
17275 0
17276 1
17277 2
17278 0
17279 0
17280 0
17281 1
17282 0
17283 0
17284 0
17285 1
17286 1
17287 1
17288 0
17289 0
17290 1
17291 0
17292 0
17293 0
17294 0
17295 1
17296 1
17297 1
17298 0
17299 0
17300 0
17301 1
17302 0
17303 0
17304 0
17305 0
17306 1
17307 0
17308 0
17309 1
17310 0
17311 2
17312 0
17313 0
17314 0
17315 0
17316 1
17317 0
17318 0
17319 2
17320 0
17321 1
17322 0
17323 1
17324 0
17325 1
17326 0
17327 1
17328 0
17329 0
17330 0
17331 3
17332 0
17333 0
17334 0
17335 0
17336 0
17337 3
17338 0
17339 0
17340 0
17341 0
17342 0
17343 0
17344 0
17345 1
17346 0
17347 4
17348 1
17349 3
17350 0
17351 0
17352 0
17353 0
17354 1
17355 0
17356 0
17357 1
17358 0
17359 1
17360 1
17361 0
17362 0
17363 0
17364 2
17365 0
17366 2
17367 0
17368 2
17369 0
17370 1
17371 0
17372 1
17373 1
17374 1
17375 1
17376 3
17377 0
17378 0
17379 0
17380 1
17381 0
17382 2
17383 0
17384 1
17385 0
17386 1
17387 0
17388 0
17389 0
17390 1
17391 1
17392 1
17393 0
17394 0
17395 0
17396 2
17397 0
17398 0
17399 0
17400 0
17401 0
17402 1
17403 0
17404 0
17405 0
17406 0
17407 0
17408 0
17409 0
17410 1
17411 0
17412 1
17413 0
17414 3
17415 0
17416 3
17417 1
17418 1
17419 0
17420 0
17421 2
17422 0
17423 1
17424 1
17425 2
17426 1
17427 1
17428 0
17429 1
17430 0
17431 1
17432 1
17433 2
17434 0
17435 2
17436 1
17437 2
17438 1
17439 0
17440 0
17441 2
17442 2
17443 1
17444 0
17445 1
17446 0
17447 2
17448 0
17449 0
17450 0
17451 1
17452 0
17453 3
17454 0
17455 1
17456 0
17457 1
17458 0
17459 2
17460 0
17461 0
17462 0
17463 1
17464 0
17465 1
17466 0
17467 0
17468 0
17469 2
17470 1
17471 0
17472 1
17473 0
17474 1
17475 0
17476 0
17477 1
17478 1
17479 0
17480 1
17481 0
17482 0
17483 2
17484 1
17485 0
17486 1
17487 1
17488 0
17489 1
17490 0
17491 1
17492 0
17493 0
17494 0
17495 0
17496 0
17497 0
17498 0
17499 0
17500 0
17501 0
17502 1
17503 0
17504 1
17505 0
17506 1
17507 0
17508 2
17509 0
17510 0
17511 0
17512 0
17513 0
17514 0
17515 0
17516 2
17517 0
17518 2
17519 1
17520 1
17521 0
17522 0
17523 0
17524 1
17525 0
17526 2
17527 0
17528 1
17529 0
17530 2
17531 0
17532 0
17533 1
17534 1
17535 1
17536 1
17537 0
17538 2
17539 2
17540 1
17541 1
17542 0
17543 0
17544 0
17545 0
17546 1
17547 1
17548 1
17549 1
17550 1
17551 1
17552 0
17553 1
17554 1
17555 1
17556 0
17557 1
17558 0
17559 2
17560 0
17561 1
17562 1
17563 1
17564 0
17565 1
17566 0
17567 1
17568 0
17569 3
17570 0
17571 1
17572 0
17573 0
17574 0
17575 3
17576 0
17577 0
17578 0
17579 2
17580 0
17581 2
17582 0
17583 0
17584 0
17585 1
17586 0
17587 1
17588 0
17589 1
17590 0
17591 0
17592 1
17593 1
17594 1
17595 2
17596 0
17597 1
17598 0
17599 0
17600 1
17601 0
17602 1
17603 0
17604 0
17605 1
17606 0
17607 0
17608 1
17609 2
17610 0
17611 1
17612 0
17613 0
17614 2
17615 1
17616 2
17617 0
17618 0
17619 0
17620 1
17621 0
17622 1
17623 0
17624 1
17625 1
17626 2
17627 1
17628 0
17629 0
17630 2
17631 0
17632 1
17633 0
17634 2
17635 0
17636 3
17637 0
17638 2
17639 0
17640 0
17641 0
17642 1
17643 0
17644 1
17645 1
17646 1
17647 0
17648 1
17649 0
17650 3
17651 1
17652 1
17653 0
17654 1
17655 0
17656 0
17657 1
17658 1
17659 0
17660 0
17661 1
17662 1
17663 0
17664 0
17665 1
17666 3
17667 0
17668 1
17669 0
17670 0
17671 0
17672 0
17673 1
17674 3
17675 0
17676 1
17677 0
17678 0
17679 0
17680 0
17681 1
17682 0
17683 1
17684 1
17685 4
17686 2
17687 0
17688 0
17689 1
17690 1
17691 1
17692 0
17693 1
17694 0
17695 0
17696 0
17697 2
17698 0
17699 1
17700 0
17701 2
17702 0
17703 3
17704 0
17705 3
17706 0
17707 0
17708 0
17709 3
17710 1
17711 1
17712 0
17713 0
17714 0
17715 1
17716 0
17717 1
17718 0
17719 2
17720 0
17721 4
17722 2
17723 1
17724 1
17725 2
17726 0
17727 1
17728 2
17729 0
17730 0
17731 1
17732 0
17733 0
17734 2
17735 3
17736 0
17737 1
17738 1
17739 0
17740 1
17741 1
17742 0
17743 0
17744 0
17745 2
17746 1
17747 2
17748 3
17749 0
17750 1
17751 0
17752 0
17753 0
17754 1
17755 0
17756 1
17757 1
17758 3
17759 0
17760 1
17761 0
17762 2
17763 0
17764 1
17765 0
17766 1
17767 0
17768 1
17769 0
17770 3
17771 0
17772 3
17773 0
17774 1
17775 1
17776 4
17777 1
17778 1
17779 0
17780 1
17781 1
17782 1
17783 1
17784 0
17785 0
17786 2
17787 0
17788 1
17789 1
17790 2
17791 0
17792 1
17793 4
17794 2
17795 0
17796 0
17797 1
17798 2
17799 2
17800 0
17801 0
17802 0
17803 2
17804 1
17805 0
17806 1
17807 2
17808 0
17809 1
17810 1
17811 1
17812 0
17813 2
17814 0
17815 0
17816 1
17817 2
17818 0
17819 0
17820 1
17821 1
17822 0
17823 4
17824 0
17825 3
17826 1
17827 3
17828 0
17829 3
17830 0
17831 3
17832 1
17833 1
17834 0
17835 1
17836 0
17837 3
17838 0
17839 0
17840 0
17841 0
17842 0
17843 1
17844 0
17845 0
17846 0
17847 0
17848 1
17849 1
17850 1
17851 0
17852 0
17853 1
17854 0
17855 0
17856 0
17857 0
17858 0
17859 3
17860 0
17861 0
17862 2
17863 2
17864 0
17865 1
17866 1
17867 0
17868 1
17869 1
17870 1
17871 1
17872 4
17873 0
17874 3
17875 0
17876 2
17877 0
17878 2
17879 0
17880 3
17881 1
17882 2
17883 0
17884 2
17885 0
17886 1
17887 0
17888 1
17889 0
17890 2
17891 0
17892 2
17893 0
17894 3
17895 0
17896 2
17897 0
17898 3
17899 0
17900 3
17901 0
17902 1
17903 0
17904 3
17905 0
17906 1
17907 1
17908 2
17909 0
17910 0
17911 0
17912 2
17913 0
17914 1
17915 2
17916 0
17917 1
17918 0
17919 1
17920 0
17921 2
17922 4
17923 0
17924 3
17925 0
17926 1
17927 1
17928 2
17929 1
17930 0
17931 2
17932 2
17933 1
17934 0
17935 0
17936 0
17937 1
17938 1
17939 0
17940 1
17941 0
17942 0
17943 0
17944 0
17945 2
17946 0
17947 1
17948 1
17949 3
17950 0
17951 0
17952 0
17953 3
17954 0
17955 2
17956 0
17957 0
17958 0
17959 3
17960 0
17961 1
17962 0
17963 2
17964 0
17965 4
17966 0
17967 3
17968 1
17969 3
17970 0
17971 2
17972 1
17973 3
17974 0
17975 4
17976 0
17977 2
17978 1
17979 1
17980 0
17981 4
17982 0
17983 0
17984 0
17985 4
17986 3
17987 1
17988 1
17989 2
17990 1
17991 2
17992 2
17993 2
17994 3
17995 1
17996 1
17997 0
17998 2
17999 0
18000 3
18001 1
18002 2
18003 0
18004 6
18005 3
18006 1
18007 1
18008 2
18009 1
18010 3
18011 0
18012 4
18013 1
18014 3
18015 1
18016 1
18017 0
18018 4
18019 0
18020 2
18021 0
18022 6
18023 1
18024 4
18025 0
18026 4
18027 2
18028 1
18029 0
18030 0
18031 0
18032 4
18033 0
18034 2
18035 1
18036 2
18037 0
18038 1
18039 1
18040 4
18041 0
18042 1
18043 1
18044 0
18045 2
18046 1
18047 0
18048 0
18049 2
18050 4
18051 1
18052 1
18053 2
18054 1
18055 4
18056 1
18057 0
18058 1
18059 1
18060 0
18061 4
18062 0
18063 4
18064 1
18065 3
18066 0
18067 3
18068 0
18069 1
18070 0
18071 2
18072 0
18073 1
18074 1
18075 3
18076 0
18077 2
18078 0
18079 1
18080 0
18081 3
18082 0
18083 4
18084 0
18085 2
18086 0
18087 6
18088 0
18089 3
18090 1
18091 4
18092 0
18093 4
18094 0
18095 0
18096 0
18097 1
18098 0
18099 3
18100 1
18101 3
18102 0
18103 2
18104 1
18105 5
18106 1
18107 6
18108 0
18109 0
18110 4
18111 6
18112 3
18113 0
18114 3
18115 2
18116 2
18117 0
18118 1
18119 2
18120 5
18121 0
18122 1
18123 0
18124 1
18125 1
18126 1
18127 3
18128 0
18129 0
18130 1
18131 1
18132 3
18133 0
18134 1
18135 0
18136 4
18137 0
18138 4
18139 0
18140 1
18141 0
18142 1
18143 0
18144 2
18145 0
18146 2
18147 0
18148 2
18149 0
18150 4
18151 1
18152 1
18153 0
18154 4
18155 0
18156 4
18157 1
18158 3
18159 1
18160 2
18161 0
18162 2
18163 0
18164 4
18165 2
18166 0
18167 1
18168 1
18169 3
18170 2
18171 1
18172 2
18173 1
18174 0
18175 1
18176 1
18177 4
18178 0
18179 3
18180 3
18181 2
18182 1
18183 1
18184 1
18185 2
18186 0
18187 4
18188 0
18189 0
18190 1
18191 3
18192 1
18193 2
18194 0
18195 3
18196 0
18197 4
18198 1
18199 7
18200 1
18201 6
18202 2
18203 4
18204 0
18205 4
18206 0
18207 4
18208 0
18209 2
18210 2
18211 1
18212 0
18213 7
18214 2
18215 4
18216 1
18217 2
18218 0
18219 4
18220 1
18221 2
18222 0
18223 2
18224 1
18225 2
18226 4
18227 1
18228 0
18229 0
18230 2
18231 2
18232 1
18233 2
18234 1
18235 3
18236 1
18237 2
18238 2
18239 0
18240 2
18241 2
18242 1
18243 0
18244 4
18245 1
18246 2
18247 0
18248 0
18249 3
18250 2
18251 3
18252 1
18253 1
18254 8
18255 1
18256 4
18257 1
18258 4
18259 1
18260 2
18261 1
18262 3
18263 1
18264 4
18265 1
18266 5
18267 0
18268 3
18269 0
18270 3
18271 0
18272 6
18273 0
18274 5
18275 0
18276 3
18277 0
18278 4
18279 0
18280 4
18281 1
18282 1
18283 0
18284 5
18285 0
18286 5
18287 1
18288 6
18289 1
18290 3
18291 4
18292 2
18293 3
18294 3
18295 1
18296 2
18297 3
18298 5
18299 3
18300 1
18301 3
18302 1
18303 1
18304 3
18305 6
18306 2
18307 3
18308 0
18309 5
18310 0
18311 2
18312 1
18313 4
18314 0
18315 3
18316 3
18317 2
18318 2
18319 2
18320 0
18321 3
18322 1
18323 2
18324 0
18325 5
18326 0
18327 5
18328 0
18329 6
18330 0
18331 3
18332 0
18333 11
18334 0
18335 2
18336 0
18337 5
18338 1
18339 6
18340 1
18341 4
18342 1
18343 3
18344 0
18345 1
18346 2
18347 3
18348 2
18349 5
18350 1
18351 4
18352 1
18353 4
18354 2
18355 2
18356 1
18357 0
18358 1
18359 2
18360 2
18361 3
18362 3
18363 3
18364 2
18365 2
18366 4
18367 0
18368 2
18369 1
18370 1
18371 2
18372 7
18373 1
18374 4
18375 0
18376 3
18377 2
18378 2
18379 0
18380 1
18381 0
18382 3
18383 0
18384 4
18385 2
18386 7
18387 0
18388 3
18389 1
18390 3
18391 0
18392 3
18393 0
18394 1
18395 0
18396 7
18397 0
18398 4
18399 0
18400 4
18401 0
18402 7
18403 0
18404 4
18405 2
18406 2
18407 1
18408 2
18409 1
18410 4
18411 3
18412 5
18413 0
18414 3
18415 1
18416 1
18417 1
18418 2
18419 3
18420 1
18421 1
18422 3
18423 0
18424 1
18425 3
18426 1
18427 0
18428 1
18429 3
18430 1
18431 1
18432 2
18433 0
18434 2
18435 1
18436 2
18437 2
18438 1
18439 5
18440 1
18441 3
18442 2
18443 1
18444 0
18445 1
18446 2
18447 2
18448 0
18449 2
18450 0
18451 9
18452 0
18453 4
18454 0
18455 2
18456 0
18457 7
18458 0
18459 4
18460 0
18461 3
18462 0
18463 7
18464 0
18465 5
18466 0
18467 5
18468 0
18469 0
18470 2
18471 0
18472 1
18473 2
18474 0
18475 6
18476 1
18477 2
18478 4
18479 4
18480 2
18481 1
18482 1
18483 4
18484 2
18485 1
18486 1
18487 4
18488 3
18489 2
18490 3
18491 5
18492 2
18493 4
18494 2
18495 2
18496 1
18497 1
18498 3
18499 2
18500 2
18501 1
18502 1
18503 0
18504 6
18505 1
18506 5
18507 0
18508 2
18509 0
18510 2
18511 0
18512 5
18513 0
18514 4
18515 1
18516 6
18517 0
18518 6
18519 0
18520 9
18521 0
18522 3
18523 0
18524 7
18525 0
18526 4
18527 0
18528 10
18529 0
18530 5
18531 0
18532 0
18533 1
18534 4
18535 0
18536 5
18537 3
18538 2
18539 0
18540 1
18541 5
18542 3
18543 1
18544 2
18545 1
18546 2
18547 2
18548 2
18549 2
18550 2
18551 4
18552 5
18553 1
18554 1
18555 2
18556 5
18557 3
18558 1
18559 1
18560 3
18561 4
18562 2
18563 3
18564 1
18565 1
18566 4
18567 3
18568 0
18569 4
18570 0
18571 3
18572 1
18573 0
18574 2
18575 1
18576 0
18577 4
18578 1
18579 3
18580 0
18581 4
18582 0
18583 7
18584 0
18585 9
18586 0
18587 9
18588 1
18589 6
18590 1
18591 2
18592 2
18593 8
18594 1
18595 2
18596 1
18597 5
18598 0
18599 6
18600 0
18601 1
18602 2
18603 3
18604 2
18605 3
18606 3
18607 3
18608 0
18609 2
18610 3
18611 3
18612 1
18613 7
18614 3
18615 1
18616 0
18617 4
18618 0
18619 0
18620 1
18621 1
18622 6
18623 1
18624 2
18625 1
18626 3
18627 2
18628 2
18629 1
18630 2
18631 1
18632 6
18633 3
18634 1
18635 3
18636 1
18637 1
18638 4
18639 1
18640 1
18641 2
18642 2
18643 0
18644 3
18645 1
18646 8
18647 0
18648 5
18649 0
18650 5
18651 0
18652 4
18653 1
18654 4
18655 0
18656 6
18657 0
18658 4
18659 2
18660 4
18661 0
18662 2
18663 1
18664 5
18665 3
18666 4
18667 0
18668 8
18669 2
18670 4
18671 2
18672 3
18673 4
18674 3
18675 3
18676 4
18677 2
18678 2
18679 1
18680 2
18681 2
18682 2
18683 0
18684 2
18685 7
18686 1
18687 4
18688 2
18689 1
18690 1
18691 4
18692 4
18693 6
18694 1
18695 3
18696 0
18697 9
18698 0
18699 3
18700 1
18701 6
18702 0
18703 5
18704 1
18705 1
18706 0
18707 3
18708 0
18709 6
18710 0
18711 4
18712 0
18713 8
18714 0
18715 8
18716 0
18717 5
18718 0
18719 5
18720 0
18721 5
18722 1
18723 1
18724 1
18725 4
18726 3
18727 1
18728 0
18729 6
18730 1
18731 3
18732 0
18733 4
18734 2
18735 5
18736 1
18737 1
18738 3
18739 2
18740 0
18741 3
18742 6
18743 1
18744 1
18745 2
18746 3
18747 0
18748 2
18749 3
18750 0
18751 5
18752 3
18753 0
18754 4
18755 2
18756 3
18757 2
18758 7
18759 2
18760 4
18761 3
18762 4
18763 0
18764 3
18765 0
18766 6
18767 1
18768 7
18769 1
18770 6
18771 0
18772 5
18773 0
18774 6
18775 0
18776 9
18777 1
18778 3
18779 0
18780 6
18781 1
18782 5
18783 0
18784 5
18785 0
18786 7
18787 0
18788 5
18789 2
18790 2
18791 2
18792 1
18793 3
18794 4
18795 1
18796 3
18797 1
18798 2
18799 2
18800 2
18801 3
18802 3
18803 3
18804 0
18805 2
18806 4
18807 2
18808 6
18809 1
18810 1
18811 4
18812 0
18813 5
18814 3
18815 0
18816 2
18817 6
18818 2
18819 0
18820 0
18821 3
18822 0
18823 0
18824 0
18825 6
18826 0
18827 5
18828 2
18829 3
18830 1
18831 6
18832 3
18833 2
18834 0
18835 7
18836 0
18837 9
18838 0
18839 4
18840 0
18841 3
18842 0
18843 2
18844 0
18845 6
18846 0
18847 3
18848 0
18849 1
18850 0
18851 6
18852 2
18853 3
18854 1
18855 1
18856 3
18857 5
18858 1
18859 3
18860 2
18861 5
18862 2
18863 3
18864 0
18865 5
18866 2
18867 4
18868 1
18869 1
18870 2
18871 2
18872 2
18873 1
18874 5
18875 4
18876 2
18877 0
18878 4
18879 1
18880 5
18881 1
18882 5
18883 0
18884 4
18885 0
18886 2
18887 2
18888 8
18889 2
18890 3
18891 1
18892 2
18893 0
18894 8
18895 0
18896 2
18897 1
18898 5
18899 0
18900 6
18901 0
18902 3
18903 1
18904 3
18905 0
18906 3
18907 0
18908 6
18909 1
18910 4
18911 1
18912 6
18913 0
18914 1
18915 2
18916 3
18917 0
18918 5
18919 2
18920 0
18921 2
18922 1
18923 1
18924 2
18925 1
18926 1
18927 4
18928 6
18929 0
18930 2
18931 2
18932 2
18933 2
18934 1
18935 4
18936 3
18937 2
18938 1
18939 5
18940 1
18941 3
18942 2
18943 2
18944 2
18945 6
18946 1
18947 1
18948 0
18949 1
18950 0
18951 5
18952 0
18953 8
18954 1
18955 1
18956 0
18957 7
18958 0
18959 2
18960 0
18961 7
18962 0
18963 3
18964 0
18965 4
18966 0
18967 6
18968 0
18969 6
18970 1
18971 3
18972 1
18973 3
18974 0
18975 5
18976 1
18977 3
18978 1
18979 4
18980 1
18981 1
18982 1
18983 2
18984 1
18985 4
18986 2
18987 5
18988 0
18989 2
18990 3
18991 1
18992 0
18993 3
18994 1
18995 2
18996 2
18997 5
18998 3
18999 2
19000 4
19001 2
19002 3
19003 1
19004 1
19005 3
19006 1
19007 2
19008 1
19009 0
19010 2
19011 0
19012 2
19013 1
19014 5
19015 0
19016 6
19017 0
19018 5
19019 0
19020 3
19021 0
19022 2
19023 0
19024 6
19025 0
19026 4
19027 0
19028 5
19029 0
19030 4
19031 0
19032 6
19033 1
19034 1
19035 1
19036 3
19037 0
19038 5
19039 0
19040 3
19041 1
19042 6
19043 1
19044 3
19045 1
19046 2
19047 2
19048 4
19049 1
19050 1
19051 2
19052 3
19053 1
19054 2
19055 4
19056 1
19057 5
19058 1
19059 1
19060 3
19061 0
19062 4
19063 2
19064 2
19065 1
19066 2
19067 5
19068 3
19069 1
19070 0
19071 3
19072 1
19073 3
19074 3
19075 4
19076 1
19077 4
19078 0
19079 3
19080 0
19081 3
19082 0
19083 4
19084 0
19085 6
19086 0
19087 5
19088 0
19089 3
19090 0
19091 3
19092 0
19093 1
19094 0
19095 2
19096 2
19097 4
19098 1
19099 6
19100 0
19101 4
19102 0
19103 6
19104 0
19105 3
19106 2
19107 3
19108 2
19109 2
19110 1
19111 0
19112 1
19113 0
19114 3
19115 3
19116 0
19117 1
19118 1
19119 0
19120 3
19121 0
19122 2
19123 2
19124 6
19125 2
19126 0
19127 1
19128 1
19129 4
19130 1
19131 1
19132 4
19133 1
19134 2
19135 0
19136 4
19137 1
19138 3
19139 0
19140 2
19141 1
19142 4
19143 0
19144 4
19145 1
19146 4
19147 0
19148 3
19149 0
19150 1
19151 0
19152 3
19153 0
19154 5
19155 0
19156 5
19157 0
19158 2
19159 0
19160 1
19161 1
19162 2
19163 0
19164 1
19165 1
19166 4
19167 1
19168 4
19169 2
19170 4
19171 0
19172 4
19173 0
19174 2
19175 1
19176 2
19177 1
19178 2
19179 0
19180 1
19181 2
19182 0
19183 1
19184 3
19185 3
19186 2
19187 1
19188 1
19189 1
19190 3
19191 5
19192 2
19193 2
19194 2
19195 1
19196 0
19197 4
19198 1
19199 5
19200 0
19201 2
19202 1
19203 7
19204 1
19205 1
19206 0
19207 4
19208 0
19209 3
19210 0
19211 4
19212 0
19213 5
19214 0
19215 2
19216 0
19217 1
19218 0
19219 2
19220 0
19221 2
19222 0
19223 2
19224 0
19225 1
19226 0
19227 1
19228 2
19229 2
19230 0
19231 4
19232 1
19233 1
19234 0
19235 1
19236 0
19237 1
19238 0
19239 1
19240 0
19241 3
19242 0
19243 1
19244 2
19245 2
19246 2
19247 0
19248 1
19249 1
19250 3
19251 1
19252 3
19253 2
19254 1
19255 2
19256 4
19257 1
19258 3
19259 1
19260 4
19261 1
19262 2
19263 0
19264 0
19265 3
19266 4
19267 1
19268 1
19269 1
19270 1
19271 1
19272 5
19273 2
19274 1
19275 0
19276 1
19277 0
19278 0
19279 0
19280 2
19281 0
19282 2
19283 0
19284 2
19285 0
19286 2
19287 0
19288 2
19289 1
19290 0
19291 1
19292 0
19293 1
19294 2
19295 0
19296 2
19297 1
19298 4
19299 1
19300 2
19301 1
19302 1
19303 1
19304 4
19305 0
19306 2
19307 0
19308 3
19309 2
19310 3
19311 1
19312 2
19313 1
19314 0
19315 2
19316 0
19317 0
19318 1
19319 1
19320 0
19321 2
19322 1
19323 1
19324 0
19325 3
19326 0
19327 1
19328 0
19329 3
19330 0
19331 3
19332 0
19333 3
19334 0
19335 3
19336 1
19337 3
19338 1
19339 3
19340 0
19341 2
19342 0
19343 5
19344 1
19345 2
19346 0
19347 5
19348 1
19349 2
19350 0
19351 1
19352 0
19353 0
19354 1
19355 2
19356 0
19357 1
19358 0
19359 3
19360 0
19361 1
19362 0
19363 4
19364 2
19365 2
19366 1
19367 1
19368 1
19369 0
19370 0
19371 0
19372 0
19373 2
19374 1
19375 0
19376 1
19377 0
19378 0
19379 2
19380 0
19381 1
19382 2
19383 1
19384 2
19385 0
19386 2
19387 0
19388 4
19389 1
19390 3
19391 0
19392 2
19393 1
19394 2
19395 1
19396 3
19397 0
19398 1
19399 0
19400 1
19401 0
19402 2
19403 0
19404 2
19405 0
19406 4
19407 0
19408 1
19409 0
19410 4
19411 0
19412 2
19413 0
19414 4
19415 0
19416 2
19417 0
19418 3
19419 0
19420 2
19421 0
19422 1
19423 0
19424 3
19425 0
19426 1
19427 0
19428 1
19429 0
19430 2
19431 1
19432 0
19433 0
19434 1
19435 2
19436 1
19437 0
19438 1
19439 1
19440 0
19441 0
19442 1
19443 0
19444 0
19445 0
19446 0
19447 0
19448 0
19449 1
19450 0
19451 2
19452 1
19453 0
19454 1
19455 2
19456 1
19457 1
19458 1
19459 1
19460 1
19461 1
19462 0
19463 5
19464 0
19465 1
19466 0
19467 1
19468 0
19469 1
19470 0
19471 5
19472 0
19473 2
19474 0
19475 0
19476 0
19477 2
19478 1
19479 1
19480 0
19481 0
19482 0
19483 1
19484 0
19485 3
19486 0
19487 2
19488 3
19489 0
19490 3
19491 0
19492 0
19493 2
19494 0
19495 1
19496 0
19497 0
19498 0
19499 1
19500 1
19501 0
19502 2
19503 1
19504 2
19505 0
19506 3
19507 1
19508 2
19509 0
19510 3
19511 2
19512 2
19513 0
19514 2
19515 1
19516 0
19517 1
19518 0
19519 0
19520 1
19521 0
19522 1
19523 0
19524 1
19525 0
19526 3
19527 0
19528 0
19529 0
19530 1
19531 0
19532 5
19533 0
19534 0
19535 0
19536 3
19537 0
19538 1
19539 0
19540 1
19541 0
19542 3
19543 0
19544 2
19545 0
19546 0
19547 1
19548 0
19549 0
19550 5
19551 0
19552 1
19553 0
19554 2
19555 0
19556 1
19557 1
19558 1
19559 1
19560 1
19561 2
19562 0
19563 2
19564 0
19565 1
19566 1
19567 0
19568 2
19569 1
19570 0
19571 0
19572 0
19573 1
19574 0
19575 1
19576 0
19577 0
19578 0
19579 1
19580 1
19581 3
19582 0
19583 3
19584 0
19585 0
19586 0
19587 1
19588 0
19589 1
19590 0
19591 2
19592 0
19593 2
19594 0
19595 1
19596 0
19597 2
19598 0
19599 3
19600 1
19601 2
19602 0
19603 1
19604 0
19605 1
19606 1
19607 3
19608 0
19609 1
19610 1
19611 1
19612 1
19613 1
19614 0
19615 2
19616 0
19617 0
19618 1
19619 1
19620 0
19621 1
19622 0
19623 2
19624 0
19625 1
19626 0
19627 0
19628 0
19629 0
19630 0
19631 3
19632 3
19633 1
19634 2
19635 0
19636 0
19637 0
19638 3
19639 0
19640 1
19641 0
19642 1
19643 0
19644 2
19645 0
19646 2
19647 0
19648 0
19649 0
19650 2
19651 0
19652 0
19653 0
19654 1
19655 0
19656 3
19657 0
19658 1
19659 0
19660 2
19661 0
19662 1
19663 0
19664 1
19665 0
19666 5
19667 0
19668 1
19669 0
19670 0
19671 1
19672 0
19673 1
19674 2
19675 2
19676 1
19677 0
19678 0
19679 1
19680 0
19681 0
19682 1
19683 1
19684 0
19685 2
19686 1
19687 2
19688 1
19689 0
19690 1
19691 0
19692 0
19693 0
19694 0
19695 3
19696 1
19697 0
19698 1
19699 1
19700 1
19701 0
19702 0
19703 1
19704 1
19705 0
19706 1
19707 0
19708 0
19709 2
19710 0
19711 1
19712 1
19713 0
19714 0
19715 1
19716 0
19717 1
19718 0
19719 0
19720 0
19721 1
19722 0
19723 1
19724 0
19725 4
19726 0
19727 0
19728 0
19729 1
19730 0
19731 2
19732 1
19733 0
19734 0
19735 1
19736 0
19737 2
19738 1
19739 1
19740 1
19741 2
19742 2
19743 0
19744 0
19745 1
19746 0
19747 0
19748 0
19749 0
19750 0
19751 1
19752 0
19753 0
19754 0
19755 2
19756 0
19757 3
19758 3
19759 0
19760 0
19761 0
19762 2
19763 0
19764 0
19765 0
19766 3
19767 0
19768 0
19769 0
19770 2
19771 0
19772 1
19773 1
19774 0
19775 0
19776 1
19777 0
19778 0
19779 0
19780 0
19781 0
19782 1
19783 0
19784 1
19785 0
19786 0
19787 0
19788 3
19789 0
19790 0
19791 1
19792 1
19793 1
19794 1
19795 0
19796 0
19797 0
19798 1
19799 0
19800 1
19801 0
19802 3
19803 0
19804 1
19805 0
19806 0
19807 0
19808 0
19809 1
19810 1
19811 1
19812 1
19813 0
19814 1
19815 1
19816 0
19817 0
19818 0
19819 1
19820 0
19821 0
19822 2
19823 0
19824 1
19825 0
19826 0
19827 1
19828 0
19829 0
19830 0
19831 1
19832 0
19833 1
19834 0
19835 2
19836 0
19837 2
19838 0
19839 1
19840 1
19841 0
19842 0
19843 4
19844 0
19845 1
19846 0
19847 2
19848 0
19849 0
19850 0
19851 0
19852 0
19853 3
19854 0
19855 2
19856 0
19857 1
19858 0
19859 0
19860 0
19861 0
19862 1
19863 0
19864 0
19865 1
19866 0
19867 0
19868 1
19869 1
19870 1
19871 0
19872 0
19873 3
19874 1
19875 0
19876 0
19877 1
19878 0
19879 0
19880 0
19881 0
19882 1
19883 1
19884 1
19885 0
19886 0
19887 0
19888 0
19889 0
19890 1
19891 1
19892 0
19893 1
19894 0
19895 0
19896 1
19897 0
19898 2
19899 0
19900 2
19901 0
19902 2
19903 0
19904 0
19905 0
19906 1
19907 0
19908 2
19909 0
19910 1
19911 0
19912 0
19913 0
19914 0
19915 0
19916 0
19917 0
19918 2
19919 0
19920 1
19921 0
19922 1
19923 1
19924 0
19925 0
19926 0
19927 2
19928 0
19929 0
19930 0
19931 0
19932 1
19933 1
19934 1
19935 1
19936 0
19937 0
19938 0
19939 2
19940 1
19941 0
19942 0
19943 0
19944 1
19945 1
19946 0
19947 0
19948 0
19949 1
19950 0
19951 1
19952 0
19953 0
19954 0
19955 1
19956 0
19957 0
19958 0
19959 2
19960 0
19961 2
19962 0
19963 0
19964 0
19965 2
19966 0
19967 1
19968 0
19969 3
19970 0
19971 3
19972 0
19973 1
19974 0
19975 1
19976 0
19977 0
19978 0
19979 1
19980 0
19981 1
19982 0
19983 0
19984 1
19985 0
19986 0
19987 2
19988 0
19989 1
19990 0
19991 1
19992 0
19993 0
19994 0
19995 0
19996 0
19997 0
19998 0
19999 0
20000 0
20001 1
20002 1
20003 0
20004 1
20005 3
20006 2
20007 1
20008 0
20009 0
20010 0
20011 0
20012 0
20013 0
20014 1
20015 1
20016 1
20017 0
20018 1
20019 0
20020 0
20021 0
20022 3
20023 0
20024 0
20025 0
20026 0
20027 0
20028 1
20029 0
20030 0
20031 0
20032 0
20033 0
20034 0
20035 0
20036 0
20037 0
20038 1
20039 0
20040 0
20041 1
20042 0
20043 0
20044 1
20045 0
20046 0
20047 1
20048 1
20049 0
20050 0
20051 0
20052 2
20053 0
20054 0
20055 0
20056 2
20057 0
20058 1
20059 0
20060 1
20061 0
20062 1
20063 1
20064 0
20065 0
20066 1
20067 1
20068 1
20069 1
20070 0
20071 0
20072 0
20073 1
20074 0
20075 0
20076 0
20077 1
20078 0
20079 0
20080 1
20081 2
20082 0
20083 0
20084 0
20085 0
20086 1
20087 0
20088 0
20089 0
20090 0
20091 1
20092 0
20093 1
20094 0
20095 1
20096 0
20097 2
20098 0
20099 0
20100 0
20101 2
20102 0
20103 0
20104 0
20105 1
20106 0
20107 1
20108 0
20109 0
20110 0
20111 0
20112 0
20113 0
20114 0
20115 0
20116 1
20117 0
20118 0
20119 0
20120 0
20121 1
20122 1
20123 0
20124 0
20125 0
20126 1
20127 0
20128 0
20129 0
20130 0
20131 0
20132 1
20133 1
20134 0
20135 1
20136 0
20137 0
20138 1
20139 1
20140 0
20141 1
20142 1
20143 0
20144 2
20145 0
20146 2
20147 0
20148 1
20149 0
20150 1
20151 0
20152 0
20153 0
20154 0
20155 0
20156 0
20157 0
20158 1
20159 0
20160 2
20161 0
20162 0
20163 0
20164 2
20165 0
20166 1
20167 0
20168 1
20169 0
20170 1
20171 0
20172 0
20173 1
20174 2
20175 0
20176 0
20177 1
20178 0
20179 1
20180 1
20181 0
20182 0
20183 0
20184 0
20185 0
20186 1
20187 0
20188 2
20189 0
20190 0
20191 0
20192 0
20193 0
20194 0
20195 0
20196 0
20197 0
20198 0
20199 0
20200 0
20201 1
20202 1
20203 0
20204 0
20205 0
20206 0
20207 3
20208 0
20209 0
20210 0
20211 0
20212 1
20213 1
20214 0
20215 1
20216 0
20217 0
20218 0
20219 0
20220 0
20221 3
20222 0
20223 2
20224 0
20225 0
20226 0
20227 1
20228 0
20229 0
20230 0
20231 0
20232 0
20233 0
20234 0
20235 1
20236 0
20237 1
20238 0
20239 0
20240 0
20241 1
20242 2
20243 0
20244 0
20245 1
20246 2
20247 0
20248 0
20249 0
20250 0
20251 0
20252 1
20253 1
20254 0
20255 2
20256 0
20257 1
20258 1
20259 0
20260 0
20261 0
20262 1
20263 1
20264 0
20265 0
20266 0
20267 0
20268 0
20269 0
20270 1
20271 0
20272 1
20273 0
20274 0
20275 0
20276 0
20277 0
20278 0
20279 0
20280 0
20281 0
20282 1
20283 0
20284 1
20285 0
20286 0
20287 0
20288 0
20289 0
20290 1
20291 0
20292 0
20293 0
20294 0
20295 0
20296 3
20297 0
20298 0
20299 0
20300 2
20301 0
20302 0
20303 0
20304 0
20305 0
20306 0
20307 0
20308 0
20309 0
20310 0
20311 1
20312 0
20313 0
20314 0
20315 0
20316 0
20317 1
20318 1
20319 0
20320 0
20321 0
20322 1
20323 0
20324 0
20325 2
20326 1
20327 1
20328 1
20329 0
20330 0
20331 0
20332 0
20333 0
20334 0
20335 0
20336 0
20337 2
20338 0
20339 0
20340 0
20341 1
20342 0
20343 0
20344 0
20345 0
20346 0
20347 1
20348 0
20349 0
20350 0
20351 0
20352 0
20353 0
20354 0
20355 2
20356 0
20357 0
20358 0
20359 1
20360 0
20361 2
20362 0
20363 1
20364 0
20365 0
20366 0
20367 0
20368 0
20369 0
20370 0
20371 0
20372 0
20373 1
20374 0
20375 0
20376 0
20377 1
20378 0
20379 0
20380 0
20381 1
20382 0
20383 0
20384 0
20385 0
20386 1
20387 0
20388 0
20389 0
20390 2
20391 0
20392 0
20393 0
20394 1
20395 0
20396 0
20397 0
20398 0
20399 0
20400 0
20401 0
20402 1
20403 0
20404 1
20405 0
20406 0
20407 0
20408 0
20409 0
20410 0
20411 0
20412 0
20413 0
20414 0
20415 0
20416 0
20417 0
20418 0
20419 0
20420 0
20421 0
20422 2
20423 0
20424 1
20425 0
20426 0
20427 0
20428 0
20429 1
20430 0
20431 0
20432 1
20433 0
20434 2
20435 0
20436 2
20437 0
20438 1
20439 1
20440 0
20441 0
20442 0
20443 0
20444 0
20445 1
20446 0
20447 1
20448 0
20449 1
20450 0
20451 0
20452 0
20453 3
20454 0
20455 0
20456 1
20457 0
20458 0
20459 0
20460 0
20461 0
20462 0
20463 1
20464 0
20465 0
20466 0
20467 1
20468 0
20469 0
20470 0
20471 1
20472 0
20473 1
20474 0
20475 0
20476 0
20477 2
20478 0
20479 2
20480 0
20481 0
20482 0
20483 0
20484 1
20485 0
20486 0
20487 0
20488 1
20489 0
20490 0
20491 1
20492 0
20493 0
20494 0
20495 0
20496 0
20497 1
20498 0
20499 0
20500 0
20501 0
20502 0
20503 0
20504 0
20505 0
20506 0
20507 1
20508 0
20509 0
20510 0
20511 1
20512 0
20513 0
20514 2
20515 0
20516 1
20517 1
20518 1
20519 0
20520 0
20521 0
20522 1
20523 0
20524 0
20525 0
20526 0
20527 1
20528 1
20529 0
20530 0
20531 0
20532 0
20533 0
20534 0
20535 0
20536 2
20537 0
20538 1
20539 0
20540 0
20541 0
20542 1
20543 0
20544 0
20545 1
20546 0
20547 0
20548 1
20549 0
20550 1
20551 0
20552 0
20553 0
20554 0
20555 0
20556 0
20557 0
20558 0
20559 0
20560 0
20561 0
20562 0
20563 0
20564 0
20565 0
20566 0
20567 1
20568 0
20569 0
20570 0
20571 0
20572 0
20573 0
20574 0
20575 0
20576 0
20577 0
20578 0
20579 1
20580 0
20581 0
20582 0
20583 0
20584 0
20585 0
20586 0
20587 1
20588 0
20589 1
20590 0
20591 0
20592 0
20593 0
20594 0
20595 0
20596 0
20597 1
20598 0
20599 0
20600 0
20601 2
20602 0
20603 0
20604 0
20605 0
20606 0
20607 0
20608 0
20609 0
20610 1
20611 1
20612 0
20613 0
20614 1
20615 1
20616 0
20617 1
20618 0
20619 0
20620 0
20621 1
20622 0
20623 0
20624 0
20625 1
20626 0
20627 2
20628 0
20629 0
20630 0
20631 1
20632 1
20633 0
20634 1
20635 0
20636 0
20637 0
20638 1
20639 0
20640 0
20641 0
20642 0
20643 0
20644 0
20645 0
20646 0
20647 0
20648 0
20649 0
20650 0
20651 0
20652 0
20653 0
20654 0
20655 0
20656 0
20657 0
20658 1
20659 0
20660 0
20661 0
20662 0
20663 0
20664 0
20665 0
20666 1
20667 0
20668 0
20669 0
20670 0
20671 0
20672 0
20673 0
20674 0
20675 0
20676 0
20677 0
20678 0
20679 0
20680 0
20681 0
20682 2
20683 0
20684 0
20685 2
20686 1
20687 0
20688 0
20689 0
20690 0
20691 0
20692 0
20693 0
20694 0
20695 0
20696 0
20697 0
20698 0
20699 0
20700 0
20701 0
20702 0
20703 0
20704 0
20705 0
20706 1
20707 2
20708 0
20709 0
20710 0
20711 2
20712 0
20713 0
20714 0
20715 0
20716 0
20717 1
20718 0
20719 0
20720 0
20721 0
20722 0
20723 0
20724 0
20725 0
20726 0
20727 1
20728 0
20729 0
20730 0
20731 0
20732 0
20733 0
20734 0
20735 0
20736 0
20737 1
20738 0
20739 2
20740 0
20741 0
20742 0
20743 0
20744 0
20745 0
20746 0
20747 1
20748 0
20749 0
20750 0
20751 0
20752 0
20753 0
20754 0
20755 0
20756 0
20757 0
20758 0
20759 0
20760 0
20761 0
20762 1
20763 0
20764 0
20765 0
20766 0
20767 0
20768 0
20769 0
20770 1
20771 0
20772 0
20773 0
20774 1
20775 0
20776 0
20777 0
20778 0
20779 0
20780 0
20781 0
20782 0
20783 0
20784 0
20785 0
20786 1
20787 0
20788 1
20789 0
20790 0
20791 0
20792 0
20793 0
20794 0
20795 0
20796 1
20797 0
20798 0
20799 0
20800 0
20801 0
20802 2
20803 0
20804 0
20805 0
20806 0
20807 0
20808 0
20809 0
20810 0
20811 1
20812 0
20813 0
20814 1
20815 0
20816 0
20817 0
20818 1
20819 0
20820 1
20821 0
20822 0
20823 0
20824 0
20825 0
20826 0
20827 0
20828 0
20829 0
20830 0
20831 0
20832 0
20833 1
20834 0
20835 1
20836 0
20837 0
20838 0
20839 0
20840 0
20841 0
20842 0
20843 1
20844 0
20845 0
20846 0
20847 0
20848 0
20849 1
20850 0
20851 1
20852 0
20853 0
20854 0
20855 2
20856 0
20857 1
20858 0
20859 0
20860 0
20861 1
20862 0
20863 1
20864 0
20865 0
20866 0
20867 0
20868 0
20869 0
20870 0
20871 0
20872 0
20873 0
20874 0
20875 0
20876 1
20877 0
20878 0
20879 0
20880 0
20881 0
20882 0
20883 0
20884 1
20885 0
20886 0
20887 1
20888 1
20889 0
20890 0
20891 0
20892 0
20893 0
20894 0
20895 0
20896 1
20897 0
20898 0
20899 0
20900 0
20901 0
20902 0
20903 1
20904 0
20905 0
20906 0
20907 0
20908 0
20909 0
20910 0
20911 0
20912 0
20913 0
20914 0
20915 0
20916 0
20917 0
20918 2
20919 0
20920 1
20921 0
20922 1
20923 0
20924 0
20925 0
20926 0
20927 0
20928 0
20929 0
20930 0
20931 1
20932 0
20933 0
20934 0
20935 0
20936 0
20937 0
20938 0
20939 0
20940 0
20941 0
20942 0
20943 0
20944 1
20945 0
20946 0
20947 0
20948 1
20949 0
20950 0
20951 1
20952 0
20953 0
20954 0
20955 0
20956 1
20957 0
20958 0
20959 1
20960 0
20961 0
20962 0
20963 2
20964 0
20965 0
20966 0
20967 0
20968 0
20969 0
20970 0
20971 1
20972 0
20973 0
20974 0
20975 1
20976 0
20977 0
20978 0
20979 2
20980 0
20981 0
20982 0
20983 0
20984 0
20985 0
20986 0
20987 0
20988 0
20989 1
20990 0
20991 0
20992 0
20993 0
20994 0
20995 1
20996 0
20997 0
20998 0
20999 1
21000 1
21001 0
21002 0
21003 0
21004 0
21005 1
21006 1
21007 0
21008 0
21009 0
21010 1
21011 0
21012 0
21013 0
21014 0
21015 0
21016 0
21017 0
21018 0
21019 0
21020 1
21021 0
21022 1
21023 0
21024 1
21025 0
21026 0
21027 0
21028 0
21029 1
21030 0
21031 0
21032 0
21033 0
21034 0
21035 0
21036 0
21037 0
21038 0
21039 0
21040 0
21041 0
21042 1
21043 0
21044 0
21045 0
21046 1
21047 0
21048 0
21049 0
21050 1
21051 1
21052 0
21053 0
21054 0
21055 0
21056 1
21057 0
21058 0
21059 1
21060 0
21061 0
21062 0
21063 0
21064 0
21065 0
21066 0
21067 0
21068 0
21069 0
21070 0
21071 1
21072 0
21073 0
21074 0
21075 0
21076 0
21077 0
21078 0
21079 1
21080 0
21081 0
21082 1
21083 0
21084 0
21085 0
21086 0
21087 0
21088 0
21089 0
21090 0
21091 0
21092 0
21093 0
21094 0
21095 0
21096 0
21097 0
21098 0
21099 0
21100 0
21101 0
21102 1
21103 0
21104 0
21105 0
21106 0
21107 0
21108 0
21109 0
21110 0
21111 0
21112 0
21113 0
21114 0
21115 1
21116 0
21117 0
21118 0
21119 0
21120 0
21121 0
21122 0
21123 0
21124 0
21125 0
21126 0
21127 0
21128 0
21129 0
21130 0
21131 0
21132 0
21133 0
21134 0
21135 0
21136 0
21137 0
21138 0
21139 0
21140 0
21141 0
21142 0
21143 0
21144 0
21145 0
21146 0
21147 0
21148 0
21149 0
21150 0
21151 0
21152 1
21153 0
21154 1
21155 0
21156 0
21157 1
21158 1
21159 0
21160 0
21161 0
21162 1
21163 0
21164 0
21165 0
21166 1
21167 0
21168 0
21169 0
21170 0
21171 0
21172 0
21173 0
21174 0
21175 0
21176 0
21177 0
21178 0
21179 0
21180 0
21181 0
21182 0
21183 0
21184 0
21185 0
21186 1
21187 0
21188 0
21189 0
21190 0
21191 0
21192 0
21193 0
21194 0
21195 1
21196 1
21197 0
21198 1
21199 0
21200 0
21201 1
21202 0
21203 0
21204 0
21205 0
21206 0
21207 0
21208 0
21209 0
21210 0
21211 0
21212 0
21213 0
21214 0
21215 0
21216 0
21217 0
21218 0
21219 0
21220 0
21221 0
21222 0
21223 0
21224 0
21225 0
21226 0
21227 0
21228 0
21229 1
21230 0
21231 0
21232 0
21233 1
21234 0
21235 0
21236 0
21237 1
21238 1
21239 0
21240 0
21241 0
21242 0
21243 0
21244 0
21245 0
21246 0
21247 0
21248 0
21249 0
21250 0
21251 1
21252 0
21253 1
21254 0
21255 0
21256 0
21257 0
21258 0
21259 0
21260 0
21261 0
21262 0
21263 0
21264 0
21265 0
21266 0
21267 1
21268 0
21269 0
21270 1
21271 1
21272 0
21273 0
21274 1
21275 1
21276 0
21277 1
21278 0
21279 0
21280 0
21281 0
21282 0
21283 0
21284 0
21285 1
21286 1
21287 0
21288 0
21289 0
21290 1
21291 0
21292 0
21293 0
21294 0
21295 0
21296 0
21297 0
21298 0
21299 0
21300 1
21301 0
21302 0
21303 0
21304 0
21305 0
21306 0
21307 0
21308 0
21309 0
21310 0
21311 0
21312 0
21313 0
21314 0
21315 0
21316 0
21317 0
21318 0
21319 0
21320 0
21321 0
21322 1
21323 2
21324 1
21325 0
21326 0
21327 0
21328 1
21329 0
21330 0
21331 0
21332 0
21333 1
21334 1
21335 0
21336 1
21337 0
21338 0
21339 0
21340 0
21341 0
21342 0
21343 1
21344 1
21345 1
21346 0
21347 0
21348 0
21349 1
21350 0
21351 0
21352 0
21353 0
21354 0
21355 0
21356 0
21357 0
21358 0
21359 0
21360 0
21361 0
21362 0
21363 0
21364 0
21365 2
21366 0
21367 0
21368 0
21369 0
21370 0
21371 0
21372 0
21373 1
21374 0
21375 0
21376 0
21377 0
21378 0
21379 1
21380 0
21381 0
21382 1
21383 0
21384 0
21385 0
21386 0
21387 0
21388 0
21389 0
21390 0
21391 0
21392 0
21393 1
21394 1
21395 0
21396 0
21397 0
21398 0
21399 0
21400 0
21401 0
21402 0
21403 0
21404 0
21405 1
21406 0
21407 0
21408 0
21409 0
21410 0
21411 0
21412 1
21413 0
21414 0
21415 0
21416 0
21417 0
21418 0
21419 0
21420 0
21421 0
21422 0
21423 0
21424 0
21425 0
21426 0
21427 0
21428 0
21429 0
21430 3
21431 0
21432 0
21433 0
21434 2
21435 0
21436 0
21437 2
21438 1
21439 0
21440 0
21441 0
21442 0
21443 0
21444 2
21445 0
21446 0
21447 0
21448 0
21449 1
21450 0
21451 0
21452 0
21453 1
21454 0
21455 0
21456 0
21457 0
21458 0
21459 1
21460 0
21461 0
21462 0
21463 0
21464 0
21465 0
21466 0
21467 1
21468 0
21469 0
21470 0
21471 0
21472 0
21473 0
21474 0
21475 0
21476 0
21477 0
21478 0
21479 0
21480 0
21481 0
21482 0
21483 0
21484 0
21485 1
21486 0
21487 0
21488 0
21489 0
21490 0
21491 2
21492 0
21493 0
21494 0
21495 1
21496 0
21497 1
21498 0
21499 0
21500 0
21501 0
21502 0
21503 0
21504 0
21505 0
21506 0
21507 0
21508 0
21509 1
21510 1
21511 0
21512 0
21513 0
21514 0
21515 0
21516 0
21517 0
21518 0
21519 0
21520 1
21521 0
21522 0
21523 0
21524 0
21525 0
21526 0
21527 0
21528 0
21529 0
21530 0
21531 0
21532 0
21533 0
21534 0
21535 0
21536 1
21537 0
21538 1
21539 0
21540 0
21541 1
21542 1
21543 0
21544 1
21545 0
21546 2
21547 0
21548 0
21549 0
21550 0
21551 0
21552 1
21553 0
21554 0
21555 0
21556 0
21557 0
21558 0
21559 0
21560 1
21561 0
21562 1
21563 0
21564 0
21565 0
21566 0
21567 0
21568 0
21569 0
21570 0
21571 0
21572 1
21573 0
21574 0
21575 1
21576 0
21577 0
21578 0
21579 0
21580 0
21581 0
21582 0
21583 0
21584 0
21585 0
21586 0
21587 0
21588 0
21589 1
21590 0
21591 0
21592 0
21593 0
21594 1
21595 0
21596 0
21597 0
21598 0
21599 0
21600 0
21601 0
21602 0
21603 0
21604 0
21605 0
21606 0
21607 0
21608 0
21609 1
21610 0
21611 0
21612 0
21613 1
21614 0
21615 0
21616 0
21617 0
21618 0
21619 0
21620 0
21621 0
21622 0
21623 1
21624 0
21625 0
21626 0
21627 0
21628 0
21629 0
21630 0
21631 0
21632 1
21633 1
21634 0
21635 0
21636 0
21637 0
21638 0
21639 0
21640 0
21641 1
21642 0
21643 0
21644 0
21645 0
21646 0
21647 0
21648 0
21649 0
21650 0
21651 0
21652 0
21653 0
21654 1
21655 0
21656 0
21657 0
21658 0
21659 0
21660 0
21661 1
21662 0
21663 1
21664 0
21665 0
21666 0
21667 0
21668 1
21669 0
21670 0
21671 0
21672 0
21673 0
21674 0
21675 0
21676 1
21677 0
21678 1
21679 0
21680 0
21681 0
21682 0
21683 0
21684 0
21685 1
21686 0
21687 0
21688 0
21689 0
21690 1
21691 0
21692 0
21693 0
21694 0
21695 0
21696 0
21697 0
21698 0
21699 0
21700 0
21701 0
21702 0
21703 0
21704 0
21705 0
21706 1
21707 0
21708 0
21709 2
21710 0
21711 0
21712 1
21713 0
21714 0
21715 1
21716 0
21717 0
21718 0
21719 0
21720 0
21721 0
21722 0
21723 0
21724 0
21725 0
21726 0
21727 0
21728 0
21729 1
21730 0
21731 0
21732 0
21733 0
21734 0
21735 3
21736 0
21737 0
21738 0
21739 0
21740 0
21741 0
21742 0
21743 0
21744 0
21745 0
21746 1
21747 0
21748 0
21749 0
21750 0
21751 1
21752 0
21753 0
21754 0
21755 0
21756 0
21757 1
21758 0
21759 0
21760 0
21761 0
21762 0
21763 1
21764 0
21765 0
21766 0
21767 0
21768 0
21769 0
21770 0
21771 0
21772 0
21773 0
21774 0
21775 1
21776 0
21777 1
21778 0
21779 0
21780 0
21781 0
21782 0
21783 0
21784 0
21785 0
21786 2
21787 0
21788 1
21789 0
21790 0
21791 0
21792 0
21793 0
21794 2
21795 0
21796 0
21797 0
21798 0
21799 0
21800 1
21801 0
21802 1
21803 0
21804 1
21805 0
21806 1
21807 0
21808 0
21809 0
21810 0
21811 0
21812 0
21813 0
21814 1
21815 0
21816 0
21817 0
21818 0
21819 0
21820 0
21821 0
21822 0
21823 0
21824 0
21825 0
21826 0
21827 0
21828 0
21829 0
21830 0
21831 1
21832 0
21833 0
21834 0
21835 0
21836 1
21837 0
21838 0
21839 0
21840 0
21841 0
21842 0
21843 0
21844 0
21845 0
21846 0
21847 0
21848 0
21849 0
21850 0
21851 0
21852 0
21853 0
21854 0
21855 0
21856 0
21857 0
21858 0
21859 0
21860 0
21861 1
21862 0
21863 0
21864 0
21865 0
21866 0
21867 0
21868 0
21869 0
21870 0
21871 1
21872 0
21873 0
21874 0
21875 0
21876 1
21877 0
21878 0
21879 0
21880 0
21881 1
21882 0
21883 0
21884 0
21885 0
21886 0
21887 0
21888 0
21889 0
21890 0
21891 0
21892 0
21893 0
21894 0
21895 0
21896 2
21897 0
21898 0
21899 0
21900 0
21901 1
21902 0
21903 0
21904 0
21905 0
21906 1
21907 0
21908 1
21909 0
21910 0
21911 0
21912 1
21913 0
21914 0
21915 1
21916 1
21917 0
21918 0
21919 0
21920 0
21921 0
21922 0
21923 0
21924 1
21925 0
21926 0
21927 0
21928 0
21929 0
21930 0
21931 0
21932 0
21933 0
21934 0
21935 0
21936 0
21937 0
21938 0
21939 0
21940 0
21941 0
21942 1
21943 0
21944 0
21945 0
21946 0
21947 1
21948 0
21949 0
21950 0
21951 0
21952 0
21953 0
21954 0
21955 0
21956 1
21957 0
21958 2
21959 0
21960 0
21961 0
21962 0
21963 0
21964 0
21965 1
21966 1
21967 0
21968 0
21969 0
21970 0
21971 0
21972 0
21973 0
21974 0
21975 1
21976 0
21977 1
21978 0
21979 1
21980 0
21981 2
21982 0
21983 1
21984 0
21985 1
21986 0
21987 0
21988 0
21989 0
21990 0
21991 0
21992 0
21993 0
21994 0
21995 0
21996 0
21997 0
21998 0
21999 0
22000 0
22001 2
22002 0
22003 0
22004 0
22005 0
22006 0
22007 1
22008 1
22009 0
22010 0
22011 0
22012 1
22013 0
22014 0
22015 0
22016 0
22017 0
22018 0
22019 0
22020 0
22021 1
22022 0
22023 0
22024 0
22025 0
22026 0
22027 0
22028 0
22029 1
22030 2
22031 0
22032 0
22033 1
22034 1
22035 0
22036 0
22037 0
22038 0
22039 0
22040 0
22041 0
22042 0
22043 0
22044 0
22045 0
22046 1
22047 0
22048 0
22049 0
22050 0
22051 0
22052 0
22053 0
22054 1
22055 0
22056 1
22057 0
22058 0
22059 0
22060 0
22061 0
22062 0
22063 0
22064 0
22065 1
22066 1
22067 1
22068 0
22069 0
22070 0
22071 1
22072 0
22073 0
22074 0
22075 0
22076 0
22077 0
22078 0
22079 0
22080 0
22081 0
22082 0
22083 0
22084 0
22085 0
22086 0
22087 0
22088 0
22089 0
22090 0
22091 0
22092 0
22093 0
22094 0
22095 0
22096 0
22097 0
22098 0
22099 0
22100 0
22101 1
22102 0
22103 0
22104 0
22105 0
22106 0
22107 0
22108 0
22109 0
22110 0
22111 0
22112 0
22113 1
22114 0
22115 0
22116 0
22117 0
22118 0
22119 1
22120 0
22121 0
22122 0
22123 2
22124 0
22125 0
22126 0
22127 0
22128 0
22129 0
22130 0
22131 0
22132 1
22133 0
22134 0
22135 1
22136 0
22137 0
22138 0
22139 0
22140 0
22141 0
22142 0
22143 0
22144 0
22145 0
22146 1
22147 0
22148 0
22149 0
22150 0
22151 0
22152 0
22153 0
22154 0
22155 0
22156 1
22157 0
22158 1
22159 0
22160 0
22161 0
22162 0
22163 0
22164 0
22165 0
22166 1
22167 0
22168 1
22169 0
22170 0
22171 0
22172 2
22173 0
22174 0
22175 0
22176 0
22177 0
22178 1
22179 0
22180 1
22181 0
22182 0
22183 0
22184 1
22185 0
22186 1
22187 0
22188 0
22189 0
22190 1
22191 0
22192 1
22193 0
22194 0
22195 0
22196 0
22197 0
22198 0
22199 0
22200 0
22201 0
22202 0
22203 0
22204 0
22205 0
22206 0
22207 0
22208 0
22209 0
22210 0
22211 2
22212 0
22213 0
22214 0
22215 0
22216 0
22217 0
22218 0
22219 1
22220 0
22221 0
22222 0
22223 1
22224 0
22225 1
22226 0
22227 0
22228 0
22229 2
22230 0
22231 0
22232 0
22233 0
22234 0
22235 2
22236 0
22237 0
22238 0
22239 0
22240 0
22241 1
22242 0
22243 0
22244 0
22245 1
22246 0
22247 0
22248 0
22249 1
22250 0
22251 1
22252 0
22253 0
22254 1
22255 0
22256 0
22257 0
22258 0
22259 0
22260 0
22261 0
22262 0
22263 0
22264 0
22265 0
22266 0
22267 0
22268 0
22269 0
22270 0
22271 0
22272 0
22273 0
22274 0
22275 1
22276 1
22277 0
22278 0
22279 0
22280 0
22281 0
22282 0
22283 0
22284 1
22285 0
22286 1
22287 0
22288 1
22289 0
22290 2
22291 0
22292 1
22293 0
22294 1
22295 0
22296 0
22297 0
22298 0
22299 0
22300 0
22301 0
22302 0
22303 0
22304 1
22305 0
22306 1
22307 0
22308 0
22309 0
22310 1
22311 0
22312 0
22313 1
22314 1
22315 0
22316 0
22317 0
22318 1
22319 0
22320 1
22321 0
22322 0
22323 1
22324 0
22325 0
22326 0
22327 0
22328 0
22329 0
22330 0
22331 0
22332 0
22333 0
22334 0
22335 0
22336 0
22337 0
22338 0
22339 0
22340 1
22341 0
22342 0
22343 1
22344 0
22345 0
22346 0
22347 0
22348 0
22349 0
22350 0
22351 0
22352 0
22353 0
22354 0
22355 0
22356 0
22357 0
22358 0
22359 0
22360 0
22361 1
22362 0
22363 0
22364 0
22365 1
22366 0
22367 1
22368 0
22369 0
22370 0
22371 0
22372 0
22373 0
22374 0
22375 1
22376 0
22377 0
22378 0
22379 0
22380 0
22381 0
22382 0
22383 0
22384 0
22385 0
22386 0
22387 2
22388 0
22389 0
22390 0
22391 1
22392 0
22393 0
22394 0
22395 0
22396 0
22397 1
22398 0
22399 0
22400 0
22401 0
22402 0
22403 0
22404 0
22405 0
22406 0
22407 0
22408 1
22409 0
22410 0
22411 0
22412 0
22413 0
22414 0
22415 0
22416 0
22417 0
22418 0
22419 0
22420 1
22421 0
22422 0
22423 0
22424 1
22425 0
22426 1
22427 0
22428 0
22429 0
22430 0
22431 0
22432 0
22433 0
22434 0
22435 0
22436 1
22437 0
22438 0
22439 0
22440 0
22441 0
22442 0
22443 0
22444 0
22445 0
22446 0
22447 0
22448 0
22449 0
22450 2
22451 0
22452 0
22453 0
22454 1
22455 0
22456 0
22457 0
22458 0
22459 0
22460 0
22461 0
22462 0
22463 0
22464 1
22465 0
22466 0
22467 0
22468 0
22469 1
22470 0
22471 1
22472 0
22473 0
22474 0
22475 0
22476 0
22477 0
22478 0
22479 0
22480 0
22481 0
22482 0
22483 0
22484 0
22485 0
22486 0
22487 1
22488 0
22489 1
22490 0
22491 0
22492 0
22493 0
22494 0
22495 0
22496 0
22497 1
22498 0
22499 0
22500 0
22501 0
22502 1
22503 1
22504 0
22505 0
22506 0
22507 0
22508 0
22509 0
22510 0
22511 3
22512 1
22513 0
22514 0
22515 0
22516 2
22517 0
22518 1
22519 0
22520 0
22521 0
22522 0
22523 0
22524 0
22525 0
22526 0
22527 1
22528 0
22529 1
22530 0
22531 0
22532 0
22533 0
22534 0
22535 0
22536 0
22537 0
22538 1
22539 1
22540 0
22541 0
22542 1
22543 0
22544 1
22545 0
22546 0
22547 0
22548 0
22549 0
22550 0
22551 0
22552 0
22553 0
22554 0
22555 0
22556 1
22557 0
22558 0
22559 0
22560 0
22561 0
22562 0
22563 0
22564 0
22565 0
22566 0
22567 0
22568 1
22569 0
22570 0
22571 0
22572 0
22573 0
22574 1
22575 1
22576 0
22577 0
22578 0
22579 0
22580 1
22581 0
22582 0
22583 0
22584 0
22585 0
22586 0
22587 1
22588 0
22589 0
22590 1
22591 0
22592 0
22593 0
22594 0
22595 0
22596 0
22597 0
22598 0
22599 0
22600 1
22601 1
22602 0
22603 1
22604 0
22605 1
22606 1
22607 0
22608 0
22609 0
22610 0
22611 0
22612 0
22613 0
22614 0
22615 1
22616 0
22617 1
22618 0
22619 0
22620 0
22621 3
22622 0
22623 0
22624 0
22625 0
22626 0
22627 0
22628 0
22629 0
22630 0
22631 0
22632 0
22633 0
22634 0
22635 0
22636 0
22637 0
22638 0
22639 3
22640 0
22641 0
22642 1
22643 3
22644 0
22645 0
22646 1
22647 0
22648 0
22649 0
22650 1
22651 0
22652 1
22653 0
22654 1
22655 2
22656 1
22657 0
22658 0
22659 0
22660 0
22661 0
22662 1
22663 0
22664 0
22665 0
22666 0
22667 0
22668 0
22669 0
22670 1
22671 0
22672 1
22673 0
22674 0
22675 0
22676 0
22677 0
22678 0
22679 0
22680 0
22681 0
22682 2
22683 0
22684 1
22685 0
22686 1
22687 0
22688 0
22689 0
22690 2
22691 0
22692 1
22693 0
22694 0
22695 0
22696 0
22697 0
22698 0
22699 0
22700 0
22701 0
22702 0
22703 0
22704 2
22705 1
22706 0
22707 0
22708 0
22709 1
22710 0
22711 0
22712 0
22713 1
22714 0
22715 1
22716 0
22717 0
22718 0
22719 0
22720 1
22721 1
22722 0
22723 0
22724 1
22725 1
22726 0
22727 0
22728 0
22729 1
22730 0
22731 0
22732 0
22733 2
22734 0
22735 0
22736 0
22737 0
22738 0
22739 2
22740 0
22741 0
22742 0
22743 0
22744 0
22745 1
22746 0
22747 0
22748 0
22749 3
22750 0
22751 0
22752 0
22753 0
22754 0
22755 0
22756 0
22757 0
22758 0
22759 0
22760 0
22761 1
22762 0
22763 1
22764 0
22765 0
22766 0
22767 0
22768 0
22769 2
22770 0
22771 0
22772 0
22773 0
22774 0
22775 0
22776 0
22777 0
22778 0
22779 0
22780 0
22781 0
22782 1
22783 0
22784 0
22785 0
22786 2
22787 0
22788 1
22789 0
22790 0
22791 0
22792 1
22793 0
22794 0
22795 0
22796 1
22797 1
22798 0
22799 0
22800 0
22801 0
22802 0
22803 0
22804 0
22805 0
22806 0
22807 0
22808 1
22809 0
22810 0
22811 0
22812 0
22813 0
22814 1
22815 0
22816 0
22817 0
22818 1
22819 0
22820 1
22821 0
22822 1
22823 0
22824 1
22825 0
22826 0
22827 0
22828 0
22829 0
22830 2
22831 0
22832 0
22833 0
22834 0
22835 0
22836 0
22837 1
22838 0
22839 1
22840 0
22841 1
22842 0
22843 1
22844 0
22845 0
22846 1
22847 1
22848 1
22849 0
22850 1
22851 1
22852 0
22853 0
22854 0
22855 0
22856 0
22857 1
22858 0
22859 1
22860 0
22861 0
22862 0
22863 1
22864 0
22865 1
22866 0
22867 1
22868 0
22869 2
22870 0
22871 0
22872 0
22873 1
22874 0
22875 0
22876 0
22877 0
22878 0
22879 1
22880 0
22881 0
22882 0
22883 0
22884 0
22885 1
22886 0
22887 0
22888 0
22889 0
22890 1
22891 2
22892 1
22893 1
22894 0
22895 1
22896 2
22897 0
22898 0
22899 1
22900 0
22901 0
22902 0
22903 0
22904 1
22905 0
22906 1
22907 0
22908 0
22909 0
22910 1
22911 0
22912 0
22913 0
22914 0
22915 0
22916 1
22917 1
22918 0
22919 1
22920 0
22921 0
22922 0
22923 0
22924 0
22925 0
22926 2
22927 0
22928 2
22929 0
22930 0
22931 0
22932 0
22933 0
22934 0
22935 0
22936 0
22937 0
22938 0
22939 0
22940 2
22941 0
22942 1
22943 0
22944 0
22945 0
22946 0
22947 0
22948 2
22949 1
22950 0
22951 1
22952 0
22953 0
22954 0
22955 0
22956 0
22957 0
22958 0
22959 0
22960 0
22961 0
22962 0
22963 0
22964 1
22965 0
22966 2
22967 2
22968 1
22969 1
22970 0
22971 1
22972 0
22973 0
22974 1
22975 1
22976 0
22977 1
22978 0
22979 1
22980 0
22981 2
22982 0
22983 0
22984 0
22985 1
22986 0
22987 0
22988 0
22989 0
22990 0
22991 0
22992 0
22993 0
22994 0
22995 0
22996 0
22997 0
22998 0
22999 0
23000 0
23001 0
23002 0
23003 0
23004 0
23005 0
23006 0
23007 0
23008 0
23009 1
23010 0
23011 1
23012 0
23013 1
23014 0
23015 1
23016 0
23017 0
23018 1
23019 2
23020 0
23021 0
23022 0
23023 2
23024 0
23025 1
23026 0
23027 0
23028 0
23029 0
23030 1
23031 0
23032 0
23033 0
23034 1
23035 0
23036 1
23037 0
23038 0
23039 0
23040 1
23041 0
23042 0
23043 0
23044 0
23045 0
23046 0
23047 0
23048 2
23049 0
23050 0
23051 0
23052 0
23053 0
23054 0
23055 0
23056 0
23057 0
23058 0
23059 0
23060 0
23061 0
23062 0
23063 0
23064 1
23065 0
23066 1
23067 0
23068 0
23069 0
23070 0
23071 0
23072 0
23073 0
23074 1
23075 0
23076 1
23077 0
23078 0
23079 0
23080 0
23081 0
23082 2
23083 1
23084 0
23085 0
23086 0
23087 0
23088 0
23089 0
23090 0
23091 0
23092 0
23093 1
23094 0
23095 0
23096 0
23097 0
23098 0
23099 0
23100 0
23101 0
23102 0
23103 0
23104 1
23105 3
23106 0
23107 0
23108 0
23109 0
23110 0
23111 1
23112 0
23113 0
23114 0
23115 2
23116 0
23117 0
23118 0
23119 2
23120 0
23121 0
23122 0
23123 2
23124 0
23125 1
23126 0
23127 0
23128 0
23129 1
23130 0
23131 0
23132 0
23133 1
23134 0
23135 1
23136 1
23137 0
23138 0
23139 1
23140 0
23141 0
23142 0
23143 1
23144 1
23145 1
23146 1
23147 0
23148 0
23149 0
23150 2
23151 1
23152 1
23153 1
23154 0
23155 0
23156 0
23157 0
23158 0
23159 0
23160 1
23161 0
23162 0
23163 0
23164 1
23165 1
23166 1
23167 0
23168 1
23169 0
23170 1
23171 1
23172 0
23173 1
23174 0
23175 0
23176 1
23177 0
23178 1
23179 0
23180 0
23181 0
23182 2
23183 0
23184 1
23185 0
23186 1
23187 0
23188 0
23189 0
23190 1
23191 0
23192 1
23193 0
23194 2
23195 0
23196 0
23197 0
23198 0
23199 0
23200 0
23201 0
23202 0
23203 0
23204 0
23205 0
23206 0
23207 1
23208 0
23209 1
23210 0
23211 0
23212 0
23213 0
23214 0
23215 0
23216 0
23217 0
23218 1
23219 1
23220 0
23221 1
23222 1
23223 0
23224 0
23225 1
23226 0
23227 0
23228 0
23229 0
23230 0
23231 2
23232 1
23233 1
23234 1
23235 0
23236 0
23237 1
23238 0
23239 0
23240 1
23241 1
23242 0
23243 0
23244 0
23245 4
23246 0
23247 0
23248 0
23249 0
23250 0
23251 2
23252 0
23253 1
23254 0
23255 1
23256 0
23257 0
23258 0
23259 1
23260 0
23261 0
23262 0
23263 0
23264 2
23265 2
23266 0
23267 0
23268 0
23269 1
23270 0
23271 0
23272 0
23273 0
23274 1
23275 0
23276 1
23277 0
23278 1
23279 0
23280 0
23281 0
23282 0
23283 0
23284 0
23285 0
23286 2
23287 0
23288 0
23289 0
23290 0
23291 0
23292 0
23293 0
23294 1
23295 1
23296 3
23297 1
23298 0
23299 0
23300 1
23301 0
23302 0
23303 0
23304 1
23305 0
23306 0
23307 0
23308 1
23309 0
23310 0
23311 0
23312 0
23313 0
23314 0
23315 0
23316 1
23317 0
23318 1
23319 1
23320 2
23321 0
23322 1
23323 0
23324 0
23325 0
23326 4
23327 0
23328 0
23329 0
23330 0
23331 0
23332 2
23333 0
23334 0
23335 1
23336 2
23337 1
23338 0
23339 1
23340 0
23341 0
23342 0
23343 0
23344 0
23345 0
23346 0
23347 0
23348 0
23349 1
23350 0
23351 0
23352 1
23353 0
23354 0
23355 0
23356 1
23357 2
23358 0
23359 0
23360 0
23361 1
23362 0
23363 0
23364 0
23365 0
23366 0
23367 2
23368 1
23369 2
23370 0
23371 1
23372 0
23373 0
23374 0
23375 1
23376 0
23377 1
23378 0
23379 0
23380 0
23381 0
23382 0
23383 0
23384 0
23385 0
23386 0
23387 1
23388 0
23389 1
23390 0
23391 0
23392 1
23393 3
23394 0
23395 0
23396 1
23397 2
23398 0
23399 0
23400 0
23401 3
23402 0
23403 0
23404 0
23405 1
23406 0
23407 3
23408 0
23409 0
23410 1
23411 0
23412 2
23413 1
23414 0
23415 0
23416 0
23417 0
23418 1
23419 0
23420 0
23421 1
23422 0
23423 0
23424 0
23425 0
23426 0
23427 0
23428 1
23429 0
23430 1
23431 0
23432 0
23433 0
23434 0
23435 0
23436 1
23437 0
23438 1
23439 0
23440 0
23441 0
23442 1
23443 0
23444 0
23445 0
23446 1
23447 0
23448 1
23449 0
23450 0
23451 0
23452 2
23453 0
23454 1
23455 0
23456 1
23457 0
23458 1
23459 0
23460 0
23461 0
23462 0
23463 0
23464 0
23465 0
23466 1
23467 1
23468 0
23469 0
23470 1
23471 1
23472 1
23473 0
23474 0
23475 0
23476 0
23477 1
23478 0
23479 0
23480 0
23481 0
23482 0
23483 0
23484 0
23485 1
23486 0
23487 0
23488 1
23489 2
23490 0
23491 1
23492 0
23493 0
23494 0
23495 1
23496 0
23497 0
23498 0
23499 0
23500 0
23501 1
23502 0
23503 0
23504 0
23505 0
23506 0
23507 0
23508 0
23509 0
23510 0
23511 1
23512 0
23513 2
23514 0
23515 2
23516 0
23517 2
23518 0
23519 3
23520 1
23521 1
23522 0
23523 2
23524 0
23525 0
23526 0
23527 2
23528 0
23529 0
23530 0
23531 0
23532 1
23533 0
23534 0
23535 0
23536 0
23537 0
23538 1
23539 0
23540 0
23541 0
23542 0
23543 0
23544 0
23545 0
23546 1
23547 0
23548 0
23549 0
23550 1
23551 0
23552 2
23553 1
23554 0
23555 0
23556 3
23557 0
23558 0
23559 0
23560 0
23561 0
23562 1
23563 0
23564 0
23565 0
23566 2
23567 0
23568 0
23569 0
23570 2
23571 0
23572 1
23573 0
23574 0
23575 0
23576 0
23577 0
23578 0
23579 0
23580 3
23581 0
23582 0
23583 0
23584 2
23585 0
23586 0
23587 0
23588 0
23589 0
23590 2
23591 1
23592 0
23593 0
23594 0
23595 1
23596 0
23597 0
23598 1
23599 0
23600 0
23601 0
23602 1
23603 3
23604 1
23605 0
23606 0
23607 0
23608 0
23609 3
23610 0
23611 1
23612 0
23613 1
23614 1
23615 2
23616 0
23617 0
23618 0
23619 0
23620 1
23621 1
23622 0
23623 0
23624 0
23625 3
23626 0
23627 2
23628 0
23629 0
23630 0
23631 0
23632 0
23633 0
23634 0
23635 0
23636 0
23637 1
23638 0
23639 1
23640 1
23641 1
23642 1
23643 1
23644 0
23645 2
23646 0
23647 0
23648 0
23649 0
23650 0
23651 2
23652 1
23653 0
23654 0
23655 1
23656 0
23657 0
23658 0
23659 0
23660 1
23661 0
23662 1
23663 0
23664 0
23665 0
23666 2
23667 0
23668 5
23669 0
23670 0
23671 0
23672 1
23673 0
23674 0
23675 0
23676 0
23677 1
23678 0
23679 0
23680 2
23681 0
23682 2
23683 0
23684 3
23685 0
23686 1
23687 0
23688 1
23689 0
23690 3
23691 0
23692 2
23693 1
23694 5
23695 0
23696 0
23697 0
23698 1
23699 0
23700 0
23701 1
23702 1
23703 0
23704 1
23705 0
23706 2
23707 0
23708 0
23709 0
23710 0
23711 0
23712 0
23713 1
23714 0
23715 3
23716 3
23717 0
23718 0
23719 0
23720 0
23721 2
23722 1
23723 0
23724 1
23725 3
23726 0
23727 0
23728 0
23729 3
23730 0
23731 1
23732 1
23733 0
23734 0
23735 1
23736 0
23737 2
23738 0
23739 0
23740 0
23741 0
23742 1
23743 0
23744 0
23745 2
23746 0
23747 1
23748 0
23749 2
23750 0
23751 1
23752 0
23753 1
23754 1
23755 1
23756 0
23757 0
23758 0
23759 3
23760 0
23761 2
23762 0
23763 1
23764 0
23765 0
23766 0
23767 0
23768 1
23769 1
23770 0
23771 0
23772 2
23773 2
23774 1
23775 0
23776 0
23777 0
23778 0
23779 0
23780 0
23781 1
23782 2
23783 1
23784 0
23785 1
23786 0
23787 0
23788 0
23789 1
23790 1
23791 2
23792 1
23793 0
23794 0
23795 0
23796 1
23797 1
23798 0
23799 0
23800 1
23801 0
23802 0
23803 0
23804 1
23805 0
23806 0
23807 0
23808 2
23809 0
23810 1
23811 0
23812 0
23813 0
23814 1
23815 0
23816 2
23817 0
23818 1
23819 0
23820 2
23821 0
23822 2
23823 0
23824 2
23825 0
23826 1
23827 1
23828 2
23829 1
23830 0
23831 1
23832 0
23833 1
23834 0
23835 0
23836 0
23837 0
23838 0
23839 0
23840 1
23841 1
23842 1
23843 0
23844 0
23845 0
23846 0
23847 1
23848 0
23849 1
23850 0
23851 0
23852 0
23853 1
23854 0
23855 1
23856 0
23857 1
23858 1
23859 0
23860 1
23861 0
23862 1
23863 0
23864 1
23865 2
23866 0
23867 0
23868 1
23869 0
23870 0
23871 2
23872 0
23873 1
23874 0
23875 0
23876 0
23877 3
23878 0
23879 1
23880 0
23881 2
23882 0
23883 2
23884 0
23885 2
23886 0
23887 1
23888 0
23889 2
23890 0
23891 1
23892 2
23893 0
23894 0
23895 2
23896 0
23897 3
23898 2
23899 0
23900 0
23901 0
23902 0
23903 3
23904 0
23905 1
23906 0
23907 0
23908 2
23909 1
23910 0
23911 1
23912 0
23913 3
23914 0
23915 0
23916 1
23917 0
23918 0
23919 0
23920 1
23921 0
23922 2
23923 0
23924 0
23925 0
23926 0
23927 0
23928 2
23929 0
23930 0
23931 0
23932 0
23933 0
23934 1
23935 0
23936 3
23937 0
23938 5
23939 0
23940 1
23941 0
23942 1
23943 0
23944 1
23945 0
23946 0
23947 0
23948 1
23949 0
23950 3
23951 0
23952 3
23953 0
23954 0
23955 0
23956 2
23957 0
23958 0
23959 1
23960 0
23961 1
23962 1
23963 0
23964 1
23965 1
23966 1
23967 0
23968 1
23969 1
23970 0
23971 0
23972 2
23973 1
23974 1
23975 0
23976 2
23977 1
23978 1
23979 1
23980 1
23981 1
23982 1
23983 0
23984 0
23985 2
23986 0
23987 1
23988 0
23989 1
23990 1
23991 2
23992 0
23993 2
23994 0
23995 1
23996 0
23997 0
23998 0
23999 1
24000 0
24001 1
24002 0
24003 2
24004 0
24005 1
24006 0
24007 3
24008 0
24009 2
24010 0
24011 2
24012 1
24013 1
24014 1
24015 0
24016 1
24017 1
24018 0
24019 0
24020 0
24021 0
24022 0
24023 0
24024 0
24025 0
24026 1
24027 1
24028 0
24029 2
24030 0
24031 1
24032 1
24033 0
24034 0
24035 3
24036 0
24037 0
24038 0
24039 0
24040 0
24041 0
24042 1
24043 1
24044 4
24045 0
24046 0
24047 0
24048 1
24049 0
24050 3
24051 0
24052 1
24053 0
24054 0
24055 1
24056 2
24057 0
24058 1
24059 0
24060 2
24061 0
24062 2
24063 0
24064 1
24065 0
24066 3
24067 0
24068 1
24069 0
24070 0
24071 0
24072 1
24073 0
24074 0
24075 0
24076 0
24077 0
24078 2
24079 0
24080 1
24081 1
24082 0
24083 0
24084 1
24085 0
24086 3
24087 0
24088 1
24089 1
24090 1
24091 0
24092 2
24093 0
24094 1
24095 0
24096 0
24097 0
24098 1
24099 4
24100 1
24101 2
24102 1
24103 0
24104 1
24105 1
24106 1
24107 2
24108 1
24109 0
24110 1
24111 0
24112 1
24113 3
24114 2
24115 2
24116 0
24117 1
24118 0
24119 2
24120 0
24121 2
24122 0
24123 3
24124 1
24125 1
24126 0
24127 0
24128 0
24129 3
24130 0
24131 1
24132 0
24133 2
24134 1
24135 3
24136 0
24137 0
24138 0
24139 0
24140 0
24141 0
24142 0
24143 1
24144 0
24145 0
24146 1
24147 0
24148 1
24149 1
24150 0
24151 5
24152 0
24153 1
24154 0
24155 1
24156 1
24157 2
24158 0
24159 1
24160 0
24161 0
24162 0
24163 0
24164 2
24165 0
24166 1
24167 1
24168 0
24169 1
24170 2
24171 0
24172 0
24173 0
24174 3
24175 2
24176 2
24177 0
24178 2
24179 0
24180 0
24181 0
24182 2
24183 0
24184 2
24185 0
24186 1
24187 0
24188 4
24189 0
24190 2
24191 0
24192 0
24193 0
24194 0
24195 0
24196 2
24197 0
24198 0
24199 0
24200 2
24201 0
24202 3
24203 1
24204 2
24205 0
24206 0
24207 1
24208 0
24209 0
24210 0
24211 1
24212 2
24213 0
24214 1
24215 0
24216 1
24217 0
24218 1
24219 0
24220 1
24221 0
24222 1
24223 2
24224 0
24225 0
24226 1
24227 2
24228 1
24229 1
24230 0
24231 3
24232 1
24233 0
24234 1
24235 2
24236 0
24237 1
24238 0
24239 3
24240 0
24241 0
24242 0
24243 1
24244 1
24245 2
24246 0
24247 2
24248 0
24249 0
24250 0
24251 4
24252 0
24253 1
24254 0
24255 3
24256 0
24257 0
24258 1
24259 2
24260 0
24261 2
24262 0
24263 2
24264 0
24265 4
24266 0
24267 4
24268 0
24269 1
24270 0
24271 0
24272 1
24273 0
24274 1
24275 2
24276 0
24277 4
24278 0
24279 1
24280 1
24281 0
24282 2
24283 0
24284 3
24285 4
24286 1
24287 1
24288 1
24289 2
24290 0
24291 1
24292 0
24293 0
24294 3
24295 0
24296 0
24297 0
24298 1
24299 0
24300 1
24301 1
24302 3
24303 1
24304 2
24305 2
24306 1
24307 0
24308 2
24309 0
24310 1
24311 0
24312 4
24313 0
24314 1
24315 0
24316 2
24317 0
24318 3
24319 0
24320 6
24321 0
24322 3
24323 0
24324 3
24325 0
24326 0
24327 0
24328 3
24329 0
24330 5
24331 1
24332 1
24333 3
24334 5
24335 1
24336 1
24337 0
24338 3
24339 0
24340 0
24341 0
24342 4
24343 1
24344 0
24345 1
24346 4
24347 0
24348 0
24349 0
24350 5
24351 1
24352 1
24353 0
24354 0
24355 0
24356 0
24357 1
24358 1
24359 1
24360 0
24361 2
24362 1
24363 2
24364 1
24365 1
24366 0
24367 1
24368 2
24369 2
24370 2
24371 2
24372 0
24373 1
24374 2
24375 3
24376 0
24377 2
24378 2
24379 2
24380 0
24381 1
24382 0
24383 5
24384 0
24385 0
24386 0
24387 0
24388 0
24389 2
24390 0
24391 3
24392 0
24393 2
24394 0
24395 1
24396 1
24397 5
24398 0
24399 4
24400 0
24401 2
24402 0
24403 1
24404 1
24405 0
24406 1
24407 2
24408 2
24409 2
24410 1
24411 0
24412 3
24413 1
24414 2
24415 0
24416 1
24417 5
24418 0
24419 0
24420 2
24421 0
24422 2
24423 2
24424 1
24425 1
24426 5
24427 1
24428 2
24429 0
24430 3
24431 1
24432 2
24433 1
24434 0
24435 0
24436 4
24437 2
24438 2
24439 0
24440 4
24441 1
24442 4
24443 0
24444 6
24445 0
24446 5
24447 0
24448 6
24449 0
24450 5
24451 0
24452 2
24453 0
24454 2
24455 0
24456 2
24457 1
24458 2
24459 0
24460 1
24461 0
24462 0
24463 0
24464 1
24465 2
24466 1
24467 2
24468 1
24469 1
24470 1
24471 0
24472 6
24473 3
24474 4
24475 0
24476 2
24477 1
24478 1
24479 3
24480 1
24481 0
24482 1
24483 1
24484 1
24485 2
24486 2
24487 2
24488 1
24489 4
24490 0
24491 2
24492 0
24493 6
24494 0
24495 2
24496 1
24497 5
24498 0
24499 2
24500 2
24501 2
24502 0
24503 3
24504 0
24505 1
24506 0
24507 6
24508 0
24509 6
24510 0
24511 1
24512 0
24513 3
24514 1
24515 3
24516 2
24517 2
24518 0
24519 3
24520 0
24521 1
24522 0
24523 1
24524 0
24525 4
24526 2
24527 1
24528 0
24529 2
24530 0
24531 0
24532 1
24533 2
24534 2
24535 3
24536 1
24537 3
24538 4
24539 1
24540 1
24541 5
24542 1
24543 4
24544 4
24545 1
24546 0
24547 1
24548 1
24549 0
24550 3
24551 0
24552 0
24553 2
24554 3
24555 0
24556 4
24557 0
24558 3
24559 1
24560 3
24561 0
24562 3
24563 1
24564 1
24565 0
24566 0
24567 1
24568 3
24569 0
24570 6
24571 0
24572 3
24573 0
24574 1
24575 1
24576 4
24577 0
24578 7
24579 2
24580 6
24581 0
24582 7
24583 1
24584 2
24585 1
24586 1
24587 1
24588 2
24589 1
24590 0
24591 1
24592 1
24593 2
24594 4
24595 2
24596 3
24597 0
24598 2
24599 0
24600 0
24601 0
24602 1
24603 0
24604 0
24605 3
24606 0
24607 1
24608 3
24609 1
24610 1
24611 4
24612 1
24613 4
24614 3
24615 1
24616 0
24617 2
24618 0
24619 7
24620 0
24621 8
24622 1
24623 0
24624 2
24625 4
24626 1
24627 5
24628 0
24629 4
24630 0
24631 3
24632 0
24633 6
24634 0
24635 5
24636 0
24637 3
24638 2
24639 1
24640 1
24641 1
24642 0
24643 6
24644 0
24645 2
24646 1
24647 3
24648 1
24649 5
24650 1
24651 4
24652 0
24653 3
24654 3
24655 4
24656 0
24657 2
24658 3
24659 3
24660 0
24661 1
24662 1
24663 1
24664 3
24665 2
24666 2
24667 1
24668 1
24669 0
24670 1
24671 1
24672 2
24673 3
24674 2
24675 1
24676 3
24677 1
24678 4
24679 0
24680 2
24681 1
24682 2
24683 1
24684 4
24685 0
24686 1
24687 1
24688 1
24689 1
24690 4
24691 1
24692 4
24693 0
24694 7
24695 0
24696 7
24697 0
24698 3
24699 0
24700 3
24701 0
24702 7
24703 0
24704 2
24705 2
24706 4
24707 0
24708 8
24709 1
24710 3
24711 1
24712 3
24713 1
24714 5
24715 1
24716 6
24717 1
24718 1
24719 0
24720 1
24721 3
24722 5
24723 4
24724 2
24725 3
24726 6
24727 0
24728 3
24729 1
24730 2
24731 1
24732 1
24733 3
24734 4
24735 5
24736 0
24737 5
24738 1
24739 4
24740 1
24741 5
24742 0
24743 1
24744 0
24745 2
24746 0
24747 4
24748 0
24749 4
24750 1
24751 5
24752 0
24753 5
24754 0
24755 5
24756 1
24757 1
24758 0
24759 8
24760 0
24761 11
24762 0
24763 3
24764 0
24765 4
24766 0
24767 2
24768 0
24769 1
24770 0
24771 7
24772 2
24773 2
24774 0
24775 3
24776 0
24777 6
24778 1
24779 6
24780 0
24781 5
24782 3
24783 2
24784 0
24785 2
24786 2
24787 3
24788 2
24789 3
24790 4
24791 2
24792 0
24793 2
24794 4
24795 1
24796 5
24797 1
24798 5
24799 0
24800 1
24801 3
24802 2
24803 2
24804 5
24805 1
24806 5
24807 0
24808 9
24809 0
24810 10
24811 0
24812 3
24813 1
24814 3
24815 0
24816 1
24817 1
24818 2
24819 0
24820 4
24821 0
24822 6
24823 0
24824 3
24825 0
24826 7
24827 1
24828 2
24829 0
24830 4
24831 1
24832 3
24833 1
24834 2
24835 3
24836 3
24837 2
24838 5
24839 1
24840 8
24841 1
24842 5
24843 0
24844 2
24845 3
24846 2
24847 0
24848 2
24849 2
24850 7
24851 1
24852 3
24853 4
24854 2
24855 0
24856 4
24857 2
24858 4
24859 4
24860 1
24861 1
24862 3
24863 3
24864 0
24865 0
24866 1
24867 6
24868 0
24869 2
24870 0
24871 2
24872 1
24873 5
24874 2
24875 4
24876 0
24877 4
24878 0
24879 3
24880 0
24881 6
24882 0
24883 7
24884 0
24885 6
24886 0
24887 4
24888 0
24889 3
24890 1
24891 4
24892 1
24893 5
24894 1
24895 4
24896 0
24897 5
24898 1
24899 1
24900 1
24901 2
24902 0
24903 2
24904 1
24905 0
24906 2
24907 3
24908 2
24909 5
24910 3
24911 4
24912 6
24913 4
24914 6
24915 1
24916 1
24917 2
24918 0
24919 1
24920 1
24921 2
24922 5
24923 5
24924 0
24925 4
24926 3
24927 1
24928 7
24929 0
24930 6
24931 1
24932 4
24933 3
24934 0
24935 1
24936 5
24937 0
24938 5
24939 1
24940 5
24941 0
24942 4
24943 0
24944 4
24945 0
24946 8
24947 0
24948 8
24949 0
24950 5
24951 0
24952 7
24953 0
24954 4
24955 1
24956 1
24957 0
24958 2
24959 0
24960 3
24961 2
24962 3
24963 1
24964 4
24965 2
24966 4
24967 2
24968 4
24969 2
24970 7
24971 2
24972 4
24973 1
24974 2
24975 3
24976 4
24977 1
24978 1
24979 5
24980 1
24981 3
24982 3
24983 3
24984 2
24985 0
24986 2
24987 5
24988 3
24989 5
24990 3
24991 4
24992 1
24993 3
24994 1
24995 1
24996 1
24997 2
24998 2
24999 4
25000 1
25001 5
25002 0
25003 7
25004 2
25005 5
25006 0
25007 4
25008 0
25009 4
25010 0
25011 6
25012 0
25013 4
25014 0
25015 6
25016 0
25017 4
25018 1
25019 6
25020 1
25021 9
25022 1
25023 6
25024 1
25025 7
25026 0
25027 6
25028 0
25029 4
25030 1
25031 4
25032 2
25033 3
25034 1
25035 3
25036 1
25037 3
25038 4
25039 4
25040 4
25041 1
25042 0
25043 3
25044 3
25045 3
25046 2
25047 3
25048 4
25049 5
25050 3
25051 3
25052 4
25053 1
25054 4
25055 0
25056 9
25057 1
25058 5
25059 3
25060 5
25061 2
25062 3
25063 0
25064 3
25065 2
25066 4
25067 0
25068 6
25069 0
25070 2
25071 1
25072 3
25073 0
25074 4
25075 0
25076 1
25077 0
25078 9
25079 1
25080 4
25081 2
25082 8
25083 0
25084 5
25085 2
25086 5
25087 1
25088 5
25089 0
25090 4
25091 0
25092 5
25093 4
25094 1
25095 2
25096 4
25097 4
25098 2
25099 3
25100 4
25101 3
25102 5
25103 2
25104 6
25105 3
25106 4
25107 3
25108 5
25109 2
25110 3
25111 0
25112 4
25113 4
25114 3
25115 3
25116 3
25117 4
25118 1
25119 4
25120 3
25121 1
25122 1
25123 4
25124 1
25125 3
25126 1
25127 4
25128 0
25129 6
25130 0
25131 8
25132 0
25133 5
25134 0
25135 4
25136 0
25137 8
25138 0
25139 4
25140 0
25141 4
25142 0
25143 3
25144 0
25145 6
25146 1
25147 5
25148 2
25149 4
25150 0
25151 2
25152 1
25153 5
25154 1
25155 5
25156 2
25157 1
25158 2
25159 7
25160 2
25161 4
25162 1
25163 3
25164 2
25165 4
25166 2
25167 2
25168 2
25169 1
25170 2
25171 0
25172 2
25173 3
25174 3
25175 2
25176 2
25177 2
25178 3
25179 1
25180 3
25181 0
25182 8
25183 1
25184 3
25185 1
25186 2
25187 2
25188 3
25189 0
25190 3
25191 0
25192 5
25193 1
25194 7
25195 0
25196 4
25197 0
25198 5
25199 0
25200 6
25201 0
25202 1
25203 0
25204 9
25205 0
25206 3
25207 1
25208 5
25209 1
25210 1
25211 2
25212 6
25213 0
25214 2
25215 1
25216 5
25217 1
25218 6
25219 1
25220 2
25221 1
25222 2
25223 3
25224 5
25225 3
25226 2
25227 2
25228 1
25229 2
25230 3
25231 3
25232 2
25233 4
25234 2
25235 3
25236 3
25237 6
25238 4
25239 3
25240 0
25241 4
25242 2
25243 8
25244 1
25245 2
25246 3
25247 3
25248 1
25249 4
25250 1
25251 7
25252 2
25253 5
25254 1
25255 6
25256 0
25257 4
25258 0
25259 6
25260 0
25261 8
25262 0
25263 6
25264 0
25265 4
25266 0
25267 3
25268 0
25269 5
25270 0
25271 6
25272 0
25273 2
25274 0
25275 2
25276 0
25277 1
25278 1
25279 6
25280 0
25281 2
25282 4
25283 4
25284 3
25285 1
25286 2
25287 7
25288 2
25289 2
25290 3
25291 4
25292 2
25293 1
25294 2
25295 1
25296 3
25297 2
25298 3
25299 3
25300 3
25301 4
25302 3
25303 2
25304 0
25305 0
25306 0
25307 0
25308 2
25309 2
25310 2
25311 3
25312 3
25313 2
25314 2
25315 0
25316 6
25317 1
25318 3
25319 0
25320 2
25321 0
25322 5
25323 1
25324 10
25325 0
25326 9
25327 0
25328 3
25329 0
25330 7
25331 0
25332 4
25333 0
25334 3
25335 0
25336 5
25337 1
25338 4
25339 2
25340 4
25341 3
25342 6
25343 0
25344 2
25345 0
25346 4
25347 2
25348 5
25349 3
25350 3
25351 1
25352 6
25353 3
25354 3
25355 3
25356 2
25357 0
25358 3
25359 2
25360 0
25361 6
25362 3
25363 3
25364 1
25365 8
25366 4
25367 2
25368 3
25369 4
25370 3
25371 4
25372 3
25373 4
25374 3
25375 3
25376 3
25377 2
25378 3
25379 4
25380 1
25381 7
25382 1
25383 5
25384 0
25385 6
25386 0
25387 4
25388 0
25389 5
25390 0
25391 5
25392 1
25393 6
25394 0
25395 5
25396 1
25397 5
25398 1
25399 5
25400 0
25401 1
25402 1
25403 4
25404 1
25405 5
25406 1
25407 3
25408 0
25409 1
25410 1
25411 4
25412 1
25413 2
25414 2
25415 5
25416 0
25417 2
25418 2
25419 1
25420 0
25421 4
25422 5
25423 1
25424 4
25425 1
25426 1
25427 3
25428 1
25429 3
25430 3
25431 1
25432 1
25433 2
25434 3
25435 3
25436 5
25437 0
25438 4
25439 1
25440 3
25441 0
25442 4
25443 1
25444 1
25445 0
25446 2
25447 0
25448 5
25449 0
25450 2
25451 0
25452 2
25453 0
25454 1
25455 0
25456 8
25457 0
25458 1
25459 1
25460 3
25461 2
25462 4
25463 1
25464 5
25465 2
25466 3
25467 0
25468 4
25469 0
25470 5
25471 0
25472 4
25473 3
25474 0
25475 6
25476 2
25477 1
25478 6
25479 4
25480 6
25481 1
25482 4
25483 4
25484 2
25485 4
25486 2
25487 0
25488 1
25489 3
25490 2
25491 1
25492 3
25493 2
25494 2
25495 2
25496 0
25497 0
25498 1
25499 5
25500 2
25501 1
25502 2
25503 6
25504 0
25505 1
25506 0
25507 4
25508 0
25509 5
25510 2
25511 3
25512 0
25513 4
25514 0
25515 3
25516 0
25517 5
25518 0
25519 3
25520 0
25521 2
25522 1
25523 3
25524 0
25525 6
25526 1
25527 3
25528 0
25529 1
25530 5
25531 5
25532 0
25533 3
25534 0
25535 5
25536 1
25537 3
25538 1
25539 4
25540 2
25541 2
25542 4
25543 3
25544 1
25545 8
25546 1
25547 4
25548 0
25549 1
25550 3
25551 1
25552 4
25553 1
25554 6
25555 0
25556 3
25557 3
25558 1
25559 0
25560 7
25561 1
25562 2
25563 3
25564 3
25565 1
25566 3
25567 0
25568 3
25569 1
25570 1
25571 1
25572 5
25573 0
25574 2
25575 0
25576 1
25577 0
25578 3
25579 0
25580 6
25581 0
25582 1
25583 0
25584 5
25585 0
25586 3
25587 1
25588 3
25589 1
25590 5
25591 0
25592 6
25593 2
25594 5
25595 2
25596 6
25597 3
25598 2
25599 1
25600 3
25601 1
25602 6
25603 1
25604 2
25605 1
25606 2
25607 1
25608 0
25609 4
25610 1
25611 2
25612 1
25613 3
25614 2
25615 0
25616 1
25617 3
25618 1
25619 5
25620 1
25621 1
25622 1
25623 5
25624 0
25625 5
25626 0
25627 0
25628 0
25629 6
25630 0
25631 5
25632 2
25633 1
25634 1
25635 2
25636 1
25637 2
25638 1
25639 3
25640 0
25641 5
25642 0
25643 2
25644 0
25645 3
25646 0
25647 4
25648 0
25649 2
25650 0
25651 2
25652 1
25653 0
25654 0
25655 0
25656 2
25657 2
25658 1
25659 5
25660 1
25661 0
25662 2
25663 4
25664 1
25665 2
25666 0
25667 2
25668 3
25669 2
25670 0
25671 2
25672 3
25673 4
25674 3
25675 1
25676 1
25677 3
25678 2
25679 2
25680 3
25681 2
25682 1
25683 1
25684 2
25685 1
25686 1
25687 0
25688 5
25689 2
25690 1
25691 0
25692 3
25693 0
25694 3
25695 0
25696 4
25697 0
25698 2
25699 0
25700 6
25701 0
25702 3
25703 0
25704 2
25705 0
25706 2
25707 0
25708 1
25709 0
25710 1
25711 2
25712 1
25713 0
25714 2
25715 0
25716 4
25717 0
25718 3
25719 1
25720 3
25721 0
25722 2
25723 0
25724 4
25725 1
25726 3
25727 1
25728 1
25729 0
25730 2
25731 0
25732 1
25733 1
25734 2
25735 1
25736 1
25737 1
25738 0
25739 2
25740 1
25741 1
25742 1
25743 1
25744 0
25745 3
25746 0
25747 3
25748 0
25749 2
25750 0
25751 2
25752 0
25753 3
25754 2
25755 2
25756 1
25757 1
25758 0
25759 2
25760 0
25761 3
25762 1
25763 3
25764 0
25765 2
25766 0
25767 3
25768 0
25769 5
25770 0
25771 3
25772 0
25773 3
25774 0
25775 5
25776 0
25777 2
25778 0
25779 5
25780 1
25781 2
25782 2
25783 3
25784 0
25785 1
25786 1
25787 2
25788 2
25789 3
25790 0
25791 0
25792 0
25793 2
25794 0
25795 0
25796 1
25797 0
25798 3
25799 3
25800 0
25801 2
25802 1
25803 4
25804 1
25805 0
25806 1
25807 3
25808 1
25809 1
25810 2
25811 1
25812 0
25813 0
25814 0
25815 1
25816 2
25817 0
25818 1
25819 0
25820 2
25821 0
25822 2
25823 0
25824 2
25825 0
25826 5
25827 1
25828 0
25829 0
25830 5
25831 0
25832 2
25833 0
25834 7
25835 0
25836 4
25837 0
25838 5
25839 0
25840 4
25841 0
25842 4
25843 0
25844 0
25845 1
25846 1
25847 0
25848 0
25849 0
25850 1
25851 0
25852 1
25853 1
25854 0
25855 0
25856 1
25857 3
25858 3
25859 1
25860 1
25861 0
25862 3
25863 0
25864 0
25865 3
25866 1
25867 0
25868 0
25869 2
25870 2
25871 0
25872 0
25873 1
25874 1
25875 1
25876 1
25877 2
25878 0
25879 4
25880 2
25881 1
25882 1
25883 1
25884 0
25885 2
25886 0
25887 0
25888 0
25889 3
25890 0
25891 2
25892 0
25893 2
25894 0
25895 6
25896 0
25897 2
25898 0
25899 0
25900 0
25901 0
25902 0
25903 2
25904 0
25905 0
25906 0
25907 0
25908 0
25909 1
25910 0
25911 0
25912 2
25913 0
25914 1
25915 1
25916 0
25917 3
25918 1
25919 1
25920 0
25921 1
25922 2
25923 0
25924 0
25925 1
25926 0
25927 0
25928 0
25929 0
25930 2
25931 1
25932 2
25933 3
25934 2
25935 0
25936 1
25937 0
25938 3
25939 2
25940 2
25941 0
25942 2
25943 2
25944 1
25945 1
25946 4
25947 0
25948 5
25949 0
25950 1
25951 0
25952 2
25953 0
25954 3
25955 0
25956 4
25957 0
25958 1
25959 0
25960 1
25961 0
25962 1
25963 0
25964 3
25965 0
25966 1
25967 0
25968 2
25969 0
25970 2
25971 0
25972 2
25973 0
25974 0
25975 0
25976 2
25977 0
25978 1
25979 2
25980 1
25981 0
25982 0
25983 0
25984 2
25985 0
25986 0
25987 2
25988 4
25989 0
25990 1
25991 2
25992 3
25993 3
25994 2
25995 1
25996 1
25997 1
25998 1
25999 3
26000 0
26001 0
26002 1
26003 1
26004 0
26005 2
26006 2
26007 4
26008 0
26009 1
26010 1
26011 1
26012 0
26013 2
26014 0
26015 1
26016 0
26017 1
26018 0
26019 1
26020 0
26021 1
26022 0
26023 2
26024 0
26025 0
26026 0
26027 1
26028 0
26029 2
26030 0
26031 0
26032 0
26033 1
26034 0
26035 0
26036 0
26037 2
26038 0
26039 3
26040 0
26041 2
26042 0
26043 1
26044 1
26045 0
26046 1
26047 1
26048 2
26049 0
26050 0
26051 2
26052 0
26053 2
26054 0
26055 0
26056 1
26057 1
26058 0
26059 0
26060 2
26061 1
26062 1
26063 1
26064 1
26065 0
26066 3
26067 0
26068 5
26069 0
26070 2
26071 1
26072 0
26073 0
26074 2
26075 0
26076 2
26077 0
26078 2
26079 0
26080 0
26081 0
26082 2
26083 0
26084 1
26085 0
26086 0
26087 0
26088 1
26089 0
26090 1
26091 0
26092 1
26093 0
26094 1
26095 0
26096 1
26097 1
26098 1
26099 0
26100 0
26101 0
26102 2
26103 1
26104 1
26105 0
26106 0
26107 2
26108 1
26109 0
26110 0
26111 1
26112 0
26113 0
26114 0
26115 0
26116 1
26117 1
26118 0
26119 1
26120 1
26121 0
26122 1
26123 3
26124 0
26125 0
26126 1
26127 0
26128 1
26129 2
26130 0
26131 1
26132 0
26133 1
26134 1
26135 1
26136 0
26137 2
26138 0
26139 0
26140 0
26141 3
26142 0
26143 3
26144 0
26145 2
26146 0
26147 1
26148 0
26149 0
26150 0
26151 1
26152 0
26153 2
26154 0
26155 3
26156 0
26157 1
26158 0
26159 0
26160 0
26161 0
26162 0
26163 0
26164 0
26165 1
26166 0
26167 1
26168 0
26169 1
26170 0
26171 0
26172 0
26173 3
26174 2
26175 0
26176 0
26177 1
26178 0
26179 0
26180 0
26181 0
26182 1
26183 1
26184 1
26185 1
26186 0
26187 2
26188 1
26189 1
26190 0
26191 0
26192 3
26193 1
26194 2
26195 1
26196 2
26197 0
26198 1
26199 0
26200 0
26201 0
26202 0
26203 0
26204 3
26205 1
26206 1
26207 0
26208 1
26209 0
26210 2
26211 0
26212 0
26213 0
26214 1
26215 0
26216 2
26217 0
26218 2
26219 0
26220 0
26221 0
26222 1
26223 0
26224 2
26225 0
26226 1
26227 0
26228 1
26229 0
26230 2
26231 1
26232 1
26233 0
26234 1
26235 1
26236 1
26237 1
26238 1
26239 0
26240 1
26241 0
26242 1
26243 1
26244 0
26245 0
26246 0
26247 1
26248 2
26249 1
26250 0
26251 1
26252 0
26253 1
26254 0
26255 0
26256 1
26257 0
26258 0
26259 1
26260 0
26261 2
26262 0
26263 1
26264 0
26265 1
26266 0
26267 2
26268 0
26269 1
26270 0
26271 2
26272 0
26273 0
26274 0
26275 2
26276 0
26277 0
26278 1
26279 3
26280 0
26281 3
26282 0
26283 1
26284 0
26285 0
26286 0
26287 1
26288 0
26289 1
26290 0
26291 0
26292 0
26293 1
26294 0
26295 1
26296 0
26297 1
26298 0
26299 0
26300 0
26301 0
26302 0
26303 0
26304 0
26305 1
26306 0
26307 0
26308 1
26309 0
26310 0
26311 2
26312 0
26313 1
26314 1
26315 0
26316 1
26317 1
26318 0
26319 0
26320 0
26321 1
26322 1
26323 1
26324 1
26325 0
26326 1
26327 0
26328 0
26329 0
26330 2
26331 0
26332 1
26333 0
26334 2
26335 0
26336 0
26337 0
26338 2
26339 0
26340 1
26341 0
26342 1
26343 0
26344 0
26345 0
26346 1
26347 1
26348 0
26349 0
26350 1
26351 0
26352 2
26353 0
26354 0
26355 0
26356 0
26357 0
26358 0
26359 1
26360 1
26361 0
26362 2
26363 1
26364 1
26365 1
26366 1
26367 0
26368 0
26369 0
26370 0
26371 0
26372 1
26373 1
26374 1
26375 0
26376 0
26377 2
26378 0
26379 1
26380 0
26381 2
26382 1
26383 2
26384 0
26385 1
26386 0
26387 0
26388 2
26389 1
26390 0
26391 0
26392 1
26393 1
26394 0
26395 1
26396 0
26397 2
26398 0
26399 1
26400 0
26401 3
26402 0
26403 1
26404 0
26405 0
26406 1
26407 0
26408 1
26409 1
26410 0
26411 0
26412 0
26413 3
26414 0
26415 0
26416 1
26417 0
26418 0
26419 0
26420 0
26421 1
26422 0
26423 0
26424 1
26425 0
26426 0
26427 3
26428 0
26429 0
26430 0
26431 1
26432 0
26433 1
26434 1
26435 0
26436 0
26437 0
26438 1
26439 0
26440 0
26441 0
26442 0
26443 0
26444 0
26445 0
26446 1
26447 0
26448 1
26449 0
26450 1
26451 0
26452 0
26453 0
26454 1
26455 0
26456 0
26457 0
26458 0
26459 0
26460 0
26461 0
26462 0
26463 0
26464 1
26465 0
26466 1
26467 1
26468 0
26469 0
26470 0
26471 0
26472 0
26473 0
26474 5
26475 0
26476 0
26477 0
26478 0
26479 1
26480 3
26481 0
26482 0
26483 0
26484 1
26485 0
26486 0
26487 0
26488 0
26489 0
26490 0
26491 2
26492 1
26493 0
26494 0
26495 0
26496 0
26497 0
26498 0
26499 1
26500 0
26501 1
26502 1
26503 0
26504 0
26505 1
26506 0
26507 1
26508 0
26509 0
26510 1
26511 1
26512 0
26513 1
26514 0
26515 0
26516 0
26517 1
26518 0
26519 1
26520 0
26521 3
26522 0
26523 2
26524 0
26525 2
26526 0
26527 1
26528 0
26529 1
26530 0
26531 0
26532 0
26533 0
26534 0
26535 0
26536 0
26537 0
26538 0
26539 1
26540 2
26541 1
26542 0
26543 0
26544 0
26545 2
26546 0
26547 0
26548 0
26549 0
26550 0
26551 0
26552 0
26553 0
26554 0
26555 0
26556 0
26557 2
26558 0
26559 0
26560 1
26561 0
26562 0
26563 1
26564 1
26565 0
26566 1
26567 0
26568 0
26569 0
26570 1
26571 0
26572 0
26573 0
26574 2
26575 1
26576 0
26577 0
26578 0
26579 0
26580 0
26581 0
26582 0
26583 0
26584 1
26585 0
26586 2
26587 0
26588 1
26589 0
26590 0
26591 0
26592 2
26593 0
26594 0
26595 0
26596 1
26597 0
26598 3
26599 0
26600 0
26601 0
26602 3
26603 1
26604 2
26605 0
26606 0
26607 0
26608 0
26609 0
26610 0
26611 0
26612 1
26613 0
26614 0
26615 0
26616 0
26617 0
26618 1
26619 0
26620 0
26621 0
26622 1
26623 1
26624 0
26625 1
26626 0
26627 1
26628 0
26629 0
26630 0
26631 1
26632 0
26633 0
26634 0
26635 0
26636 0
26637 0
26638 0
26639 1
26640 0
26641 1
26642 0
26643 1
26644 0
26645 0
26646 0
26647 0
26648 0
26649 1
26650 0
26651 1
26652 0
26653 1
26654 0
26655 0
26656 0
26657 0
26658 0
26659 2
26660 0
26661 0
26662 0
26663 0
26664 0
26665 0
26666 0
26667 1
26668 0
26669 0
26670 0
26671 0
26672 0
26673 0
26674 2
26675 1
26676 1
26677 1
26678 1
26679 0
26680 1
26681 0
26682 0
26683 0
26684 0
26685 0
26686 0
26687 0
26688 0
26689 0
26690 0
26691 0
26692 1
26693 0
26694 0
26695 0
26696 1
26697 0
26698 0
26699 0
26700 0
26701 0
26702 0
26703 0
26704 0
26705 0
26706 1
26707 0
26708 2
26709 0
26710 0
26711 0
26712 0
26713 0
26714 1
26715 0
26716 1
26717 0
26718 0
26719 0
26720 0
26721 1
26722 3
26723 0
26724 0
26725 0
26726 0
26727 0
26728 0
26729 2
26730 0
26731 0
26732 0
26733 0
26734 1
26735 0
26736 0
26737 0
26738 1
26739 0
26740 0
26741 0
26742 1
26743 0
26744 0
26745 0
26746 0
26747 0
26748 0
26749 0
26750 0
26751 0
26752 0
26753 0
26754 1
26755 1
26756 0
26757 0
26758 0
26759 0
26760 0
26761 0
26762 0
26763 1
26764 0
26765 1
26766 0
26767 2
26768 0
26769 0
26770 0
26771 1
26772 0
26773 0
26774 0
26775 1
26776 0
26777 1
26778 0
26779 0
26780 1
26781 0
26782 0
26783 0
26784 0
26785 0
26786 0
26787 0
26788 1
26789 0
26790 0
26791 0
26792 0
26793 0
26794 0
26795 0
26796 0
26797 0
26798 0
26799 1
26800 0
26801 0
26802 0
26803 0
26804 0
26805 1
26806 0
26807 1
26808 0
26809 1
26810 0
26811 0
26812 0
26813 1
26814 0
26815 1
26816 0
26817 0
26818 0
26819 0
26820 0
26821 0
26822 0
26823 0
26824 0
26825 0
26826 0
26827 0
26828 0
26829 0
26830 1
26831 0
26832 0
26833 0
26834 3
26835 0
26836 1
26837 0
26838 1
26839 0
26840 0
26841 0
26842 0
26843 0
26844 0
26845 0
26846 0
26847 0
26848 1
26849 0
26850 0
26851 0
26852 1
26853 0
26854 0
26855 1
26856 1
26857 0
26858 0
26859 1
26860 0
26861 1
26862 0
26863 0
26864 0
26865 0
26866 0
26867 2
26868 0
26869 0
26870 1
26871 1
26872 0
26873 0
26874 0
26875 0
26876 0
26877 0
26878 2
26879 0
26880 1
26881 0
26882 0
26883 0
26884 1
26885 0
26886 0
26887 0
26888 0
26889 0
26890 0
26891 1
26892 0
26893 0
26894 0
26895 1
26896 0
26897 1
26898 0
26899 0
26900 0
26901 1
26902 0
26903 1
26904 0
26905 0
26906 0
26907 1
26908 0
26909 1
26910 1
26911 0
26912 0
26913 1
26914 0
26915 0
26916 0
26917 0
26918 0
26919 0
26920 0
26921 0
26922 0
26923 0
26924 0
26925 0
26926 0
26927 0
26928 0
26929 1
26930 0
26931 0
26932 0
26933 0
26934 0
26935 0
26936 0
26937 0
26938 1
26939 0
26940 0
26941 1
26942 0
26943 1
26944 0
26945 0
26946 1
26947 0
26948 1
26949 0
26950 0
26951 1
26952 0
26953 0
26954 0
26955 0
26956 2
26957 0
26958 0
26959 0
26960 0
26961 0
26962 0
26963 0
26964 1
26965 0
26966 0
26967 0
26968 1
26969 1
26970 0
26971 0
26972 0
26973 1
26974 1
26975 0
26976 0
26977 0
26978 0
26979 0
26980 0
26981 0
26982 0
26983 0
26984 0
26985 0
26986 1
26987 0
26988 0
26989 0
26990 0
26991 1
26992 1
26993 0
26994 0
26995 0
26996 0
26997 0
26998 0
26999 0
27000 0
27001 0
27002 0
27003 0
27004 0
27005 0
27006 0
27007 0
27008 0
27009 0
27010 0
27011 0
27012 0
27013 0
27014 0
27015 1
27016 1
27017 0
27018 0
27019 0
27020 0
27021 0
27022 0
27023 0
27024 0
27025 0
27026 0
27027 0
27028 0
27029 1
27030 0
27031 0
27032 0
27033 1
27034 0
27035 0
27036 0
27037 2
27038 0
27039 1
27040 0
27041 1
27042 2
27043 0
27044 0
27045 0
27046 0
27047 1
27048 0
27049 1
27050 0
27051 0
27052 1
27053 0
27054 0
27055 0
27056 1
27057 0
27058 0
27059 0
27060 1
27061 0
27062 0
27063 0
27064 0
27065 0
27066 0
27067 0
27068 0
27069 0
27070 0
27071 0
27072 0
27073 0
27074 0
27075 0
27076 0
27077 0
27078 2
27079 0
27080 1
27081 0
27082 1
27083 0
27084 1
27085 0
27086 1
27087 0
27088 0
27089 0
27090 0
27091 0
27092 0
27093 0
27094 1
27095 0
27096 1
27097 0
27098 2
27099 0
27100 0
27101 0
27102 1
27103 0
27104 1
27105 1
27106 0
27107 0
27108 0
27109 0
27110 0
27111 0
27112 0
27113 0
27114 0
27115 0
27116 3
27117 0
27118 0
27119 0
27120 0
27121 1
27122 0
27123 0
27124 0
27125 1
27126 0
27127 1
27128 0
27129 0
27130 0
27131 0
27132 1
27133 1
27134 0
27135 1
27136 0
27137 0
27138 0
27139 0
27140 0
27141 0
27142 0
27143 0
27144 0
27145 0
27146 0
27147 0
27148 0
27149 1
27150 0
27151 0
27152 0
27153 0
27154 0
27155 0
27156 0
27157 0
27158 0
27159 1
27160 0
27161 0
27162 0
27163 0
27164 0
27165 0
27166 1
27167 1
27168 0
27169 0
27170 0
27171 0
27172 0
27173 0
27174 0
27175 0
27176 0
27177 0
27178 0
27179 0
27180 0
27181 0
27182 0
27183 0
27184 0
27185 0
27186 0
27187 0
27188 1
27189 0
27190 0
27191 0
27192 0
27193 0
27194 0
27195 1
27196 0
27197 1
27198 0
27199 0
27200 1
27201 0
27202 2
27203 0
27204 0
27205 0
27206 0
27207 0
27208 0
27209 1
27210 0
27211 0
27212 0
27213 0
27214 0
27215 0
27216 0
27217 0
27218 1
27219 0
27220 0
27221 0
27222 0
27223 0
27224 0
27225 0
27226 0
27227 0
27228 0
27229 0
27230 0
27231 1
27232 1
27233 0
27234 0
27235 0
27236 0
27237 0
27238 1
27239 0
27240 0
27241 0
27242 0
27243 0
27244 0
27245 0
27246 1
27247 0
27248 0
27249 0
27250 0
27251 0
27252 0
27253 1
27254 0
27255 0
27256 0
27257 1
27258 0
27259 0
27260 0
27261 0
27262 0
27263 2
27264 0
27265 0
27266 0
27267 0
27268 0
27269 0
27270 0
27271 1
27272 0
27273 0
27274 0
27275 0
27276 0
27277 0
27278 0
27279 1
27280 0
27281 1
27282 0
27283 0
27284 0
27285 0
27286 0
27287 0
27288 0
27289 1
27290 0
27291 0
27292 0
27293 0
27294 0
27295 1
27296 0
27297 0
27298 0
27299 0
27300 0
27301 0
27302 0
27303 0
27304 1
27305 1
27306 0
27307 1
27308 0
27309 1
27310 1
27311 0
27312 0
27313 0
27314 0
27315 0
27316 0
27317 0
27318 1
27319 0
27320 0
27321 0
27322 0
27323 0
27324 0
27325 1
27326 0
27327 1
27328 0
27329 0
27330 0
27331 0
27332 0
27333 0
27334 1
27335 0
27336 0
27337 0
27338 1
27339 0
27340 0
27341 0
27342 0
27343 0
27344 0
27345 0
27346 0
27347 0
27348 0
27349 0
27350 2
27351 0
27352 0
27353 0
27354 0
27355 0
27356 1
27357 0
27358 0
27359 0
27360 0
27361 0
27362 1
27363 0
27364 0
27365 0
27366 0
27367 0
27368 0
27369 0
27370 0
27371 0
27372 0
27373 0
27374 0
27375 0
27376 1
27377 1
27378 0
27379 0
27380 0
27381 0
27382 0
27383 0
27384 0
27385 0
27386 0
27387 0
27388 1
27389 0
27390 0
27391 0
27392 0
27393 1
27394 0
27395 0
27396 1
27397 0
27398 1
27399 0
27400 0
27401 0
27402 0
27403 0
27404 0
27405 0
27406 0
27407 0
27408 0
27409 1
27410 0
27411 1
27412 0
27413 0
27414 0
27415 0
27416 0
27417 0
27418 0
27419 0
27420 0
27421 0
27422 0
27423 0
27424 0
27425 0
27426 0
27427 1
27428 0
27429 0
27430 1
27431 0
27432 0
27433 1
27434 0
27435 0
27436 0
27437 0
27438 0
27439 0
27440 0
27441 0
27442 1
27443 0
27444 0
27445 1
27446 0
27447 0
27448 0
27449 0
27450 1
27451 0
27452 0
27453 1
27454 0
27455 0
27456 1
27457 1
27458 1
27459 1
27460 0
27461 1
27462 0
27463 0
27464 1
27465 0
27466 0
27467 0
27468 0
27469 0
27470 0
27471 0
27472 0
27473 1
27474 0
27475 0
27476 1
27477 0
27478 0
27479 0
27480 0
27481 0
27482 1
27483 0
27484 0
27485 0
27486 0
27487 0
27488 0
27489 0
27490 0
27491 0
27492 0
27493 1
27494 0
27495 0
27496 0
27497 0
27498 1
27499 0
27500 0
27501 0
27502 0
27503 0
27504 0
27505 0
27506 0
27507 1
27508 0
27509 0
27510 0
27511 0
27512 0
27513 0
27514 0
27515 0
27516 0
27517 0
27518 0
27519 0
27520 0
27521 0
27522 0
27523 0
27524 0
27525 0
27526 0
27527 1
27528 0
27529 0
27530 0
27531 0
27532 0
27533 1
27534 0
27535 0
27536 0
27537 0
27538 0
27539 0
27540 0
27541 1
27542 0
27543 0
27544 0
27545 0
27546 0
27547 0
27548 0
27549 1
27550 0
27551 0
27552 0
27553 0
27554 0
27555 1
27556 0
27557 0
27558 1
27559 0
27560 0
27561 0
27562 0
27563 0
27564 0
27565 0
27566 0
27567 0
27568 0
27569 1
27570 0
27571 0
27572 0
27573 0
27574 0
27575 0
27576 0
27577 0
27578 0
27579 0
27580 1
27581 0
27582 0
27583 0
27584 0
27585 0
27586 0
27587 0
27588 0
27589 0
27590 0
27591 0
27592 0
27593 0
27594 0
27595 0
27596 0
27597 0
27598 0
27599 0
27600 0
27601 0
27602 0
27603 0
27604 0
27605 0
27606 0
27607 0
27608 0
27609 1
27610 1
27611 1
27612 1
27613 0
27614 0
27615 0
27616 0
27617 1
27618 1
27619 0
27620 0
27621 0
27622 0
27623 0
27624 0
27625 0
27626 0
27627 0
27628 0
27629 0
27630 0
27631 0
27632 0
27633 1
27634 0
27635 0
27636 0
27637 1
27638 0
27639 0
27640 0
27641 0
27642 0
27643 0
27644 0
27645 1
27646 0
27647 0
27648 0
27649 0
27650 0
27651 0
27652 0
27653 0
27654 0
27655 1
27656 0
27657 1
27658 0
27659 1
27660 0
27661 0
27662 0
27663 0
27664 0
27665 0
27666 0
27667 0
27668 0
27669 0
27670 0
27671 0
27672 0
27673 0
27674 0
27675 0
27676 0
27677 0
27678 0
27679 0
27680 0
27681 1
27682 0
27683 0
27684 0
27685 1
27686 2
27687 0
27688 0
27689 0
27690 1
27691 0
27692 0
27693 2
27694 0
27695 0
27696 0
27697 1
27698 0
27699 0
27700 0
27701 0
27702 0
27703 0
27704 1
27705 0
27706 0
27707 0
27708 1
27709 0
27710 0
27711 0
27712 0
27713 0
27714 0
27715 0
27716 0
27717 0
27718 1
27719 0
27720 1
27721 0
27722 0
27723 0
27724 1
27725 0
27726 0
27727 0
27728 0
27729 0
27730 1
27731 0
27732 1
27733 0
27734 0
27735 0
27736 0
27737 0
27738 0
27739 0
27740 2
27741 0
27742 1
27743 0
27744 0
27745 0
27746 0
27747 0
27748 0
27749 0
27750 0
27751 0
27752 0
27753 0
27754 0
27755 1
27756 0
27757 0
27758 0
27759 0
27760 0
27761 0
27762 1
27763 0
27764 0
27765 0
27766 0
27767 0
27768 0
27769 0
27770 0
27771 0
27772 0
27773 2
27774 0
27775 1
27776 0
27777 0
27778 0
27779 1
27780 0
27781 0
27782 0
27783 0
27784 0
27785 0
27786 0
27787 0
27788 0
27789 0
27790 0
27791 0
27792 0
27793 0
27794 0
27795 0
27796 0
27797 0
27798 0
27799 2
27800 1
27801 1
27802 0
27803 1
27804 0
27805 0
27806 0
27807 0
27808 0
27809 0
27810 0
27811 1
27812 0
27813 0
27814 1
27815 1
27816 0
27817 0
27818 0
27819 0
27820 0
27821 0
27822 0
27823 0
27824 1
27825 0
27826 0
27827 1
27828 0
27829 0
27830 0
27831 1
27832 0
27833 0
27834 0
27835 0
27836 1
27837 0
27838 0
27839 0
27840 0
27841 0
27842 0
27843 0
27844 0
27845 0
27846 1
27847 0
27848 0
27849 0
27850 0
27851 0
27852 0
27853 0
27854 0
27855 0
27856 0
27857 0
27858 1
27859 0
27860 0
27861 0
27862 1
27863 0
27864 0
27865 0
27866 0
27867 1
27868 0
27869 0
27870 0
27871 1
27872 0
27873 0
27874 0
27875 0
27876 0
27877 1
27878 1
27879 0
27880 0
27881 1
27882 0
27883 0
27884 0
27885 0
27886 0
27887 1
27888 0
27889 1
27890 0
27891 0
27892 0
27893 0
27894 0
27895 0
27896 0
27897 0
27898 0
27899 0
27900 0
27901 0
27902 0
27903 0
27904 0
27905 1
27906 0
27907 0
27908 0
27909 0
27910 0
27911 0
27912 0
27913 0
27914 0
27915 0
27916 0
27917 0
27918 0
27919 0
27920 0
27921 0
27922 0
27923 0
27924 0
27925 1
27926 0
27927 0
27928 0
27929 0
27930 0
27931 0
27932 0
27933 0
27934 0
27935 1
27936 0
27937 2
27938 0
27939 0
27940 0
27941 0
27942 0
27943 0
27944 1
27945 0
27946 0
27947 0
27948 0
27949 0
27950 0
27951 0
27952 1
27953 0
27954 1
27955 0
27956 0
27957 0
27958 0
27959 0
27960 1
27961 0
27962 0
27963 0
27964 0
27965 0
27966 1
27967 0
27968 0
27969 0
27970 1
27971 0
27972 2
27973 0
27974 0
27975 0
27976 0
27977 0
27978 0
27979 0
27980 0
27981 0
27982 0
27983 0
27984 2
27985 0
27986 0
27987 0
27988 0
27989 0
27990 0
27991 0
27992 0
27993 0
27994 0
27995 0
27996 0
27997 1
27998 0
27999 0
28000 0
28001 0
28002 0
28003 1
28004 0
28005 0
28006 0
28007 0
28008 0
28009 1
28010 0
28011 0
28012 0
28013 1
28014 0
28015 0
28016 0
28017 0
28018 0
28019 0
28020 0
28021 0
28022 0
28023 0
28024 0
28025 0
28026 0
28027 0
28028 0
28029 0
28030 0
28031 0
28032 0
28033 0
28034 0
28035 0
28036 0
28037 0
28038 0
28039 1
28040 0
28041 0
28042 0
28043 0
28044 0
28045 0
28046 0
28047 0
28048 0
28049 0
28050 1
28051 0
28052 0
28053 1
28054 1
28055 0
28056 0
28057 0
28058 0
28059 0
28060 0
28061 0
28062 1
28063 0
28064 0
28065 1
28066 0
28067 1
28068 0
28069 0
28070 0
28071 0
28072 0
28073 0
28074 0
28075 0
28076 1
28077 0
28078 0
28079 0
28080 1
28081 0
28082 0
28083 0
28084 1
28085 0
28086 0
28087 1
28088 1
28089 0
28090 1
28091 0
28092 0
28093 0
28094 1
28095 0
28096 0
28097 0
28098 0
28099 0
28100 1
28101 0
28102 0
28103 0
28104 0
28105 0
28106 0
28107 0
28108 0
28109 0
28110 0
28111 0
28112 0
28113 0
28114 0
28115 0
28116 0
28117 0
28118 0
28119 0
28120 0
28121 0
28122 0
28123 1
28124 0
28125 0
28126 1
28127 1
28128 0
28129 0
28130 0
28131 0
28132 0
28133 1
28134 0
28135 2
28136 1
28137 0
28138 0
28139 1
28140 1
28141 0
28142 0
28143 0
28144 0
28145 0
28146 0
28147 0
28148 0
28149 0
28150 0
28151 0
28152 0
28153 0
28154 0
28155 0
28156 0
28157 0
28158 0
28159 0
28160 0
28161 0
28162 0
28163 0
28164 0
28165 0
28166 0
28167 1
28168 0
28169 0
28170 0
28171 0
28172 0
28173 0
28174 0
28175 0
28176 0
28177 0
28178 0
28179 1
28180 0
28181 1
28182 0
28183 0
28184 1
28185 0
28186 0
28187 0
28188 0
28189 0
28190 0
28191 0
28192 0
28193 0
28194 0
28195 0
28196 0
28197 0
28198 0
28199 0
28200 0
28201 0
28202 0
28203 0
28204 1
28205 0
28206 0
28207 0
28208 0
28209 0
28210 0
28211 0
28212 0
28213 0
28214 0
28215 0
28216 0
28217 0
28218 1
28219 0
28220 2
28221 0
28222 1
28223 0
28224 0
28225 0
28226 1
28227 0
28228 0
28229 0
28230 0
28231 0
28232 0
28233 0
28234 0
28235 0
28236 0
28237 0
28238 0
28239 0
28240 0
28241 0
28242 0
28243 0
28244 0
28245 0
28246 0
28247 0
28248 0
28249 0
28250 0
28251 0
28252 0
28253 0
28254 0
28255 0
28256 0
28257 0
28258 0
28259 0
28260 0
28261 1
28262 0
28263 0
28264 0
28265 0
28266 0
28267 0
28268 0
28269 0
28270 0
28271 0
28272 0
28273 0
28274 0
28275 0
28276 0
28277 1
28278 0
28279 0
28280 0
28281 2
28282 0
28283 0
28284 0
28285 1
28286 0
28287 1
28288 0
28289 2
28290 0
28291 0
28292 0
28293 0
28294 0
28295 1
28296 0
28297 1
28298 0
28299 0
28300 0
28301 0
28302 0
28303 0
28304 0
28305 2
28306 0
28307 1
28308 0
28309 0
28310 1
28311 0
28312 0
28313 0
28314 0
28315 0
28316 0
28317 1
28318 0
28319 0
28320 0
28321 0
28322 0
28323 0
28324 1
28325 1
28326 0
28327 0
28328 0
28329 0
28330 0
28331 0
28332 0
28333 0
28334 0
28335 0
28336 1
28337 0
28338 0
28339 0
28340 0
28341 0
28342 0
28343 0
28344 1
28345 0
28346 1
28347 0
28348 0
28349 0
28350 1
28351 0
28352 0
28353 0
28354 2
28355 0
28356 0
28357 0
28358 0
28359 0
28360 1
28361 0
28362 0
28363 0
28364 0
28365 0
28366 0
28367 0
28368 0
28369 0
28370 0
28371 0
28372 0
28373 0
28374 0
28375 0
28376 0
28377 0
28378 0
28379 0
28380 0
28381 0
28382 0
28383 0
28384 0
28385 0
28386 0
28387 0
28388 0
28389 0
28390 0
28391 0
28392 0
28393 0
28394 0
28395 0
28396 0
28397 0
28398 0
28399 0
28400 0
28401 0
28402 0
28403 1
28404 0
28405 0
28406 0
28407 1
28408 0
28409 0
28410 0
28411 1
28412 0
28413 0
28414 0
28415 0
28416 0
28417 0
28418 0
28419 0
28420 0
28421 0
28422 0
28423 0
28424 0
28425 0
28426 0
28427 1
28428 1
28429 0
28430 0
28431 0
28432 0
28433 0
28434 0
28435 1
28436 0
28437 0
28438 0
28439 0
28440 0
28441 0
28442 0
28443 0
28444 0
28445 1
28446 0
28447 0
28448 0
28449 0
28450 0
28451 0
28452 0
28453 0
28454 0
28455 0
28456 0
28457 0
28458 0
28459 0
28460 0
28461 0
28462 0
28463 0
28464 0
28465 0
28466 0
28467 0
28468 0
28469 0
28470 0
28471 0
28472 0
28473 0
28474 0
28475 0
28476 0
28477 0
28478 0
28479 0
28480 0
28481 0
28482 1
28483 0
28484 0
28485 0
28486 0
28487 0
28488 0
28489 1
28490 0
28491 0
28492 1
28493 0
28494 0
28495 0
28496 0
28497 1
28498 0
28499 0
28500 0
28501 0
28502 0
28503 1
28504 0
28505 0
28506 0
28507 0
28508 0
28509 0
28510 0
28511 0
28512 0
28513 0
28514 0
28515 0
28516 0
28517 0
28518 0
28519 0
28520 0
28521 0
28522 0
28523 0
28524 0
28525 0
28526 0
28527 1
28528 0
28529 0
28530 0
28531 0
28532 0
28533 0
28534 0
28535 0
28536 0
28537 0
28538 0
28539 0
28540 0
28541 0
28542 0
28543 0
28544 0
28545 1
28546 0
28547 0
28548 0
28549 0
28550 0
28551 0
28552 0
28553 0
28554 0
28555 0
28556 0
28557 0
28558 0
28559 0
28560 0
28561 0
28562 0
28563 0
28564 0
28565 0
28566 0
28567 0
28568 0
28569 1
28570 0
28571 0
28572 0
28573 0
28574 0
28575 1
28576 0
28577 0
28578 0
28579 0
28580 0
28581 0
28582 0
28583 0
28584 0
28585 0
28586 0
28587 1
28588 0
28589 0
28590 0
28591 0
28592 0
28593 1
28594 0
28595 0
28596 0
28597 0
28598 0
28599 0
28600 0
28601 0
28602 0
28603 0
28604 0
28605 0
28606 0
28607 0
28608 0
28609 0
28610 0
28611 0
28612 0
28613 0
28614 1
28615 0
28616 0
28617 0
28618 0
28619 1
28620 0
28621 0
28622 0
28623 0
28624 0
28625 0
28626 0
28627 0
28628 0
28629 0
28630 0
28631 0
28632 0
28633 0
28634 0
28635 1
28636 0
28637 0
28638 0
28639 0
28640 0
28641 0
28642 0
28643 0
28644 0
28645 0
28646 0
28647 0
28648 0
28649 0
28650 0
28651 1
28652 1
28653 0
28654 0
28655 0
28656 0
28657 0
28658 0
28659 0
28660 0
28661 0
28662 0
28663 0
28664 0
28665 0
28666 0
28667 0
28668 0
28669 0
28670 0
28671 0
28672 0
28673 0
28674 0
28675 0
28676 0
28677 0
28678 0
28679 0
28680 1
28681 1
28682 0
28683 0
28684 0
28685 0
28686 0
28687 0
28688 0
28689 0
28690 0
28691 0
28692 0
28693 0
28694 0
28695 0
28696 0
28697 0
28698 0
28699 0
28700 0
28701 0
28702 0
28703 0
28704 0
28705 0
28706 0
28707 0
28708 0
28709 0
28710 1
28711 0
28712 0
28713 0
28714 0
28715 0
28716 0
28717 0
28718 1
28719 0
28720 0
28721 0
28722 0
28723 0
28724 0
28725 0
28726 0
28727 0
28728 0
28729 0
28730 1
28731 0
28732 0
28733 0
28734 0
28735 0
28736 0
28737 0
28738 0
28739 0
28740 0
28741 0
28742 0
28743 0
28744 0
28745 0
28746 1
28747 0
28748 0
28749 0
28750 0
28751 0
28752 0
28753 0
28754 0
28755 0
28756 0
28757 1
28758 0
28759 1
28760 1
28761 0
28762 1
28763 0
28764 0
28765 0
28766 0
28767 0
28768 0
28769 0
28770 0
28771 0
28772 0
28773 0
28774 0
28775 0
28776 0
28777 1
28778 0
28779 0
28780 0
28781 0
28782 0
28783 0
28784 0
28785 0
28786 0
28787 0
28788 0
28789 1
28790 0
28791 0
28792 0
28793 0
28794 0
28795 0
28796 0
28797 1
28798 0
28799 1
28800 0
28801 0
28802 0
28803 1
28804 0
28805 0
28806 0
28807 1
28808 0
28809 1
28810 0
28811 0
28812 0
28813 0
28814 0
28815 0
28816 0
28817 1
28818 1
28819 0
28820 0
28821 0
28822 0
28823 0
28824 0
28825 0
28826 0
28827 0
28828 0
28829 0
28830 0
28831 0
28832 0
28833 0
28834 0
28835 0
28836 1
28837 0
28838 0
28839 0
28840 0
28841 0
28842 0
28843 0
28844 0
28845 0
28846 0
28847 0
28848 0
28849 0
28850 0
28851 0
28852 0
28853 0
28854 1
28855 0
28856 0
28857 0
28858 0
28859 0
28860 0
28861 0
28862 0
28863 0
28864 2
28865 0
28866 0
28867 0
28868 1
28869 0
28870 0
28871 0
28872 0
28873 0
28874 0
28875 0
28876 0
28877 0
28878 0
28879 0
28880 0
28881 0
28882 0
28883 0
28884 0
28885 0
28886 0
28887 0
28888 1
28889 0
28890 0
28891 0
28892 0
28893 0
28894 0
28895 0
28896 0
28897 0
28898 0
28899 1
28900 0
28901 0
28902 0
28903 0
28904 0
28905 1
28906 0
28907 0
28908 0
28909 0
28910 0
28911 1
28912 0
28913 0
28914 0
28915 0
28916 0
28917 0
28918 0
28919 0
28920 0
28921 0
28922 0
28923 0
28924 0
28925 0
28926 0
28927 1
28928 0
28929 0
28930 0
28931 0
28932 0
28933 0
28934 1
28935 0
28936 0
28937 1
28938 0
28939 0
28940 0
28941 1
28942 0
28943 0
28944 0
28945 0
28946 2
28947 0
28948 0
28949 0
28950 0
28951 0
28952 0
28953 0
28954 0
28955 0
28956 0
28957 0
28958 0
28959 0
28960 0
28961 0
28962 0
28963 0
28964 0
28965 0
28966 0
28967 0
28968 1
28969 1
28970 1
28971 0
28972 1
28973 0
28974 0
28975 0
28976 1
28977 0
28978 0
28979 0
28980 1
28981 0
28982 0
28983 0
28984 0
28985 0
28986 0
28987 0
28988 0
28989 0
28990 0
28991 0
28992 0
28993 0
28994 0
28995 0
28996 0
28997 0
28998 1
28999 0
29000 0
29001 0
29002 0
29003 0
29004 0
29005 0
29006 0
29007 0
29008 0
29009 0
29010 0
29011 0
29012 0
29013 0
29014 0
29015 0
29016 0
29017 0
29018 0
29019 0
29020 0
29021 0
29022 0
29023 0
29024 0
29025 1
29026 0
29027 0
29028 0
29029 0
29030 0
29031 3
29032 0
29033 0
29034 0
29035 1
29036 0
29037 1
29038 0
29039 0
29040 0
29041 0
29042 0
29043 0
29044 0
29045 1
29046 0
29047 0
29048 0
29049 3
29050 0
29051 0
29052 1
29053 0
29054 0
29055 0
29056 0
29057 0
29058 0
29059 0
29060 0
29061 0
29062 0
29063 1
29064 0
29065 0
29066 0
29067 0
29068 0
29069 0
29070 0
29071 0
29072 0
29073 0
29074 0
29075 0
29076 0
29077 0
29078 0
29079 0
29080 0
29081 0
29082 0
29083 0
29084 0
29085 0
29086 0
29087 0
29088 0
29089 0
29090 1
29091 0
29092 0
29093 0
29094 0
29095 0
29096 0
29097 0
29098 0
29099 1
29100 1
29101 0
29102 0
29103 0
29104 0
29105 0
29106 0
29107 0
29108 0
29109 0
29110 0
29111 0
29112 0
29113 1
29114 0
29115 0
29116 1
29117 0
29118 0
29119 0
29120 1
29121 0
29122 2
29123 0
29124 0
29125 1
29126 0
29127 0
29128 0
29129 1
29130 0
29131 0
29132 0
29133 0
29134 0
29135 0
29136 0
29137 0
29138 0
29139 0
29140 0
29141 0
29142 0
29143 1
29144 0
29145 0
29146 0
29147 0
29148 0
29149 0
29150 0
29151 0
29152 0
29153 1
29154 0
29155 0
29156 0
29157 0
29158 0
29159 1
29160 0
29161 0
29162 0
29163 0
29164 0
29165 0
29166 0
29167 0
29168 0
29169 0
29170 0
29171 0
29172 0
29173 0
29174 0
29175 1
29176 0
29177 1
29178 0
29179 1
29180 0
29181 1
29182 0
29183 0
29184 0
29185 0
29186 0
29187 0
29188 1
29189 0
29190 0
29191 0
29192 0
29193 0
29194 0
29195 0
29196 0
29197 0
29198 0
29199 0
29200 1
29201 0
29202 0
29203 0
29204 0
29205 0
29206 0
29207 1
29208 0
29209 0
29210 1
29211 0
29212 1
29213 0
29214 3
29215 0
29216 0
29217 0
29218 0
29219 0
29220 0
29221 0
29222 0
29223 0
29224 0
29225 0
29226 0
29227 0
29228 0
29229 0
29230 0
29231 0
29232 0
29233 0
29234 0
29235 0
29236 0
29237 0
29238 1
29239 0
29240 0
29241 0
29242 0
29243 0
29244 0
29245 0
29246 0
29247 0
29248 0
29249 0
29250 0
29251 1
29252 0
29253 0
29254 0
29255 0
29256 0
29257 0
29258 0
29259 0
29260 0
29261 0
29262 0
29263 0
29264 0
29265 0
29266 0
29267 0
29268 0
29269 1
29270 0
29271 0
29272 1
29273 1
29274 0
29275 0
29276 0
29277 0
29278 0
29279 0
29280 0
29281 1
29282 0
29283 2
29284 1
29285 0
29286 0
29287 0
29288 0
29289 0
29290 0
29291 1
29292 0
29293 1
29294 0
29295 1
29296 0
29297 0
29298 0
29299 0
29300 0
29301 0
29302 0
29303 0
29304 0
29305 0
29306 0
29307 0
29308 0
29309 0
29310 0
29311 0
29312 0
29313 0
29314 1
29315 0
29316 0
29317 1
29318 0
29319 0
29320 0
29321 0
29322 0
29323 0
29324 0
29325 0
29326 0
29327 1
29328 1
29329 0
29330 0
29331 0
29332 0
29333 0
29334 0
29335 1
29336 0
29337 0
29338 0
29339 0
29340 1
29341 0
29342 0
29343 0
29344 0
29345 0
29346 0
29347 0
29348 0
29349 0
29350 0
29351 0
29352 0
29353 0
29354 1
29355 0
29356 0
29357 0
29358 2
29359 0
29360 1
29361 0
29362 1
29363 0
29364 0
29365 0
29366 0
29367 0
29368 0
29369 0
29370 0
29371 0
29372 0
29373 0
29374 0
29375 0
29376 1
29377 0
29378 0
29379 1
29380 0
29381 0
29382 0
29383 0
29384 0
29385 0
29386 0
29387 1
29388 0
29389 0
29390 0
29391 0
29392 0
29393 0
29394 0
29395 0
29396 0
29397 0
29398 0
29399 1
29400 0
29401 0
29402 0
29403 0
29404 0
29405 0
29406 0
29407 0
29408 0
29409 0
29410 0
29411 0
29412 0
29413 0
29414 0
29415 1
29416 0
29417 0
29418 0
29419 0
29420 0
29421 0
29422 0
29423 0
29424 0
29425 0
29426 0
29427 0
29428 0
29429 0
29430 0
29431 2
29432 0
29433 0
29434 0
29435 0
29436 0
29437 1
29438 1
29439 0
29440 0
29441 2
29442 0
29443 0
29444 0
29445 1
29446 0
29447 0
29448 0
29449 0
29450 1
29451 1
29452 1
29453 0
29454 1
29455 0
29456 0
29457 1
29458 2
29459 0
29460 1
29461 0
29462 0
29463 1
29464 0
29465 0
29466 0
29467 0
29468 0
29469 0
29470 0
29471 1
29472 0
29473 0
29474 0
29475 0
29476 0
29477 0
29478 0
29479 0
29480 1
29481 0
29482 0
29483 0
29484 0
29485 0
29486 1
29487 0
29488 0
29489 0
29490 2
29491 0
29492 0
29493 0
29494 1
29495 0
29496 2
29497 0
29498 0
29499 0
29500 0
29501 1
29502 1
29503 0
29504 0
29505 0
29506 1
29507 0
29508 1
29509 0
29510 0
29511 0
29512 0
29513 0
29514 0
29515 1
29516 1
29517 0
29518 0
29519 0
29520 1
29521 0
29522 0
29523 0
29524 0
29525 0
29526 0
29527 0
29528 0
29529 0
29530 0
29531 0
29532 0
29533 0
29534 0
29535 0
29536 0
29537 1
29538 0
29539 0
29540 0
29541 1
29542 0
29543 1
29544 0
29545 0
29546 0
29547 0
29548 0
29549 0
29550 0
29551 2
29552 0
29553 1
29554 0
29555 0
29556 0
29557 0
29558 0
29559 0
29560 0
29561 1
29562 0
29563 0
29564 1
29565 1
29566 0
29567 0
29568 0
29569 0
29570 0
29571 1
29572 0
29573 0
29574 0
29575 0
29576 0
29577 1
29578 0
29579 0
29580 0
29581 0
29582 0
29583 0
29584 0
29585 1
29586 0
29587 0
29588 0
29589 1
29590 0
29591 1
29592 1
29593 1
29594 1
29595 0
29596 2
29597 0
29598 0
29599 0
29600 1
29601 0
29602 1
29603 0
29604 0
29605 0
29606 0
29607 0
29608 1
29609 0
29610 1
29611 0
29612 1
29613 0
29614 0
29615 0
29616 1
29617 0
29618 2
29619 1
29620 0
29621 0
29622 2
29623 0
29624 0
29625 0
29626 1
29627 0
29628 1
29629 0
29630 0
29631 0
29632 1
29633 0
29634 1
29635 0
29636 0
29637 1
29638 2
29639 1
29640 0
29641 1
29642 0
29643 0
29644 0
29645 0
29646 0
29647 0
29648 0
29649 0
29650 0
29651 2
29652 0
29653 1
29654 0
29655 0
29656 1
29657 0
29658 1
29659 1
29660 0
29661 1
29662 1
29663 2
29664 0
29665 0
29666 0
29667 1
29668 0
29669 3
29670 0
29671 0
29672 0
29673 1
29674 0
29675 1
29676 0
29677 2
29678 0
29679 0
29680 0
29681 1
29682 0
29683 5
29684 0
29685 0
29686 1
29687 0
29688 1
29689 0
29690 0
29691 1
29692 0
29693 2
29694 1
29695 1
29696 1
29697 2
29698 1
29699 2
29700 0
29701 0
29702 0
29703 1
29704 0
29705 0
29706 1
29707 0
29708 1
29709 1
29710 1
29711 1
29712 0
29713 0
29714 0
29715 0
29716 0
29717 1
29718 1
29719 0
29720 0
29721 1
29722 0
29723 1
29724 0
29725 0
29726 1
29727 0
29728 0
29729 0
29730 0
29731 0
29732 1
29733 0
29734 0
29735 0
29736 2
29737 0
29738 2
29739 0
29740 2
29741 0
29742 1
29743 0
29744 1
29745 0
29746 4
29747 0
29748 2
29749 0
29750 2
29751 1
29752 0
29753 0
29754 0
29755 1
29756 0
29757 1
29758 1
29759 1
29760 3
29761 1
29762 2
29763 0
29764 2
29765 0
29766 1
29767 0
29768 0
29769 1
29770 1
29771 0
29772 0
29773 0
29774 0
29775 0
29776 0
29777 2
29778 1
29779 0
29780 0
29781 1
29782 0
29783 0
29784 1
29785 1
29786 1
29787 3
29788 0
29789 2
29790 0
29791 2
29792 0
29793 0
29794 0
29795 2
29796 0
29797 1
29798 0
29799 0
29800 0
29801 0
29802 0
29803 1
29804 1
29805 4
29806 0
29807 2
29808 1
29809 2
29810 1
29811 2
29812 1
29813 1
29814 0
29815 0
29816 1
29817 0
29818 0
29819 0
29820 0
29821 4
29822 0
29823 0
29824 1
29825 1
29826 1
29827 2
29828 0
29829 1
29830 0
29831 0
29832 0
29833 0
29834 0
29835 0
29836 0
29837 1
29838 3
29839 0
29840 2
29841 1
29842 0
29843 2
29844 0
29845 0
29846 0
29847 0
29848 2
29849 0
29850 4
29851 0
29852 0
29853 0
29854 0
29855 0
29856 1
29857 0
29858 2
29859 0
29860 1
29861 0
29862 3
29863 0
29864 1
29865 0
29866 1
29867 0
29868 3
29869 0
29870 2
29871 1
29872 2
29873 0
29874 0
29875 0
29876 0
29877 0
29878 0
29879 0
29880 3
29881 0
29882 0
29883 0
29884 0
29885 2
29886 1
29887 0
29888 0
29889 1
29890 1
29891 0
29892 1
29893 1
29894 0
29895 0
29896 1
29897 0
29898 0
29899 0
29900 0
29901 0
29902 0
29903 0
29904 1
29905 1
29906 0
29907 2
29908 1
29909 2
29910 1
29911 3
29912 0
29913 2
29914 0
29915 2
29916 0
29917 1
29918 0
29919 0
29920 1
29921 1
29922 0
29923 2
29924 0
29925 2
29926 0
29927 3
29928 0
29929 3
29930 0
29931 4
29932 0
29933 4
29934 0
29935 0
29936 0
29937 0
29938 0
29939 1
29940 0
29941 0
29942 1
29943 2
29944 2
29945 1
29946 0
29947 0
29948 1
29949 0
29950 0
29951 0
29952 3
29953 1
29954 0
29955 1
29956 0
29957 0
29958 0
29959 0
29960 2
29961 2
29962 4
29963 0
29964 1
29965 1
29966 0
29967 1
29968 2
29969 2
29970 2
29971 0
29972 2
29973 0
29974 2
29975 1
29976 3
29977 0
29978 1
29979 0
29980 1
29981 0
29982 2
29983 1
29984 4
29985 0
29986 2
29987 0
29988 2
29989 0
29990 2
29991 0
29992 3
29993 0
29994 0
29995 1
29996 0
29997 0
29998 2
29999 0
30000 1
30001 0
30002 2
30003 0
30004 2
30005 0
30006 1
30007 1
30008 0
30009 1
30010 3
30011 3
30012 1
30013 0
30014 3
30015 3
30016 0
30017 1
30018 1
30019 1
30020 1
30021 1
30022 0
30023 1
30024 0
30025 2
30026 0
30027 2
30028 4
30029 1
30030 0
30031 2
30032 4
30033 3
30034 0
30035 0
30036 1
30037 1
30038 0
30039 1
30040 0
30041 0
30042 1
30043 3
30044 1
30045 2
30046 0
30047 0
30048 0
30049 2
30050 0
30051 2
30052 0
30053 2
30054 0
30055 2
30056 0
30057 3
30058 0
30059 1
30060 2
30061 4
30062 1
30063 2
30064 2
30065 4
30066 0
30067 3
30068 0
30069 1
30070 1
30071 1
30072 2
30073 2
30074 1
30075 1
30076 2
30077 3
30078 0
30079 0
30080 2
30081 2
30082 3
30083 3
30084 1
30085 2
30086 3
30087 1
30088 4
30089 0
30090 2
30091 0
30092 1
30093 1
30094 2
30095 0
30096 3
30097 0
30098 2
30099 0
30100 3
30101 1
30102 5
30103 1
30104 2
30105 0
30106 2
30107 0
30108 1
30109 1
30110 4
30111 0
30112 5
30113 0
30114 4
30115 0
30116 1
30117 0
30118 2
30119 0
30120 1
30121 0
30122 2
30123 1
30124 4
30125 0
30126 4
30127 0
30128 3
30129 2
30130 3
30131 0
30132 1
30133 0
30134 1
30135 1
30136 4
30137 3
30138 1
30139 1
30140 2
30141 2
30142 2
30143 2
30144 1
30145 4
30146 3
30147 1
30148 3
30149 5
30150 1
30151 4
30152 3
30153 1
30154 0
30155 3
30156 1
30157 4
30158 3
30159 5
30160 0
30161 5
30162 0
30163 3
30164 0
30165 4
30166 1
30167 2
30168 0
30169 3
30170 0
30171 4
30172 0
30173 2
30174 0
30175 3
30176 0
30177 4
30178 0
30179 2
30180 0
30181 5
30182 0
30183 1
30184 0
30185 5
30186 0
30187 2
30188 0
30189 2
30190 0
30191 2
30192 1
30193 4
30194 0
30195 0
30196 0
30197 7
30198 2
30199 3
30200 2
30201 5
30202 1
30203 0
30204 2
30205 2
30206 0
30207 3
30208 1
30209 0
30210 6
30211 1
30212 4
30213 5
30214 2
30215 0
30216 1
30217 1
30218 3
30219 3
30220 3
30221 1
30222 2
30223 0
30224 5
30225 2
30226 3
30227 1
30228 5
30229 0
30230 5
30231 0
30232 3
30233 0
30234 2
30235 0
30236 3
30237 0
30238 3
30239 0
30240 2
30241 0
30242 6
30243 0
30244 4
30245 0
30246 2
30247 1
30248 2
30249 1
30250 1
30251 0
30252 3
30253 1
30254 0
30255 3
30256 6
30257 0
30258 3
30259 1
30260 1
30261 6
30262 2
30263 2
30264 5
30265 2
30266 2
30267 3
30268 1
30269 2
30270 3
30271 1
30272 4
30273 0
30274 0
30275 3
30276 2
30277 1
30278 1
30279 2
30280 1
30281 2
30282 2
30283 2
30284 1
30285 1
30286 1
30287 4
30288 0
30289 2
30290 0
30291 7
30292 1
30293 0
30294 1
30295 4
30296 1
30297 5
30298 1
30299 6
30300 0
30301 4
30302 0
30303 5
30304 0
30305 7
30306 2
30307 5
30308 1
30309 5
30310 0
30311 7
30312 1
30313 2
30314 1
30315 3
30316 0
30317 2
30318 0
30319 4
30320 3
30321 3
30322 1
30323 2
30324 1
30325 3
30326 4
30327 4
30328 6
30329 5
30330 3
30331 4
30332 5
30333 2
30334 2
30335 1
30336 1
30337 2
30338 2
30339 3
30340 4
30341 3
30342 1
30343 0
30344 5
30345 3
30346 4
30347 0
30348 3
30349 4
30350 1
30351 1
30352 9
30353 1
30354 2
30355 2
30356 2
30357 2
30358 4
30359 0
30360 3
30361 2
30362 6
30363 0
30364 2
30365 0
30366 8
30367 0
30368 2
30369 0
30370 7
30371 0
30372 5
30373 0
30374 6
30375 1
30376 4
30377 1
30378 2
30379 2
30380 6
30381 0
30382 5
30383 1
30384 2
30385 3
30386 4
30387 3
30388 2
30389 1
30390 1
30391 5
30392 6
30393 0
30394 5
30395 3
30396 3
30397 6
30398 2
30399 3
30400 3
30401 4
30402 4
30403 2
30404 3
30405 3
30406 2
30407 7
30408 1
30409 3
30410 1
30411 1
30412 4
30413 5
30414 1
30415 3
30416 5
30417 7
30418 1
30419 3
30420 0
30421 1
30422 0
30423 4
30424 0
30425 4
30426 1
30427 7
30428 0
30429 6
30430 0
30431 6
30432 0
30433 3
30434 0
30435 4
30436 0
30437 4
30438 0
30439 7
30440 2
30441 8
30442 0
30443 9
30444 1
30445 1
30446 1
30447 3
30448 0
30449 3
30450 1
30451 1
30452 1
30453 7
30454 4
30455 3
30456 3
30457 5
30458 4
30459 3
30460 1
30461 1
30462 5
30463 6
30464 2
30465 4
30466 7
30467 4
30468 7
30469 3
30470 3
30471 2
30472 4
30473 5
30474 2
30475 2
30476 8
30477 1
30478 10
30479 1
30480 7
30481 3
30482 11
30483 0
30484 10
30485 2
30486 4
30487 0
30488 4
30489 0
30490 8
30491 0
30492 8
30493 0
30494 5
30495 0
30496 5
30497 0
30498 12
30499 1
30500 4
30501 3
30502 4
30503 1
30504 4
30505 1
30506 6
30507 1
30508 5
30509 2
30510 9
30511 3
30512 5
30513 1
30514 6
30515 3
30516 5
30517 6
30518 3
30519 1
30520 6
30521 6
30522 4
30523 3
30524 6
30525 3
30526 2
30527 7
30528 1
30529 8
30530 2
30531 12
30532 7
30533 3
30534 2
30535 3
30536 2
30537 5
30538 4
30539 11
30540 3
30541 8
30542 1
30543 10
30544 0
30545 8
30546 2
30547 9
30548 0
30549 9
30550 0
30551 14
30552 0
30553 10
30554 0
30555 11
30556 0
30557 8
30558 2
30559 7
30560 0
30561 13
30562 2
30563 6
30564 3
30565 8
30566 3
30567 3
30568 5
30569 9
30570 3
30571 5
30572 3
30573 9
30574 5
30575 7
30576 4
30577 4
30578 4
30579 7
30580 3
30581 9
30582 5
30583 5
30584 6
30585 5
30586 4
30587 5
30588 3
30589 3
30590 3
30591 1
30592 4
30593 7
30594 5
30595 5
30596 8
30597 3
30598 9
30599 1
30600 11
30601 2
30602 4
30603 4
30604 6
30605 0
30606 8
30607 1
30608 14
30609 3
30610 10
30611 2
30612 12
30613 0
30614 12
30615 0
30616 10
30617 0
30618 9
30619 0
30620 12
30621 0
30622 9
30623 1
30624 10
30625 2
30626 14
30627 2
30628 9
30629 2
30630 13
30631 2
30632 12
30633 0
30634 5
30635 5
30636 12
30637 2
30638 10
30639 4
30640 8
30641 1
30642 13
30643 8
30644 5
30645 3
30646 7
30647 7
30648 6
30649 7
30650 10
30651 7
30652 5
30653 3
30654 5
30655 5
30656 3
30657 9
30658 3
30659 6
30660 2
30661 10
30662 3
30663 15
30664 1
30665 17
30666 4
30667 7
30668 5
30669 2
30670 1
30671 8
30672 4
30673 11
30674 2
30675 12
30676 2
30677 17
30678 0
30679 11
30680 0
30681 7
30682 0
30683 8
30684 1
30685 11
30686 1
30687 13
30688 4
30689 14
30690 2
30691 15
30692 3
30693 11
30694 4
30695 9
30696 4
30697 15
30698 8
30699 9
30700 2
30701 14
30702 3
30703 11
30704 5
30705 7
30706 5
30707 6
30708 6
30709 5
30710 11
30711 3
30712 7
30713 10
30714 8
30715 5
30716 9
30717 11
30718 6
30719 3
30720 4
30721 7
30722 4
30723 6
30724 9
30725 6
30726 7
30727 6
30728 17
30729 4
30730 14
30731 2
30732 15
30733 1
30734 11
30735 1
30736 16
30737 1
30738 10
30739 1
30740 21
30741 1
30742 11
30743 0
30744 12
30745 0
30746 15
30747 1
30748 16
30749 0
30750 11
30751 4
30752 8
30753 2
30754 11
30755 1
30756 17
30757 3
30758 9
30759 2
30760 8
30761 2
30762 14
30763 4
30764 9
30765 5
30766 12
30767 6
30768 6
30769 7
30770 9
30771 9
30772 4
30773 4
30774 10
30775 9
30776 11
30777 2
30778 13
30779 11
30780 10
30781 10
30782 8
30783 12
30784 5
30785 14
30786 8
30787 11
30788 2
30789 16
30790 3
30791 8
30792 6
30793 20
30794 7
30795 14
30796 3
30797 9
30798 2
30799 17
30800 1
30801 20
30802 2
30803 16
30804 1
30805 13
30806 0
30807 20
30808 0
30809 19
30810 1
30811 21
30812 0
30813 17
30814 2
30815 15
30816 4
30817 10
30818 2
30819 13
30820 10
30821 13
30822 5
30823 11
30824 4
30825 14
30826 7
30827 11
30828 9
30829 14
30830 2
30831 5
30832 8
30833 12
30834 7
30835 8
30836 5
30837 7
30838 12
30839 10
30840 9
30841 12
30842 13
30843 9
30844 15
30845 15
30846 6
30847 3
30848 13
30849 5
30850 11
30851 6
30852 13
30853 7
30854 12
30855 2
30856 17
30857 2
30858 7
30859 2
30860 14
30861 1
30862 10
30863 1
30864 26
30865 1
30866 18
30867 1
30868 31
30869 0
30870 25
30871 0
30872 18
30873 1
30874 19
30875 2
30876 27
30877 0
30878 18
30879 3
30880 14
30881 2
30882 18
30883 7
30884 12
30885 4
30886 23
30887 8
30888 13
30889 7
30890 14
30891 7
30892 18
30893 10
30894 10
30895 9
30896 16
30897 8
30898 19
30899 14
30900 14
30901 7
30902 14
30903 17
30904 5
30905 7
30906 7
30907 7
30908 11
30909 13
30910 11
30911 17
30912 4
30913 18
30914 2
30915 19
30916 5
30917 20
30918 6
30919 17
30920 3
30921 24
30922 4
30923 16
30924 6
30925 18
30926 4
30927 23
30928 1
30929 26
30930 1
30931 20
30932 0
30933 28
30934 0
30935 36
30936 2
30937 26
30938 3
30939 19
30940 4
30941 15
30942 2
30943 20
30944 5
30945 16
30946 7
30947 21
30948 9
30949 18
30950 8
30951 17
30952 8
30953 24
30954 8
30955 14
30956 14
30957 16
30958 10
30959 12
30960 11
30961 19
30962 11
30963 13
30964 16
30965 8
30966 16
30967 7
30968 14
30969 17
30970 19
30971 12
30972 13
30973 10
30974 12
30975 11
30976 24
30977 5
30978 23
30979 9
30980 22
30981 3
30982 14
30983 7
30984 24
30985 6
30986 31
30987 4
30988 31
30989 6
30990 31
30991 2
30992 30
30993 1
30994 26
30995 0
30996 22
30997 0
30998 23
30999 4
31000 31
31001 1
31002 26
31003 2
31004 26
31005 4
31006 19
31007 7
31008 24
31009 6
31010 20
31011 4
31012 17
31013 11
31014 20
31015 9
31016 18
31017 4
31018 22
31019 19
31020 17
31021 12
31022 11
31023 10
31024 23
31025 16
31026 19
31027 10
31028 15
31029 19
31030 17
31031 15
31032 18
31033 21
31034 14
31035 20
31036 12
31037 20
31038 9
31039 22
31040 13
31041 19
31042 15
31043 25
31044 7
31045 19
31046 8
31047 27
31048 6
31049 27
31050 3
31051 17
31052 1
31053 29
31054 3
31055 33
31056 1
31057 41
31058 0
31059 35
31060 0
31061 33
31062 0
31063 32
31064 1
31065 29
31066 3
31067 28
31068 4
31069 30
31070 4
31071 24
31072 7
31073 37
31074 10
31075 18
31076 11
31077 23
31078 11
31079 24
31080 13
31081 18
31082 8
31083 25
31084 15
31085 27
31086 14
31087 15
31088 16
31089 18
31090 17
31091 17
31092 31
31093 18
31094 22
31095 17
31096 19
31097 5
31098 24
31099 9
31100 18
31101 11
31102 23
31103 8
31104 23
31105 6
31106 25
31107 3
31108 32
31109 7
31110 26
31111 3
31112 36
31113 4
31114 28
31115 1
31116 30
31117 3
31118 30
31119 1
31120 33
31121 0
31122 38
31123 0
31124 30
31125 0
31126 33
31127 2
31128 30
31129 3
31130 27
31131 3
31132 36
31133 6
31134 27
31135 3
31136 30
31137 8
31138 23
31139 10
31140 20
31141 7
31142 18
31143 11
31144 24
31145 14
31146 23
31147 10
31148 26
31149 15
31150 17
31151 14
31152 28
31153 26
31154 19
31155 15
31156 14
31157 18
31158 22
31159 31
31160 17
31161 18
31162 18
31163 24
31164 9
31165 42
31166 14
31167 23
31168 10
31169 29
31170 14
31171 26
31172 8
31173 32
31174 15
31175 21
31176 10
31177 31
31178 4
31179 43
31180 1
31181 43
31182 0
31183 31
31184 0
31185 39
31186 0
31187 40
31188 1
31189 43
31190 6
31191 36
31192 1
31193 35
31194 8
31195 48
31196 6
31197 29
31198 11
31199 36
31200 8
31201 26
31202 9
31203 29
31204 13
31205 26
31206 12
31207 24
31208 10
31209 32
31210 13
31211 27
31212 23
31213 19
31214 17
31215 19
31216 22
31217 26
31218 14
31219 23
31220 22
31221 18
31222 15
31223 17
31224 31
31225 13
31226 31
31227 15
31228 27
31229 15
31230 29
31231 5
31232 40
31233 7
31234 28
31235 15
31236 30
31237 8
31238 41
31239 5
31240 34
31241 8
31242 51
31243 3
31244 52
31245 1
31246 47
31247 0
31248 53
31249 0
31250 38
31251 4
31252 39
31253 5
31254 47
31255 5
31256 35
31257 11
31258 34
31259 10
31260 41
31261 10
31262 40
31263 7
31264 32
31265 13
31266 27
31267 14
31268 41
31269 7
31270 35
31271 19
31272 25
31273 18
31274 28
31275 18
31276 24
31277 23
31278 19
31279 20
31280 25
31281 24
31282 26
31283 14
31284 18
31285 18
31286 24
31287 40
31288 16
31289 28
31290 14
31291 43
31292 20
31293 32
31294 13
31295 29
31296 8
31297 33
31298 9
31299 28
31300 10
31301 38
31302 7
31303 39
31304 11
31305 43
31306 4
31307 41
31308 1
31309 49
31310 0
31311 51
31312 0
31313 55
31314 4
31315 43
31316 5
31317 56
31318 6
31319 48
31320 11
31321 35
31322 9
31323 36
31324 10
31325 40
31326 14
31327 37
31328 9
31329 39
31330 14
31331 42
31332 14
31333 41
31334 20
31335 22
31336 19
31337 34
31338 23
31339 29
31340 27
31341 33
31342 19
31343 25
31344 21
31345 24
31346 18
31347 26
31348 35
31349 20
31350 21
31351 15
31352 33
31353 21
31354 31
31355 18
31356 39
31357 17
31358 41
31359 19
31360 32
31361 6
31362 37
31363 9
31364 42
31365 5
31366 45
31367 5
31368 56
31369 7
31370 52
31371 1
31372 57
31373 0
31374 41
31375 0
31376 54
31377 1
31378 54
31379 2
31380 50
31381 2
31382 43
31383 6
31384 53
31385 7
31386 44
31387 7
31388 36
31389 12
31390 36
31391 14
31392 44
31393 12
31394 30
31395 17
31396 29
31397 14
31398 38
31399 24
31400 29
31401 27
31402 25
31403 22
31404 18
31405 19
31406 24
31407 33
31408 22
31409 28
31410 23
31411 27
31412 20
31413 35
31414 20
31415 28
31416 20
31417 31
31418 24
31419 28
31420 8
31421 45
31422 13
31423 48
31424 15
31425 53
31426 5
31427 49
31428 14
31429 45
31430 9
31431 48
31432 6
31433 54
31434 1
31435 45
31436 0
31437 59
31438 0
31439 52
31440 3
31441 44
31442 4
31443 53
31444 7
31445 58
31446 5
31447 45
31448 8
31449 51
31450 11
31451 44
31452 17
31453 46
31454 6
31455 40
31456 20
31457 34
31458 14
31459 29
31460 19
31461 37
31462 25
31463 34
31464 17
31465 28
31466 19
31467 34
31468 26
31469 20
31470 37
31471 20
31472 25
31473 37
31474 32
31475 20
31476 24
31477 11
31478 54
31479 16
31480 37
31481 19
31482 33
31483 10
31484 30
31485 13
31486 36
31487 6
31488 55
31489 5
31490 45
31491 4
31492 42
31493 8
31494 65
31495 3
31496 48
31497 1
31498 55
31499 0
31500 58
31501 0
31502 58
31503 2
31504 44
31505 3
31506 49
31507 3
31508 46
31509 1
31510 46
31511 13
31512 54
31513 11
31514 53
31515 7
31516 45
31517 14
31518 48
31519 21
31520 42
31521 24
31522 31
31523 26
31524 41
31525 22
31526 44
31527 23
31528 29
31529 16
31530 24
31531 36
31532 35
31533 30
31534 28
31535 27
31536 31
31537 41
31538 22
31539 40
31540 24
31541 37
31542 22
31543 30
31544 26
31545 37
31546 16
31547 36
31548 10
31549 55
31550 15
31551 47
31552 7
31553 57
31554 8
31555 56
31556 15
31557 58
31558 8
31559 64
31560 5
31561 66
31562 0
31563 58
31564 0
31565 53
31566 4
31567 65
31568 4
31569 61
31570 3
31571 52
31572 7
31573 40
31574 8
31575 41
31576 15
31577 58
31578 15
31579 45
31580 8
31581 29
31582 18
31583 43
31584 23
31585 41
31586 23
31587 38
31588 28
31589 44
31590 25
31591 25
31592 31
31593 32
31594 26
31595 33
31596 26
31597 31
31598 30
31599 22
31600 53
31601 20
31602 38
31603 21
31604 37
31605 19
31606 31
31607 20
31608 38
31609 9
31610 50
31611 12
31612 57
31613 12
31614 59
31615 12
31616 60
31617 8
31618 51
31619 6
31620 49
31621 6
31622 63
31623 3
31624 57
31625 0
31626 61
31627 0
31628 62
31629 3
31630 57
31631 5
31632 52
31633 7
31634 38
31635 8
31636 44
31637 10
31638 51
31639 8
31640 55
31641 13
31642 45
31643 13
31644 40
31645 16
31646 42
31647 25
31648 33
31649 24
31650 40
31651 21
31652 34
31653 34
31654 32
31655 31
31656 33
31657 30
31658 27
31659 18
31660 18
31661 35
31662 23
31663 34
31664 23
31665 36
31666 16
31667 33
31668 22
31669 38
31670 18
31671 54
31672 24
31673 46
31674 10
31675 38
31676 13
31677 40
31678 16
31679 40
31680 6
31681 50
31682 4
31683 44
31684 5
31685 53
31686 5
31687 41
31688 0
31689 69
31690 0
31691 50
31692 4
31693 50
31694 4
31695 53
31696 6
31697 60
31698 12
31699 59
31700 8
31701 44
31702 7
31703 53
31704 12
31705 41
31706 12
31707 39
31708 27
31709 36
31710 18
31711 34
31712 24
31713 42
31714 26
31715 54
31716 24
31717 44
31718 30
31719 43
31720 39
31721 22
31722 18
31723 24
31724 26
31725 27
31726 45
31727 27
31728 29
31729 21
31730 38
31731 16
31732 40
31733 18
31734 50
31735 24
31736 37
31737 21
31738 41
31739 9
31740 65
31741 6
31742 58
31743 11
31744 43
31745 5
31746 52
31747 8
31748 53
31749 6
31750 71
31751 0
31752 73
31753 0
31754 58
31755 1
31756 53
31757 0
31758 52
31759 7
31760 54
31761 11
31762 50
31763 12
31764 51
31765 12
31766 39
31767 9
31768 53
31769 8
31770 48
31771 21
31772 45
31773 24
31774 44
31775 20
31776 37
31777 21
31778 23
31779 22
31780 28
31781 28
31782 37
31783 26
31784 18
31785 28
31786 23
31787 29
31788 23
31789 35
31790 26
31791 27
31792 23
31793 46
31794 19
31795 47
31796 28
31797 37
31798 9
31799 49
31800 15
31801 53
31802 10
31803 38
31804 11
31805 35
31806 15
31807 59
31808 7
31809 50
31810 3
31811 47
31812 3
31813 52
31814 0
31815 65
31816 0
31817 55
31818 1
31819 58
31820 8
31821 66
31822 3
31823 44
31824 7
31825 51
31826 12
31827 39
31828 20
31829 43
31830 17
31831 28
31832 16
31833 34
31834 19
31835 42
31836 9
31837 41
31838 29
31839 37
31840 29
31841 30
31842 28
31843 39
31844 37
31845 32
31846 26
31847 19
31848 29
31849 22
31850 33
31851 16
31852 26
31853 26
31854 27
31855 31
31856 29
31857 18
31858 39
31859 12
31860 47
31861 14
31862 30
31863 18
31864 38
31865 13
31866 47
31867 9
31868 30
31869 8
31870 38
31871 10
31872 53
31873 8
31874 70
31875 1
31876 41
31877 0
31878 46
31879 0
31880 47
31881 4
31882 59
31883 5
31884 59
31885 8
31886 42
31887 11
31888 32
31889 9
31890 52
31891 9
31892 34
31893 12
31894 45
31895 17
31896 40
31897 20
31898 39
31899 17
31900 36
31901 22
31902 41
31903 27
31904 27
31905 25
31906 27
31907 19
31908 35
31909 22
31910 19
31911 30
31912 21
31913 29
31914 29
31915 37
31916 15
31917 20
31918 16
31919 31
31920 13
31921 43
31922 16
31923 26
31924 15
31925 30
31926 9
31927 33
31928 13
31929 41
31930 5
31931 45
31932 1
31933 44
31934 8
31935 47
31936 4
31937 53
31938 3
31939 43
31940 0
31941 55
31942 0
31943 44
31944 1
31945 44
31946 8
31947 43
31948 4
31949 38
31950 10
31951 55
31952 6
31953 41
31954 19
31955 37
31956 11
31957 32
31958 7
31959 35
31960 16
31961 35
31962 14
31963 25
31964 18
31965 29
31966 19
31967 39
31968 16
31969 28
31970 19
31971 20
31972 37
31973 21
31974 18
31975 23
31976 24
31977 27
31978 30
31979 29
31980 32
31981 20
31982 35
31983 17
31984 31
31985 13
31986 35
31987 9
31988 31
31989 12
31990 39
31991 11
31992 37
31993 8
31994 31
31995 5
31996 36
31997 7
31998 45
31999 6
32000 41
32001 2
32002 58
32003 0
32004 60
32005 0
32006 46
32007 3
32008 36
32009 2
32010 51
32011 6
32012 43
32013 4
32014 39
32015 11
32016 40
32017 13
32018 41
32019 6
32020 44
32021 17
32022 31
32023 15
32024 35
32025 17
32026 32
32027 17
32028 31
32029 15
32030 25
32031 21
32032 21
32033 25
32034 18
32035 24
32036 25
32037 23
32038 27
32039 26
32040 23
32041 28
32042 18
32043 38
32044 22
32045 27
32046 17
32047 25
32048 10
32049 25
32050 13
32051 23
32052 13
32053 28
32054 14
32055 33
32056 9
32057 25
32058 15
32059 41
32060 8
32061 45
32062 1
32063 46
32064 2
32065 38
32066 0
32067 49
32068 0
32069 44
32070 2
32071 50
32072 3
32073 40
32074 3
32075 29
32076 5
32077 35
32078 10
32079 38
32080 9
32081 33
32082 7
32083 30
32084 8
32085 29
32086 12
32087 31
32088 17
32089 24
32090 15
32091 22
32092 19
32093 25
32094 19
32095 25
32096 12
32097 20
32098 20
32099 17
32100 18
32101 23
32102 26
32103 23
32104 26
32105 19
32106 28
32107 13
32108 27
32109 17
32110 31
32111 10
32112 24
32113 14
32114 34
32115 8
32116 29
32117 6
32118 35
32119 7
32120 42
32121 8
32122 37
32123 6
32124 31
32125 4
32126 36
32127 5
32128 41
32129 0
32130 48
32131 0
32132 46
32133 1
32134 37
32135 1
32136 42
32137 7
32138 32
32139 8
32140 34
32141 9
32142 33
32143 3
32144 32
32145 10
32146 21
32147 6
32148 21
32149 19
32150 29
32151 11
32152 24
32153 17
32154 34
32155 12
32156 15
32157 21
32158 20
32159 19
32160 25
32161 22
32162 19
32163 17
32164 15
32165 23
32166 24
32167 22
32168 12
32169 18
32170 12
32171 36
32172 20
32173 26
32174 8
32175 23
32176 12
32177 37
32178 6
32179 24
32180 8
32181 25
32182 4
32183 38
32184 12
32185 31
32186 6
32187 29
32188 3
32189 35
32190 4
32191 33
32192 0
32193 29
32194 0
32195 32
32196 1
32197 39
32198 4
32199 30
32200 4
32201 24
32202 1
32203 33
32204 2
32205 33
32206 7
32207 23
32208 6
32209 32
32210 4
32211 29
32212 16
32213 24
32214 11
32215 21
32216 8
32217 28
32218 13
32219 15
32220 13
32221 21
32222 16
32223 25
32224 17
32225 19
32226 13
32227 11
32228 10
32229 13
32230 15
32231 16
32232 17
32233 14
32234 15
32235 14
32236 18
32237 10
32238 21
32239 8
32240 20
32241 8
32242 29
32243 6
32244 31
32245 9
32246 15
32247 5
32248 29
32249 1
32250 23
32251 4
32252 42
32253 4
32254 28
32255 0
32256 31
32257 0
32258 30
32259 0
32260 27
32261 1
32262 21
32263 0
32264 19
32265 6
32266 20
32267 1
32268 20
32269 5
32270 19
32271 7
32272 20
32273 8
32274 17
32275 8
32276 18
32277 11
32278 16
32279 7
32280 18
32281 9
32282 19
32283 17
32284 16
32285 10
32286 19
32287 11
32288 10
32289 16
32290 12
32291 14
32292 12
32293 19
32294 16
32295 16
32296 9
32297 19
32298 8
32299 18
32300 10
32301 19
32302 7
32303 21
32304 7
32305 28
32306 8
32307 28
32308 7
32309 22
32310 8
32311 19
32312 6
32313 22
32314 4
32315 21
32316 3
32317 26
32318 0
32319 14
32320 0
32321 22
32322 3
32323 24
32324 2
32325 26
32326 3
32327 23
32328 1
32329 28
32330 6
32331 26
32332 9
32333 20
32334 6
32335 16
32336 6
32337 25
32338 0
32339 16
32340 9
32341 21
32342 8
32343 15
32344 9
32345 18
32346 6
32347 13
32348 8
32349 20
32350 12
32351 8
32352 7
32353 15
32354 10
32355 11
32356 9
32357 19
32358 6
32359 10
32360 20
32361 6
32362 17
32363 9
32364 10
32365 5
32366 15
32367 5
32368 13
32369 7
32370 25
32371 9
32372 19
32373 3
32374 27
32375 3
32376 17
32377 1
32378 19
32379 0
32380 23
32381 0
32382 30
32383 0
32384 26
32385 1
32386 27
32387 0
32388 21
32389 3
32390 21
32391 4
32392 20
32393 7
32394 26
32395 6
32396 15
32397 4
32398 13
32399 7
32400 11
32401 4
32402 17
32403 7
32404 23
32405 6
32406 14
32407 4
32408 17
32409 10
32410 9
32411 13
32412 12
32413 4
32414 11
32415 14
32416 9
32417 14
32418 9
32419 8
32420 7
32421 12
32422 16
32423 13
32424 9
32425 21
32426 5
32427 12
32428 3
32429 22
32430 2
32431 15
32432 8
32433 11
32434 2
32435 16
32436 5
32437 23
32438 3
32439 25
32440 3
32441 20
32442 2
32443 28
32444 0
32445 22
32446 0
32447 26
32448 1
32449 23
32450 0
32451 16
32452 4
32453 28
32454 3
32455 22
32456 7
32457 17
32458 6
32459 14
32460 8
32461 9
32462 6
32463 12
32464 2
32465 12
32466 10
32467 17
32468 11
32469 14
32470 5
32471 15
32472 4
32473 12
32474 6
32475 8
32476 5
32477 7
32478 11
32479 10
32480 16
32481 15
32482 12
32483 6
32484 18
32485 5
32486 7
32487 7
32488 12
32489 5
32490 19
32491 6
32492 13
32493 5
32494 11
32495 4
32496 20
32497 1
32498 17
32499 6
32500 10
32501 2
32502 12
32503 1
32504 16
32505 3
32506 15
32507 0
32508 18
32509 0
32510 18
32511 0
32512 11
32513 1
32514 18
32515 4
32516 18
32517 4
32518 13
32519 5
32520 15
32521 3
32522 15
32523 2
32524 13
32525 7
32526 14
32527 5
32528 14
32529 6
32530 8
32531 4
32532 15
32533 9
32534 6
32535 8
32536 9
32537 6
32538 11
32539 7
32540 8
32541 9
32542 7
32543 12
32544 6
32545 11
32546 5
32547 12
32548 8
32549 7
32550 7
32551 15
32552 4
32553 10
32554 5
32555 7
32556 6
32557 11
32558 3
32559 8
32560 5
32561 13
32562 4
32563 13
32564 2
32565 16
32566 2
32567 10
32568 1
32569 11
32570 0
32571 18
32572 0
32573 11
32574 1
32575 13
32576 1
32577 16
32578 0
32579 14
32580 4
32581 16
32582 4
32583 13
32584 9
32585 14
32586 3
32587 16
32588 3
32589 13
32590 1
32591 8
32592 4
32593 11
32594 5
32595 8
32596 7
32597 7
32598 6
32599 3
32600 4
32601 6
32602 10
32603 13
32604 10
32605 8
32606 6
32607 2
32608 17
32609 15
32610 10
32611 7
32612 8
32613 5
32614 9
32615 3
32616 5
32617 4
32618 13
32619 8
32620 10
32621 8
32622 15
32623 4
32624 11
32625 4
32626 17
32627 3
32628 16
32629 1
32630 10
32631 0
32632 16
32633 0
32634 22
32635 0
32636 10
32637 0
32638 17
32639 1
32640 13
32641 0
32642 13
32643 2
32644 11
32645 1
32646 8
32647 0
32648 13
32649 2
32650 6
32651 3
32652 11
32653 4
32654 8
32655 0
32656 6
32657 6
32658 9
32659 3
32660 10
32661 8
32662 9
32663 4
32664 6
32665 17
32666 9
32667 12
32668 8
32669 7
32670 10
32671 9
32672 3
32673 8
32674 6
32675 12
32676 5
32677 6
32678 3
32679 10
32680 3
32681 11
32682 2
32683 9
32684 5
32685 9
32686 2
32687 7
32688 3
32689 10
32690 0
32691 20
32692 1
32693 14
32694 0
32695 10
32696 0
32697 9
32698 0
32699 18
32700 0
32701 12
32702 2
32703 11
32704 3
32705 8
32706 0
32707 11
32708 0
32709 9
32710 3
32711 8
32712 0
32713 13
32714 2
32715 8
32716 4
32717 7
32718 3
32719 7
32720 7
32721 8
32722 6
32723 5
32724 3
32725 5
32726 7
32727 7
32728 7
32729 6
32730 6
32731 9
32732 1
32733 12
32734 5
32735 5
32736 3
32737 1
32738 7
32739 7
32740 13
32741 4
32742 5
32743 5
32744 5
32745 7
32746 6
32747 2
32748 6
32749 0
32750 7
32751 1
32752 4
32753 1
32754 15
32755 1
32756 6
32757 1
32758 4
32759 0
32760 22
32761 0
32762 13
32763 1
32764 15
32765 1
32766 13
32767 2
32768 6
32769 1
32770 11
32771 2
32772 6
32773 0
32774 8
32775 4
32776 5
32777 2
32778 4
32779 3
32780 5
32781 2
32782 5
32783 3
32784 4
32785 4
32786 6
32787 3
32788 5
32789 3
32790 7
32791 4
32792 1
32793 3
32794 2
32795 7
32796 6
32797 2
32798 3
32799 6
32800 5
32801 3
32802 8
32803 3
32804 4
32805 6
32806 0
32807 8
32808 2
32809 9
32810 3
32811 6
32812 3
32813 13
32814 4
32815 6
32816 0
32817 8
32818 0
32819 16
32820 3
32821 12
32822 0
32823 8
32824 0
32825 11
32826 0
32827 6
32828 0
32829 7
32830 1
32831 6
32832 2
32833 7
32834 4
32835 9
32836 0
32837 7
32838 1
32839 10
32840 5
32841 3
32842 2
32843 5
32844 5
32845 8
32846 2
32847 4
32848 4
32849 2
32850 6
32851 5
32852 5
32853 6
32854 6
32855 4
32856 7
32857 8
32858 3
32859 6
32860 4
32861 5
32862 5
32863 9
32864 6
32865 6
32866 4
32867 3
32868 3
32869 3
32870 6
32871 1
32872 8
32873 4
32874 8
32875 1
32876 10
32877 0
32878 7
32879 3
32880 6
32881 0
32882 10
32883 0
32884 7
32885 0
32886 8
32887 0
32888 11
32889 0
32890 6
32891 2
32892 8
32893 4
32894 8
32895 1
32896 6
32897 3
32898 5
32899 1
32900 9
32901 1
32902 6
32903 1
32904 6
32905 0
32906 4
32907 3
32908 2
32909 6
32910 4
32911 2
32912 6
32913 2
32914 7
32915 2
32916 6
32917 6
32918 3
32919 6
32920 2
32921 4
32922 0
32923 6
32924 3
32925 1
32926 3
32927 1
32928 3
32929 3
32930 3
32931 5
32932 1
32933 5
32934 4
32935 4
32936 0
32937 7
32938 0
32939 6
32940 1
32941 5
32942 0
32943 6
32944 0
32945 7
32946 0
32947 4
32948 0
32949 4
32950 0
32951 5
32952 0
32953 15
32954 1
32955 5
32956 1
32957 3
32958 0
32959 5
32960 1
32961 5
32962 1
32963 7
32964 2
32965 5
32966 1
32967 6
32968 6
32969 8
32970 4
32971 6
32972 2
32973 9
32974 3
32975 6
32976 1
32977 5
32978 1
32979 2
32980 6
32981 3
32982 6
32983 2
32984 1
32985 8
32986 4
32987 2
32988 5
32989 2
32990 5
32991 1
32992 6
32993 1
32994 3
32995 2
32996 1
32997 4
32998 4
32999 1
33000 3
33001 3
33002 2
33003 2
33004 8
33005 0
33006 3
33007 0
33008 5
33009 0
33010 2
33011 0
33012 12
33013 0
33014 5
33015 0
33016 7
33017 1
33018 10
33019 0
33020 6
33021 1
33022 2
33023 2
33024 4
33025 1
33026 6
33027 1
33028 7
33029 2
33030 4
33031 4
33032 4
33033 3
33034 7
33035 1
33036 2
33037 2
33038 5
33039 3
33040 7
33041 6
33042 2
33043 4
33044 1
33045 1
33046 4
33047 1
33048 6
33049 11
33050 3
33051 5
33052 1
33053 1
33054 3
33055 5
33056 4
33057 2
33058 2
33059 3
33060 1
33061 5
33062 3
33063 4
33064 2
33065 6
33066 1
33067 3
33068 3
33069 7
33070 0
33071 5
33072 1
33073 10
33074 0
33075 8
33076 0
33077 6
33078 1
33079 5
33080 0
33081 8
33082 2
33083 10
33084 0
33085 6
33086 2
33087 8
33088 0
33089 4
33090 0
33091 3
33092 3
33093 6
33094 3
33095 2
33096 2
33097 2
33098 6
33099 2
33100 1
33101 7
33102 5
33103 9
33104 0
33105 3
33106 1
33107 6
33108 3
33109 2
33110 2
33111 2
33112 4
33113 1
33114 1
33115 5
33116 1
33117 2
33118 4
33119 2
33120 5
33121 4
33122 3
33123 3
33124 4
33125 2
33126 2
33127 2
33128 2
33129 0
33130 7
33131 0
33132 3
33133 1
33134 4
33135 1
33136 2
33137 0
33138 6
33139 0
33140 1
33141 0
33142 9
33143 0
33144 5
33145 0
33146 7
33147 2
33148 6
33149 0
33150 2
33151 0
33152 0
33153 0
33154 6
33155 3
33156 6
33157 2
33158 3
33159 2
33160 3
33161 3
33162 3
33163 0
33164 5
33165 1
33166 4
33167 2
33168 0
33169 3
33170 1
33171 2
33172 0
33173 2
33174 2
33175 3
33176 3
33177 0
33178 2
33179 3
33180 0
33181 2
33182 0
33183 3
33184 0
33185 3
33186 2
33187 4
33188 5
33189 4
33190 0
33191 2
33192 0
33193 5
33194 0
33195 2
33196 1
33197 8
33198 0
33199 1
33200 0
33201 3
33202 0
33203 6
33204 0
33205 1
33206 0
33207 4
33208 0
33209 5
33210 0
33211 3
33212 0
33213 3
33214 0
33215 5
33216 3
33217 8
33218 2
33219 0
33220 0
33221 3
33222 1
33223 3
33224 1
33225 5
33226 1
33227 3
33228 4
33229 2
33230 0
33231 3
33232 2
33233 0
33234 3
33235 4
33236 0
33237 2
33238 1
33239 2
33240 4
33241 1
33242 2
33243 2
33244 0
33245 3
33246 4
33247 1
33248 5
33249 1
33250 3
33251 1
33252 2
33253 2
33254 3
33255 2
33256 3
33257 0
33258 6
33259 2
33260 6
33261 1
33262 4
33263 0
33264 5
33265 0
33266 4
33267 0
33268 3
33269 0
33270 2
33271 1
33272 5
33273 1
33274 2
33275 2
33276 3
33277 1
33278 4
33279 0
33280 2
33281 1
33282 1
33283 3
33284 0
33285 2
33286 3
33287 0
33288 1
33289 3
33290 3
33291 1
33292 3
33293 1
33294 3
33295 3
33296 1
33297 2
33298 0
33299 0
33300 4
33301 3
33302 2
33303 3
33304 1
33305 3
33306 2
33307 1
33308 1
33309 3
33310 4
33311 1
33312 2
33313 1
33314 1
33315 5
33316 0
33317 2
33318 0
33319 4
33320 1
33321 1
33322 0
33323 5
33324 0
33325 5
33326 0
33327 6
33328 0
33329 2
33330 1
33331 0
33332 2
33333 4
33334 0
33335 5
33336 0
33337 2
33338 1
33339 2
33340 1
33341 3
33342 0
33343 3
33344 1
33345 2
33346 1
33347 1
33348 1
33349 4
33350 1
33351 5
33352 0
33353 2
33354 2
33355 1
33356 0
33357 6
33358 2
33359 2
33360 2
33361 3
33362 4
33363 3
33364 0
33365 1
33366 2
33367 0
33368 1
33369 0
33370 1
33371 3
33372 1
33373 3
33374 3
33375 1
33376 2
33377 3
33378 2
33379 0
33380 2
33381 1
33382 2
33383 2
33384 5
33385 1
33386 3
33387 0
33388 4
33389 0
33390 6
33391 0
33392 3
33393 0
33394 4
33395 1
33396 2
33397 0
33398 4
33399 1
33400 1
33401 0
33402 4
33403 0
33404 4
33405 1
33406 1
33407 1
33408 3
33409 1
33410 3
33411 1
33412 1
33413 0
33414 3
33415 1
33416 2
33417 1
33418 2
33419 2
33420 2
33421 1
33422 2
33423 4
33424 3
33425 4
33426 3
33427 1
33428 2
33429 5
33430 3
33431 1
33432 3
33433 0
33434 1
33435 2
33436 0
33437 2
33438 1
33439 1
33440 5
33441 2
33442 0
33443 1
33444 0
33445 3
33446 1
33447 1
33448 0
33449 5
33450 0
33451 2
33452 0
33453 2
33454 0
33455 2
33456 1
33457 2
33458 0
33459 3
33460 1
33461 2
33462 0
33463 2
33464 1
33465 6
33466 1
33467 2
33468 1
33469 1
33470 1
33471 4
33472 0
33473 2
33474 0
33475 5
33476 1
33477 1
33478 1
33479 2
33480 2
33481 2
33482 3
33483 0
33484 1
33485 3
33486 1
33487 0
33488 0
33489 0
33490 1
33491 1
33492 2
33493 2
33494 3
33495 0
33496 2
33497 0
33498 0
33499 0
33500 0
33501 1
33502 5
33503 2
33504 3
33505 0
33506 2
33507 0
33508 0
33509 0
33510 4
33511 0
33512 2
33513 0
33514 3
33515 0
33516 2
33517 0
33518 5
33519 0
33520 4
33521 0
33522 4
33523 0
33524 4
33525 1
33526 3
33527 2
33528 6
33529 0
33530 0
33531 2
33532 1
33533 0
33534 3
33535 0
33536 0
33537 2
33538 4
33539 2
33540 2
33541 1
33542 1
33543 0
33544 4
33545 2
33546 3
33547 3
33548 1
33549 0
33550 1
33551 0
33552 1
33553 0
33554 3
33555 1
33556 1
33557 1
33558 1
33559 1
33560 0
33561 3
33562 3
33563 0
33564 0
33565 1
33566 1
33567 3
33568 0
33569 1
33570 1
33571 3
33572 0
33573 3
33574 0
33575 4
33576 2
33577 2
33578 0
33579 4
33580 0
33581 1
33582 0
33583 2
33584 0
33585 3
33586 0
33587 3
33588 0
33589 3
33590 0
33591 4
33592 1
33593 1
33594 0
33595 2
33596 1
33597 1
33598 1
33599 1
33600 2
33601 1
33602 1
33603 3
33604 1
33605 1
33606 0
33607 3
33608 1
33609 1
33610 1
33611 2
33612 3
33613 1
33614 0
33615 1
33616 2
33617 0
33618 0
33619 0
33620 1
33621 2
33622 1
33623 0
33624 2
33625 2
33626 0
33627 0
33628 4
33629 0
33630 1
33631 1
33632 1
33633 0
33634 2
33635 0
33636 2
33637 1
33638 1
33639 0
33640 3
33641 0
33642 2
33643 0
33644 1
33645 0
33646 3
33647 0
33648 1
33649 0
33650 1
33651 0
33652 0
33653 1
33654 2
33655 0
33656 5
33657 0
33658 2
33659 0
33660 2
33661 0
33662 2
33663 1
33664 2
33665 1
33666 1
33667 2
33668 0
33669 0
33670 0
33671 2
33672 2
33673 2
33674 1
33675 1
33676 1
33677 0
33678 0
33679 0
33680 0
33681 3
33682 1
33683 0
33684 1
33685 1
33686 1
33687 2
33688 0
33689 2
33690 0
33691 4
33692 0
33693 1
33694 0
33695 0
33696 0
33697 2
33698 0
33699 0
33700 0
33701 2
33702 1
33703 1
33704 0
33705 1
33706 0
33707 2
33708 0
33709 1
33710 0
33711 2
33712 0
33713 0
33714 1
33715 2
33716 0
33717 1
33718 0
33719 1
33720 1
33721 2
33722 2
33723 2
33724 0
33725 1
33726 0
33727 0
33728 1
33729 1
33730 1
33731 0
33732 0
33733 1
33734 0
33735 0
33736 0
33737 2
33738 0
33739 3
33740 1
33741 1
33742 0
33743 0
33744 2
33745 2
33746 0
33747 1
33748 0
33749 4
33750 0
33751 0
33752 0
33753 0
33754 3
33755 0
33756 2
33757 0
33758 1
33759 0
33760 1
33761 0
33762 4
33763 0
33764 3
33765 1
33766 0
33767 0
33768 1
33769 0
33770 3
33771 0
33772 3
33773 0
33774 2
33775 0
33776 5
33777 0
33778 1
33779 0
33780 1
33781 0
33782 0
33783 1
33784 0
33785 1
33786 2
33787 0
33788 3
33789 0
33790 1
33791 1
33792 0
33793 1
33794 1
33795 0
33796 0
33797 0
33798 2
33799 1
33800 0
33801 1
33802 0
33803 2
33804 1
33805 1
33806 2
33807 3
33808 0
33809 0
33810 1
33811 3
33812 0
33813 1
33814 1
33815 1
33816 1
33817 2
33818 2
33819 2
33820 0
33821 5
33822 0
33823 2
33824 0
33825 1
33826 2
33827 0
33828 0
33829 0
33830 0
33831 1
33832 0
33833 3
33834 0
33835 1
33836 0
33837 2
33838 0
33839 5
33840 0
33841 0
33842 0
33843 1
33844 0
33845 3
33846 1
33847 1
33848 0
33849 2
33850 0
33851 0
33852 0
33853 2
33854 0
33855 0
33856 0
33857 1
33858 0
33859 2
33860 1
33861 0
33862 0
33863 2
33864 1
33865 1
33866 1
33867 2
33868 1
33869 1
33870 4
33871 0
33872 2
33873 2
33874 1
33875 0
33876 1
33877 1
33878 2
33879 0
33880 1
33881 0
33882 1
33883 0
33884 3
33885 0
33886 0
33887 0
33888 2
33889 0
33890 1
33891 1
33892 1
33893 0
33894 4
33895 0
33896 0
33897 0
33898 1
33899 1
33900 0
33901 0
33902 0
33903 0
33904 3
33905 0
33906 0
33907 0
33908 2
33909 1
33910 2
33911 0
33912 2
33913 0
33914 3
33915 2
33916 0
33917 0
33918 2
33919 2
33920 1
33921 2
33922 0
33923 1
33924 1
33925 0
33926 3
33927 0
33928 1
33929 0
33930 0
33931 0
33932 0
33933 0
33934 0
33935 1
33936 0
33937 1
33938 0
33939 1
33940 1
33941 1
33942 0
33943 1
33944 1
33945 1
33946 1
33947 1
33948 1
33949 3
33950 0
33951 2
33952 0
33953 1
33954 0
33955 1
33956 0
33957 0
33958 0
33959 3
33960 0
33961 2
33962 0
33963 3
33964 0
33965 1
33966 0
33967 1
33968 0
33969 0
33970 0
33971 0
33972 0
33973 1
33974 0
33975 1
33976 1
33977 1
33978 2
33979 2
33980 1
33981 2
33982 1
33983 1
33984 0
33985 1
33986 0
33987 0
33988 0
33989 1
33990 3
33991 0
33992 1
33993 1
33994 1
33995 1
33996 2
33997 0
33998 0
33999 0
34000 0
34001 1
34002 1
34003 0
34004 2
34005 1
34006 3
34007 1
34008 1
34009 0
34010 1
34011 0
34012 4
34013 0
34014 2
34015 0
34016 0
34017 0
34018 2
34019 0
34020 1
34021 0
34022 1
34023 0
34024 3
34025 0
34026 0
34027 0
34028 1
34029 0
34030 1
34031 0
34032 0
34033 0
34034 2
34035 1
34036 1
34037 0
34038 2
34039 0
34040 2
34041 1
34042 1
34043 0
34044 1
34045 0
34046 0
34047 1
34048 1
34049 0
34050 1
34051 0
34052 0
34053 2
34054 1
34055 0
34056 0
34057 5
34058 0
34059 1
34060 1
34061 1
34062 0
34063 1
34064 0
34065 1
34066 0
34067 1
34068 0
34069 0
34070 2
34071 0
34072 0
34073 0
34074 0
34075 4
34076 2
34077 1
34078 0
34079 0
34080 1
34081 1
34082 0
34083 2
34084 0
34085 1
34086 0
34087 3
34088 1
34089 0
34090 0
34091 0
34092 0
34093 0
34094 0
34095 0
34096 0
34097 1
34098 0
34099 2
34100 2
34101 1
34102 0
34103 1
34104 0
34105 0
34106 0
34107 1
34108 2
34109 0
34110 0
34111 2
34112 1
34113 0
34114 0
34115 0
34116 2
34117 2
34118 0
34119 1
34120 0
34121 0
34122 1
34123 1
34124 1
34125 0
34126 2
34127 0
34128 0
34129 1
34130 3
34131 0
34132 0
34133 2
34134 1
34135 0
34136 0
34137 0
34138 3
34139 0
34140 2
34141 0
34142 0
34143 0
34144 0
34145 0
34146 5
34147 0
34148 2
34149 0
34150 1
34151 0
34152 0
34153 1
34154 1
34155 0
34156 1
34157 0
34158 2
34159 1
34160 0
34161 1
34162 1
34163 1
34164 4
34165 0
34166 0
34167 0
34168 0
34169 0
34170 0
34171 0
34172 2
34173 0
34174 1
34175 1
34176 0
34177 0
34178 1
34179 0
34180 1
34181 1
34182 1
34183 0
34184 0
34185 0
34186 0
34187 1
34188 0
34189 0
34190 0
34191 2
34192 0
34193 2
34194 0
34195 1
34196 0
34197 1
34198 0
34199 1
34200 1
34201 2
34202 0
34203 0
34204 0
34205 1
34206 0
34207 0
34208 0
34209 0
34210 0
34211 3
34212 0
34213 1
34214 0
34215 1
34216 0
34217 3
34218 1
34219 1
34220 1
34221 0
34222 0
34223 0
34224 0
34225 4
34226 0
34227 1
34228 2
34229 2
34230 0
34231 1
34232 0
34233 4
34234 0
34235 1
34236 2
34237 1
34238 0
34239 2
34240 0
34241 1
34242 0
34243 2
34244 0
34245 1
34246 1
34247 1
34248 1
34249 0
34250 0
34251 2
34252 1
34253 0
34254 3
34255 1
34256 1
34257 2
34258 1
34259 1
34260 1
34261 0
34262 1
34263 0
34264 1
34265 0
34266 0
34267 0
34268 2
34269 0
34270 1
34271 0
34272 2
34273 0
34274 0
34275 0
34276 3
34277 0
34278 0
34279 0
34280 0
34281 0
34282 2
34283 0
34284 0
34285 1
34286 1
34287 0
34288 0
34289 0
34290 0
34291 0
34292 1
34293 1
34294 1
34295 0
34296 0
34297 0
34298 2
34299 1
34300 0
34301 0
34302 0
34303 0
34304 1
34305 0
34306 1
34307 0
34308 1
34309 0
34310 0
34311 0
34312 1
34313 0
34314 1
34315 0
34316 0
34317 0
34318 0
34319 1
34320 1
34321 1
34322 1
34323 3
34324 1
34325 1
34326 0
34327 0
34328 0
34329 1
34330 2
34331 1
34332 2
34333 1
34334 0
34335 1
34336 0
34337 0
34338 0
34339 0
34340 0
34341 1
34342 0
34343 0
34344 0
34345 0
34346 1
34347 1
34348 0
34349 3
34350 0
34351 2
34352 0
34353 0
34354 0
34355 0
34356 0
34357 0
34358 1
34359 1
34360 0
34361 0
34362 1
34363 0
34364 0
34365 1
34366 1
34367 0
34368 1
34369 1
34370 0
34371 1
34372 0
34373 0
34374 0
34375 1
34376 0
34377 0
34378 2
34379 0
34380 0
34381 0
34382 1
34383 0
34384 0
34385 1
34386 0
34387 0
34388 0
34389 0
34390 0
34391 0
34392 1
34393 0
34394 0
34395 0
34396 0
34397 0
34398 2
34399 0
34400 1
34401 0
34402 0
34403 0
34404 2
34405 0
34406 0
34407 0
34408 1
34409 0
34410 0
34411 0
34412 1
34413 0
34414 0
34415 0
34416 0
34417 0
34418 1
34419 0
34420 0
34421 2
34422 2
34423 0
34424 0
34425 2
34426 0
34427 0
34428 0
34429 1
34430 0
34431 1
34432 1
34433 3
34434 1
34435 1
34436 0
34437 0
34438 1
34439 0
34440 0
34441 1
34442 0
34443 0
34444 1
34445 0
34446 1
34447 0
34448 0
34449 0
34450 0
34451 0
34452 0
34453 2
34454 0
34455 1
34456 0
34457 0
34458 0
34459 0
34460 0
34461 2
34462 0
34463 1
34464 0
34465 2
34466 0
34467 0
34468 0
34469 1
34470 0
34471 0
34472 0
34473 2
34474 0
34475 1
34476 0
34477 2
34478 0
34479 0
34480 0
34481 2
34482 0
34483 1
34484 0
34485 0
34486 0
34487 0
34488 0
34489 1
34490 0
34491 1
34492 1
34493 0
34494 0
34495 1
34496 1
34497 1
34498 0
34499 2
34500 1
34501 1
34502 2
34503 1
34504 0
34505 0
34506 0
34507 0
34508 2
34509 1
34510 0
34511 0
34512 2
34513 0
34514 1
34515 0
34516 1
34517 0
34518 0
34519 0
34520 1
34521 0
34522 0
34523 0
34524 0
34525 0
34526 2
34527 0
34528 1
34529 0
34530 1
34531 0
34532 2
34533 0
34534 2
34535 0
34536 0
34537 0
34538 1
34539 0
34540 2
34541 0
34542 0
34543 0
34544 0
34545 1
34546 1
34547 0
34548 1
34549 1
34550 0
34551 1
34552 0
34553 0
34554 0
34555 1
34556 1
34557 1
34558 0
34559 5
34560 0
34561 0
34562 0
34563 1
34564 1
34565 2
34566 2
34567 2
34568 1
34569 0
34570 0
34571 1
34572 0
34573 1
34574 1
34575 1
34576 0
34577 2
34578 0
34579 1
34580 0
34581 2
34582 0
34583 3
34584 0
34585 0
34586 0
34587 1
34588 0
34589 1
34590 0
34591 4
34592 0
34593 0
34594 1
34595 1
34596 0
34597 1
34598 0
34599 0
34600 0
34601 0
34602 1
34603 0
34604 0
34605 0
34606 0
34607 1
34608 0
34609 0
34610 1
34611 0
34612 2
34613 0
34614 1
34615 0
34616 1
34617 1
34618 2
34619 0
34620 0
34621 0
34622 1
34623 0
34624 0
34625 1
34626 1
34627 0
34628 1
34629 0
34630 0
34631 1
34632 0
34633 0
34634 3
34635 0
34636 0
34637 1
34638 2
34639 0
34640 2
34641 0
34642 1
34643 0
34644 0
34645 0
34646 0
34647 0
34648 0
34649 0
34650 1
34651 0
34652 0
34653 0
34654 2
34655 0
34656 1
34657 1
34658 3
34659 0
34660 0
34661 0
34662 3
34663 0
34664 1
34665 0
34666 0
34667 0
34668 1
34669 0
34670 0
34671 0
34672 0
34673 0
34674 0
34675 0
34676 0
34677 0
34678 0
34679 1
34680 1
34681 1
34682 1
34683 0
34684 0
34685 2
34686 0
34687 0
34688 0
34689 0
34690 1
34691 1
34692 1
34693 0
34694 0
34695 0
34696 1
34697 1
34698 0
34699 0
34700 0
34701 2
34702 0
34703 4
34704 0
34705 1
34706 0
34707 1
34708 0
34709 0
34710 1
34711 4
34712 0
34713 0
34714 0
34715 0
34716 0
34717 1
34718 0
34719 3
34720 0
34721 3
34722 0
34723 1
34724 1
34725 1
34726 0
34727 0
34728 0
34729 1
34730 0
34731 1
34732 0
34733 0
34734 0
34735 1
34736 1
34737 1
34738 0
34739 0
34740 0
34741 1
34742 1
34743 0
34744 0
34745 1
34746 1
34747 0
34748 0
34749 0
34750 0
34751 3
34752 0
34753 0
34754 1
34755 1
34756 2
34757 0
34758 1
34759 0
34760 0
34761 0
34762 0
34763 0
34764 1
34765 1
34766 0
34767 0
34768 0
34769 0
34770 1
34771 0
34772 1
34773 1
34774 1
34775 0
34776 4
34777 0
34778 0
34779 0
34780 3
34781 0
34782 4
34783 0
34784 1
34785 1
34786 0
34787 1
34788 2
34789 0
34790 1
34791 0
34792 0
34793 0
34794 0
34795 0
34796 0
34797 0
34798 0
34799 0
34800 1
34801 0
34802 0
34803 3
34804 0
34805 2
34806 0
34807 0
34808 0
34809 0
34810 0
34811 0
34812 2
34813 0
34814 2
34815 0
34816 0
34817 0
34818 0
34819 1
34820 0
34821 1
34822 0
34823 0
34824 0
34825 1
34826 0
34827 2
34828 1
34829 0
34830 0
34831 0
34832 0
34833 2
34834 0
34835 0
34836 0
34837 1
34838 0
34839 1
34840 0
34841 1
34842 0
34843 1
34844 0
34845 3
34846 0
34847 1
34848 0
34849 2
34850 0
34851 0
34852 0
34853 0
34854 0
34855 1
34856 1
34857 1
34858 1
34859 1
34860 1
34861 1
34862 1
34863 0
34864 0
34865 0
34866 0
34867 1
34868 0
34869 0
34870 1
34871 0
34872 2
34873 0
34874 0
34875 1
34876 0
34877 0
34878 0
34879 1
34880 0
34881 1
34882 2
34883 2
34884 1
34885 0
34886 3
34887 0
34888 1
34889 1
34890 1
34891 0
34892 1
34893 0
34894 0
34895 0
34896 0
34897 0
34898 2
34899 0
34900 2
34901 0
34902 1
34903 0
34904 4
34905 1
34906 0
34907 0
34908 4
34909 0
34910 0
34911 0
34912 1
34913 0
34914 0
34915 1
34916 1
34917 1
34918 1
34919 1
34920 1
34921 1
34922 0
34923 1
34924 3
34925 0
34926 0
34927 0
34928 0
34929 1
34930 1
34931 0
34932 0
34933 2
34934 1
34935 0
34936 2
34937 2
34938 1
34939 2
34940 1
34941 3
34942 1
34943 1
34944 0
34945 1
34946 0
34947 0
34948 0
34949 1
34950 0
34951 1
34952 0
34953 2
34954 0
34955 2
34956 0
34957 2
34958 0
34959 1
34960 0
34961 0
34962 0
34963 0
34964 0
34965 3
34966 0
34967 2
34968 0
34969 0
34970 0
34971 0
34972 0
34973 1
34974 0
34975 0
34976 0
34977 3
34978 0
34979 1
34980 0
34981 1
34982 1
34983 1
34984 0
34985 1
34986 0
34987 0
34988 1
34989 1
34990 0
34991 0
34992 1
34993 3
34994 0
34995 1
34996 0
34997 2
34998 1
34999 2
35000 1
35001 0
35002 0
35003 0
35004 0
35005 0
35006 0
35007 1
35008 2
35009 0
35010 2
35011 0
35012 0
35013 0
35014 1
35015 0
35016 1
35017 0
35018 0
35019 1
35020 1
35021 0
35022 2
35023 1
35024 3
35025 0
35026 2
35027 0
35028 2
35029 0
35030 3
35031 0
35032 1
35033 0
35034 0
35035 0
35036 0
35037 0
35038 0
35039 0
35040 0
35041 1
35042 1
35043 0
35044 2
35045 0
35046 2
35047 0
35048 1
35049 1
35050 0
35051 1
35052 1
35053 2
35054 0
35055 2
35056 0
35057 0
35058 0
35059 0
35060 0
35061 2
35062 4
35063 2
35064 0
35065 0
35066 0
35067 1
35068 0
35069 1
35070 1
35071 1
35072 0
35073 3
35074 1
35075 3
35076 1
35077 0
35078 0
35079 1
35080 0
35081 4
35082 0
35083 2
35084 0
35085 5
35086 0
35087 1
35088 0
35089 0
35090 0
35091 2
35092 0
35093 0
35094 0
35095 1
35096 0
35097 1
35098 0
35099 2
35100 0
35101 0
35102 0
35103 2
35104 0
35105 0
35106 0
35107 1
35108 0
35109 0
35110 1
35111 0
35112 1
35113 1
35114 0
35115 1
35116 1
35117 1
35118 0
35119 3
35120 0
35121 0
35122 1
35123 1
35124 2
35125 1
35126 0
35127 2
35128 0
35129 1
35130 1
35131 0
35132 0
35133 0
35134 1
35135 0
35136 2
35137 1
35138 1
35139 0
35140 1
35141 0
35142 3
35143 2
35144 1
35145 0
35146 0
35147 0
35148 1
35149 0
35150 3
35151 0
35152 1
35153 0
35154 0
35155 0
35156 0
35157 0
35158 3
35159 0
35160 3
35161 1
35162 1
35163 0
35164 1
35165 1
35166 2
35167 0
35168 0
35169 1
35170 0
35171 0
35172 2
35173 0
35174 1
35175 0
35176 3
35177 1
35178 2
35179 1
35180 1
35181 0
35182 3
35183 0
35184 1
35185 0
35186 2
35187 2
35188 2
35189 0
35190 0
35191 0
35192 1
35193 0
35194 0
35195 1
35196 2
35197 1
35198 0
35199 0
35200 0
35201 0
35202 1
35203 1
35204 0
35205 1
35206 0
35207 2
35208 0
35209 1
35210 0
35211 2
35212 1
35213 2
35214 0
35215 0
35216 0
35217 1
35218 0
35219 2
35220 0
35221 1
35222 0
35223 2
35224 0
35225 1
35226 0
35227 0
35228 1
35229 2
35230 0
35231 1
35232 0
35233 2
35234 0
35235 3
35236 1
35237 1
35238 1
35239 1
35240 0
35241 1
35242 1
35243 0
35244 1
35245 1
35246 0
35247 2
35248 0
35249 1
35250 2
35251 3
35252 0
35253 0
35254 2
35255 1
35256 2
35257 0
35258 2
35259 0
35260 0
35261 1
35262 0
35263 0
35264 1
35265 0
35266 0
35267 0
35268 1
35269 0
35270 1
35271 0
35272 1
35273 3
35274 3
35275 0
35276 3
35277 0
35278 3
35279 0
35280 3
35281 0
35282 1
35283 0
35284 3
35285 0
35286 1
35287 0
35288 1
35289 0
35290 2
35291 0
35292 3
35293 0
35294 2
35295 0
35296 1
35297 1
35298 0
35299 0
35300 1
35301 0
35302 0
35303 0
35304 4
35305 2
35306 0
35307 1
35308 2
35309 0
35310 0
35311 0
35312 0
35313 0
35314 1
35315 1
35316 0
35317 0
35318 2
35319 2
35320 1
35321 0
35322 0
35323 0
35324 1
35325 1
35326 0
35327 2
35328 0
35329 0
35330 0
35331 2
35332 0
35333 0
35334 1
35335 3
35336 0
35337 1
35338 0
35339 0
35340 0
35341 1
35342 0
35343 1
35344 0
35345 1
35346 0
35347 0
35348 0
35349 3
35350 0
35351 1
35352 0
35353 1
35354 1
35355 2
35356 0
35357 2
35358 0
35359 1
35360 1
35361 0
35362 2
35363 2
35364 0
35365 3
35366 1
35367 3
35368 1
35369 0
35370 0
35371 2
35372 1
35373 0
35374 1
35375 0
35376 0
35377 2
35378 0
35379 0
35380 3
35381 0
35382 1
35383 0
35384 5
35385 0
35386 2
35387 0
35388 0
35389 0
35390 2
35391 2
35392 0
35393 0
35394 3
35395 1
35396 2
35397 0
35398 0
35399 0
35400 1
35401 0
35402 0
35403 0
35404 1
35405 0
35406 2
35407 0
35408 2
35409 0
35410 2
35411 0
35412 2
35413 1
35414 0
35415 0
35416 3
35417 0
35418 3
35419 0
35420 2
35421 1
35422 2
35423 0
35424 0
35425 0
35426 0
35427 1
35428 0
35429 2
35430 0
35431 0
35432 1
35433 0
35434 2
35435 0
35436 2
35437 1
35438 0
35439 2
35440 1
35441 1
35442 0
35443 0
35444 0
35445 1
35446 0
35447 2
35448 1
35449 2
35450 0
35451 2
35452 0
35453 1
35454 1
35455 2
35456 0
35457 4
35458 0
35459 3
35460 0
35461 0
35462 0
35463 1
35464 0
35465 2
35466 0
35467 1
35468 0
35469 2
35470 0
35471 4
35472 0
35473 1
35474 0
35475 1
35476 0
35477 2
35478 0
35479 2
35480 1
35481 2
35482 0
35483 2
35484 0
35485 0
35486 0
35487 1
35488 1
35489 1
35490 0
35491 0
35492 0
35493 0
35494 0
35495 0
35496 1
35497 1
35498 1
35499 4
35500 1
35501 0
35502 2
35503 2
35504 2
35505 1
35506 1
35507 1
35508 0
35509 1
35510 1
35511 0
35512 2
35513 2
35514 1
35515 0
35516 0
35517 4
35518 0
35519 0
35520 2
35521 0
35522 3
35523 1
35524 1
35525 0
35526 2
35527 0
35528 1
35529 0
35530 3
35531 0
35532 2
35533 0
35534 2
35535 0
35536 0
35537 0
35538 2
35539 1
35540 1
35541 1
35542 2
35543 0
35544 0
35545 0
35546 1
35547 0
35548 4
35549 0
35550 0
35551 0
35552 1
35553 0
35554 0
35555 1
35556 0
35557 1
35558 1
35559 0
35560 2
35561 2
35562 0
35563 0
35564 1
35565 0
35566 3
35567 3
35568 2
35569 3
35570 0
35571 0
35572 1
35573 0
35574 1
35575 0
35576 0
35577 1
35578 2
35579 3
35580 1
35581 3
35582 2
35583 0
35584 0
35585 3
35586 0
35587 0
35588 1
35589 0
35590 0
35591 2
35592 0
35593 2
35594 0
35595 1
35596 0
35597 1
35598 0
35599 3
35600 0
35601 1
35602 0
35603 3
35604 0
35605 3
35606 0
35607 1
35608 0
35609 1
35610 0
35611 0
35612 0
35613 2
35614 0
35615 1
35616 0
35617 0
35618 1
35619 0
35620 0
35621 1
35622 1
35623 3
35624 1
35625 1
35626 2
35627 0
35628 0
35629 0
35630 2
35631 0
35632 2
35633 2
35634 1
35635 1
35636 0
35637 2
35638 1
35639 1
35640 3
35641 1
35642 1
35643 0
35644 1
35645 0
35646 0
35647 0
35648 2
35649 0
35650 4
35651 0
35652 3
35653 0
35654 2
35655 0
35656 5
35657 0
35658 2
35659 0
35660 1
35661 0
35662 3
35663 0
35664 1
35665 0
35666 4
35667 0
35668 1
35669 0
35670 0
35671 0
35672 0
35673 1
35674 2
35675 1
35676 0
35677 0
35678 2
35679 0
35680 1
35681 3
35682 1
35683 2
35684 1
35685 1
35686 0
35687 1
35688 1
35689 0
35690 0
35691 2
35692 0
35693 0
35694 0
35695 0
35696 2
35697 1
35698 0
35699 0
35700 0
35701 4
35702 0
35703 0
35704 1
35705 1
35706 0
35707 1
35708 1
35709 0
35710 0
35711 0
35712 0
35713 0
35714 0
35715 0
35716 0
35717 4
35718 0
35719 3
35720 0
35721 1
35722 0
35723 0
35724 0
35725 0
35726 0
35727 2
35728 1
35729 3
35730 0
35731 0
35732 0
35733 1
35734 0
35735 1
35736 0
35737 1
35738 0
35739 0
35740 0
35741 1
35742 0
35743 0
35744 1
35745 1
35746 1
35747 1
35748 1
35749 0
35750 0
35751 1
35752 1
35753 2
35754 1
35755 1
35756 1
35757 1
35758 0
35759 1
35760 1
35761 0
35762 2
35763 0
35764 1
35765 1
35766 0
35767 0
35768 2
35769 1
35770 0
35771 0
35772 4
35773 0
35774 2
35775 0
35776 2
35777 0
35778 4
35779 0
35780 0
35781 0
35782 1
35783 0
35784 0
35785 0
35786 2
35787 0
35788 1
35789 0
35790 2
35791 0
35792 3
35793 0
35794 1
35795 1
35796 3
35797 0
35798 1
35799 0
35800 1
35801 0
35802 0
35803 0
35804 0
35805 0
35806 0
35807 1
35808 1
35809 0
35810 0
35811 0
35812 0
35813 2
35814 1
35815 0
35816 1
35817 0
35818 1
35819 4
35820 0
35821 2
35822 0
35823 3
35824 2
35825 0
35826 1
35827 2
35828 0
35829 2
35830 0
35831 0
35832 0
35833 1
35834 1
35835 0
35836 1
35837 1
35838 0
35839 0
35840 0
35841 1
35842 1
35843 1
35844 0
35845 0
35846 0
35847 2
35848 0
35849 3
35850 0
35851 2
35852 0
35853 2
35854 0
35855 1
35856 0
35857 0
35858 1
35859 2
35860 0
35861 2
35862 0
35863 1
35864 1
35865 1
35866 0
35867 2
35868 1
35869 1
35870 0
35871 1
35872 1
35873 1
35874 0
35875 2
35876 1
35877 0
35878 2
35879 1
35880 0
35881 1
35882 2
35883 1
35884 1
35885 0
35886 1
35887 1
35888 0
35889 0
35890 2
35891 0
35892 1
35893 0
35894 0
35895 0
35896 1
35897 0
35898 3
35899 0
35900 1
35901 0
35902 4
35903 0
35904 1
35905 0
35906 0
35907 0
35908 0
35909 0
35910 2
35911 0
35912 2
35913 0
35914 2
35915 0
35916 3
35917 0
35918 0
35919 1
35920 3
35921 0
35922 0
35923 0
35924 2
35925 0
35926 3
35927 1
35928 0
35929 0
35930 0
35931 0
35932 1
35933 1
35934 1
35935 0
35936 1
35937 1
35938 1
35939 0
35940 0
35941 1
35942 0
35943 1
35944 1
35945 0
35946 0
35947 0
35948 1
35949 0
35950 0
35951 0
35952 1
35953 1
35954 0
35955 1
35956 0
35957 1
35958 1
35959 2
35960 0
35961 1
35962 0
35963 0
35964 0
35965 0
35966 0
35967 1
35968 0
35969 1
35970 0
35971 0
35972 0
35973 1
35974 0
35975 0
35976 1
35977 2
35978 0
35979 0
35980 0
35981 0
35982 0
35983 2
35984 0
35985 1
35986 1
35987 2
35988 0
35989 0
35990 0
35991 2
35992 2
35993 0
35994 0
35995 1
35996 1
35997 1
35998 0
35999 0
36000 1
36001 1
36002 0
36003 0
36004 1
36005 0
36006 0
36007 0
36008 0
36009 0
36010 1
36011 1
36012 1
36013 1
36014 0
36015 0
36016 0
36017 0
36018 2
36019 0
36020 1
36021 1
36022 0
36023 0
36024 1
36025 0
36026 2
36027 0
36028 0
36029 0
36030 1
36031 0
36032 1
36033 0
36034 0
36035 0
36036 1
36037 0
36038 1
36039 0
36040 1
36041 0
36042 0
36043 0
36044 1
36045 0
36046 0
36047 0
36048 1
36049 0
36050 0
36051 0
36052 1
36053 0
36054 0
36055 1
36056 0
36057 0
36058 1
36059 0
36060 0
36061 2
36062 0
36063 0
36064 1
36065 0
36066 1
36067 1
36068 0
36069 1
36070 1
36071 1
36072 0
36073 0
36074 0
36075 1
36076 3
36077 1
36078 0
36079 0
36080 0
36081 1
36082 0
36083 0
36084 0
36085 1
36086 0
36087 1
36088 3
36089 3
36090 0
36091 1
36092 0
36093 1
36094 0
36095 1
36096 0
36097 1
36098 0
36099 2
36100 0
36101 3
36102 0
36103 4
36104 0
36105 1
36106 0
36107 1
36108 0
36109 0
36110 1
36111 1
36112 0
36113 0
36114 0
36115 1
36116 0
36117 1
36118 0
36119 1
36120 0
36121 0
36122 0
36123 1
36124 0
36125 1
36126 1
36127 2
36128 0
36129 1
36130 0
36131 0
36132 1
36133 0
36134 0
36135 0
36136 1
36137 0
36138 0
36139 0
36140 1
36141 1
36142 0
36143 0
36144 1
36145 1
36146 1
36147 1
36148 2
36149 1
36150 0
36151 0
36152 1
36153 0
36154 1
36155 0
36156 3
36157 0
36158 0
36159 0
36160 1
36161 0
36162 1
36163 0
36164 1
36165 0
36166 1
36167 0
36168 3
36169 0
36170 1
36171 0
36172 0
36173 0
36174 0
36175 0
36176 0
36177 0
36178 1
36179 1
36180 0
36181 1
36182 0
36183 0
36184 0
36185 0
36186 1
36187 0
36188 0
36189 0
36190 0
36191 0
36192 0
36193 1
36194 0
36195 1
36196 1
36197 0
36198 1
36199 2
36200 0
36201 1
36202 1
36203 0
36204 0
36205 0
36206 0
36207 0
36208 0
36209 0
36210 0
36211 1
36212 1
36213 1
36214 0
36215 0
36216 0
36217 1
36218 2
36219 2
36220 0
36221 2
36222 0
36223 1
36224 0
36225 0
36226 0
36227 1
36228 0
36229 4
36230 0
36231 0
36232 0
36233 1
36234 0
36235 1
36236 0
36237 2
36238 0
36239 0
36240 0
36241 1
36242 0
36243 1
36244 0
36245 0
36246 0
36247 1
36248 1
36249 1
36250 1
36251 0
36252 0
36253 0
36254 1
36255 1
36256 0
36257 0
36258 0
36259 0
36260 0
36261 0
36262 0
36263 0
36264 1
36265 0
36266 1
36267 0
36268 0
36269 0
36270 0
36271 0
36272 1
36273 0
36274 0
36275 0
36276 0
36277 0
36278 1
36279 0
36280 1
36281 0
36282 0
36283 0
36284 1
36285 0
36286 0
36287 0
36288 1
36289 0
36290 1
36291 0
36292 0
36293 0
36294 0
36295 0
36296 0
36297 0
36298 0
36299 0
36300 0
36301 1
36302 1
36303 0
36304 0
36305 0
36306 1
36307 0
36308 0
36309 0
36310 1
36311 0
36312 1
36313 1
36314 0
36315 0
36316 0
36317 0
36318 0
36319 1
36320 0
36321 1
36322 0
36323 2
36324 0
36325 0
36326 0
36327 0
36328 0
36329 2
36330 0
36331 1
36332 1
36333 1
36334 0
36335 2
36336 0
36337 1
36338 0
36339 0
36340 0
36341 2
36342 0
36343 0
36344 0
36345 4
36346 0
36347 1
36348 0
36349 1
36350 0
36351 0
36352 0
36353 1
36354 1
36355 1
36356 0
36357 0
36358 0
36359 0
36360 0
36361 1
36362 0
36363 1
36364 0
36365 1
36366 1
36367 1
36368 0
36369 1
36370 0
36371 1
36372 0
36373 0
36374 1
36375 1
36376 0
36377 1
36378 0
36379 0
36380 1
36381 0
36382 0
36383 0
36384 0
36385 0
36386 0
36387 0
36388 0
36389 0
36390 1
36391 0
36392 0
36393 0
36394 0
36395 0
36396 0
36397 0
36398 1
36399 0
36400 0
36401 1
36402 1
36403 0
36404 1
36405 0
36406 0
36407 0
36408 0
36409 0
36410 1
36411 0
36412 1
36413 0
36414 3
36415 0
36416 4
36417 0
36418 2
36419 0
36420 0
36421 0
36422 4
36423 0
36424 0
36425 0
36426 1
36427 0
36428 0
36429 0
36430 0
36431 0
36432 0
36433 1
36434 0
36435 1
36436 0
36437 0
36438 0
36439 0
36440 0
36441 0
36442 0
36443 0
36444 1
36445 1
36446 0
36447 2
36448 0
36449 1
36450 0
36451 0
36452 1
36453 1
36454 0
36455 0
36456 0
36457 1
36458 0
36459 1
36460 0
36461 0
36462 0
36463 0
36464 0
36465 0
36466 0
36467 1
36468 0
36469 0
36470 0
36471 1
36472 0
36473 1
36474 0
36475 0
36476 0
36477 2
36478 0
36479 1
36480 0
36481 0
36482 0
36483 1
36484 0
36485 0
36486 0
36487 0
36488 1
36489 0
36490 0
36491 0
36492 0
36493 0
36494 0
36495 0
36496 0
36497 1
36498 1
36499 0
36500 0
36501 1
36502 0
36503 0
36504 1
36505 0
36506 0
36507 0
36508 0
36509 1
36510 1
36511 0
36512 0
36513 1
36514 0
36515 0
36516 0
36517 0
36518 0
36519 0
36520 0
36521 0
36522 0
36523 0
36524 0
36525 0
36526 0
36527 0
36528 1
36529 0
36530 0
36531 0
36532 1
36533 1
36534 0
36535 0
36536 0
36537 0
36538 0
36539 0
36540 1
36541 0
36542 0
36543 0
36544 1
36545 0
36546 1
36547 0
36548 0
36549 0
36550 1
36551 0
36552 1
36553 0
36554 1
36555 1
36556 0
36557 0
36558 0
36559 0
36560 1
36561 0
36562 0
36563 0
36564 1
36565 0
36566 0
36567 0
36568 0
36569 1
36570 0
36571 0
36572 0
36573 1
36574 1
36575 0
36576 0
36577 1
36578 1
36579 0
36580 0
36581 1
36582 0
36583 0
36584 0
36585 0
36586 1
36587 0
36588 0
36589 0
36590 0
36591 0
36592 0
36593 0
36594 1
36595 1
36596 0
36597 0
36598 0
36599 2
36600 0
36601 0
36602 0
36603 2
36604 0
36605 0
36606 0
36607 1
36608 0
36609 0
36610 0
36611 0
36612 0
36613 1
36614 0
36615 1
36616 0
36617 1
36618 0
36619 0
36620 0
36621 0
36622 0
36623 1
36624 0
36625 0
36626 0
36627 0
36628 1
36629 0
36630 0
36631 0
36632 0
36633 1
36634 0
36635 0
36636 0
36637 2
36638 0
36639 0
36640 2
36641 0
36642 1
36643 0
36644 0
36645 0
36646 1
36647 0
36648 0
36649 0
36650 0
36651 0
36652 1
36653 0
36654 0
36655 1
36656 0
36657 0
36658 1
36659 0
36660 1
36661 0
36662 0
36663 1
36664 0
36665 0
36666 0
36667 0
36668 0
36669 0
36670 1
36671 0
36672 0
36673 0
36674 1
36675 0
36676 0
36677 0
36678 0
36679 0
36680 1
36681 0
36682 0
36683 1
36684 2
36685 0
36686 1
36687 0
36688 1
36689 0
36690 0
36691 1
36692 1
36693 0
36694 0
36695 0
36696 1
36697 0
36698 0
36699 0
36700 0
36701 0
36702 0
36703 0
36704 0
36705 0
36706 0
36707 1
36708 0
36709 1
36710 0
36711 0
36712 0
36713 0
36714 0
36715 2
36716 0
36717 0
36718 0
36719 1
36720 0
36721 1
36722 0
36723 0
36724 0
36725 0
36726 0
36727 1
36728 0
36729 1
36730 0
36731 0
36732 0
36733 0
36734 0
36735 0
36736 0
36737 0
36738 0
36739 1
36740 1
36741 0
36742 1
36743 0
36744 0
36745 0
36746 0
36747 1
36748 0
36749 0
36750 0
36751 0
36752 0
36753 1
36754 0
36755 0
36756 0
36757 0
36758 0
36759 0
36760 0
36761 0
36762 0
36763 0
36764 1
36765 0
36766 0
36767 0
36768 0
36769 0
36770 0
36771 0
36772 0
36773 0
36774 1
36775 0
36776 0
36777 0
36778 0
36779 0
36780 0
36781 0
36782 1
36783 0
36784 0
36785 0
36786 1
36787 0
36788 0
36789 0
36790 0
36791 0
36792 1
36793 0
36794 0
36795 0
36796 0
36797 0
36798 0
36799 0
36800 0
36801 0
36802 0
36803 0
36804 0
36805 0
36806 2
36807 0
36808 0
36809 0
36810 0
36811 0
36812 1
36813 0
36814 0
36815 0
36816 0
36817 0
36818 0
36819 0
36820 2
36821 0
36822 0
36823 0
36824 0
36825 0
36826 0
36827 0
36828 0
36829 0
36830 0
36831 0
36832 0
36833 0
36834 0
36835 0
36836 0
36837 0
36838 0
36839 2
36840 0
36841 0
36842 0
36843 1
36844 0
36845 1
36846 0
36847 0
36848 0
36849 0
36850 0
36851 1
36852 0
36853 0
36854 0
36855 0
36856 0
36857 0
36858 0
36859 0
36860 0
36861 0
36862 0
36863 1
36864 0
36865 2
36866 0
36867 0
36868 0
36869 0
36870 0
36871 0
36872 1
36873 0
36874 0
36875 0
36876 0
36877 0
36878 0
36879 1
36880 0
36881 0
36882 1
36883 0
36884 0
36885 0
36886 1
36887 1
36888 0
36889 2
36890 0
36891 0
36892 0
36893 0
36894 0
36895 0
36896 1
36897 0
36898 0
36899 0
36900 0
36901 1
36902 0
36903 0
36904 0
36905 0
36906 0
36907 0
36908 1
36909 0
36910 0
36911 0
36912 1
36913 0
36914 0
36915 0
36916 1
36917 0
36918 0
36919 0
36920 0
36921 0
36922 0
36923 0
36924 0
36925 0
36926 0
36927 1
36928 2
36929 1
36930 1
36931 0
36932 0
36933 0
36934 0
36935 0
36936 1
36937 1
36938 0
36939 0
36940 2
36941 0
36942 0
36943 0
36944 0
36945 0
36946 1
36947 0
36948 0
36949 0
36950 0
36951 1
36952 0
36953 0
36954 0
36955 0
36956 0
36957 1
36958 0
36959 0
36960 0
36961 1
36962 0
36963 0
36964 0
36965 0
36966 1
36967 0
36968 0
36969 0
36970 0
36971 2
36972 0
36973 1
36974 0
36975 0
36976 0
36977 0
36978 0
36979 0
36980 0
36981 2
36982 0
36983 0
36984 1
36985 0
36986 0
36987 1
36988 0
36989 0
36990 0
36991 0
36992 0
36993 0
36994 0
36995 1
36996 0
36997 1
36998 0
36999 1
37000 0
37001 0
37002 1
37003 0
37004 0
37005 2
37006 0
37007 0
37008 0
37009 0
37010 0
37011 0
37012 0
37013 0
37014 0
37015 1
37016 0
37017 0
37018 0
37019 0
37020 1
37021 0
37022 0
37023 0
37024 0
37025 0
37026 0
37027 0
37028 0
37029 0
37030 0
37031 0
37032 0
37033 0
37034 0
37035 0
37036 1
37037 0
37038 1
37039 0
37040 0
37041 0
37042 0
37043 0
37044 1
37045 0
37046 0
37047 0
37048 0
37049 0
37050 0
37051 0
37052 0
37053 0
37054 0
37055 0
37056 0
37057 0
37058 0
37059 0
37060 0
37061 0
37062 0
37063 0
37064 0
37065 1
37066 1
37067 0
37068 1
37069 0
37070 0
37071 0
37072 0
37073 0
37074 1
37075 0
37076 1
37077 0
37078 0
37079 0
37080 0
37081 0
37082 0
37083 0
37084 0
37085 0
37086 0
37087 0
37088 0
37089 0
37090 0
37091 1
37092 0
37093 0
37094 0
37095 0
37096 0
37097 0
37098 0
37099 3
37100 0
37101 1
37102 0
37103 1
37104 0
37105 0
37106 0
37107 0
37108 0
37109 0
37110 0
37111 1
37112 0
37113 0
37114 0
37115 0
37116 0
37117 0
37118 0
37119 0
37120 0
37121 1
37122 0
37123 1
37124 0
37125 1
37126 0
37127 0
37128 0
37129 0
37130 0
37131 0
37132 0
37133 0
37134 0
37135 0
37136 0
37137 0
37138 0
37139 1
37140 0
37141 0
37142 0
37143 0
37144 0
37145 0
37146 0
37147 0
37148 0
37149 0
37150 0
37151 0
37152 0
37153 0
37154 0
37155 0
37156 0
37157 0
37158 0
37159 0
37160 1
37161 1
37162 0
37163 0
37164 0
37165 0
37166 0
37167 0
37168 1
37169 0
37170 0
37171 0
37172 1
37173 0
37174 0
37175 0
37176 1
37177 0
37178 0
37179 0
37180 0
37181 0
37182 0
37183 0
37184 1
37185 1
37186 0
37187 0
37188 0
37189 0
37190 0
37191 0
37192 0
37193 0
37194 1
37195 0
37196 0
37197 1
37198 0
37199 1
37200 0
37201 1
37202 0
37203 0
37204 1
37205 0
37206 0
37207 1
37208 0
37209 0
37210 0
37211 0
37212 1
37213 1
37214 0
37215 0
37216 0
37217 0
37218 0
37219 1
37220 0
37221 1
37222 0
37223 3
37224 0
37225 0
37226 0
37227 0
37228 0
37229 0
37230 0
37231 0
37232 0
37233 0
37234 0
37235 1
37236 0
37237 1
37238 0
37239 0
37240 0
37241 0
37242 0
37243 4
37244 0
37245 0
37246 0
37247 1
37248 0
37249 0
37250 0
37251 0
37252 0
37253 2
37254 0
37255 0
37256 0
37257 0
37258 0
37259 0
37260 0
37261 0
37262 2
37263 0
37264 2
37265 0
37266 0
37267 0
37268 0
37269 0
37270 0
37271 2
37272 0
37273 0
37274 0
37275 0
37276 1
37277 0
37278 1
37279 0
37280 0
37281 0
37282 1
37283 1
37284 1
37285 0
37286 0
37287 0
37288 1
37289 0
37290 0
37291 0
37292 2
37293 0
37294 1
37295 0
37296 0
37297 0
37298 1
37299 0
37300 0
37301 0
37302 0
37303 0
37304 0
37305 0
37306 1
37307 0
37308 0
37309 0
37310 0
37311 0
37312 0
37313 0
37314 0
37315 0
37316 0
37317 0
37318 0
37319 0
37320 0
37321 0
37322 0
37323 0
37324 0
37325 0
37326 0
37327 0
37328 0
37329 0
37330 0
37331 0
37332 0
37333 0
37334 0
37335 0
37336 0
37337 0
37338 0
37339 0
37340 0
37341 0
37342 0
37343 2
37344 0
37345 0
37346 0
37347 0
37348 0
37349 1
37350 0
37351 1
37352 0
37353 0
37354 0
37355 0
37356 0
37357 1
37358 0
37359 1
37360 0
37361 1
37362 0
37363 0
37364 0
37365 0
37366 0
37367 0
37368 0
37369 0
37370 0
37371 0
37372 0
37373 0
37374 0
37375 0
37376 0
37377 1
37378 1
37379 0
37380 0
37381 1
37382 0
37383 0
37384 1
37385 0
37386 0
37387 0
37388 0
37389 0
37390 0
37391 0
37392 0
37393 1
37394 0
37395 0
37396 2
37397 0
37398 0
37399 1
37400 0
37401 0
37402 1
37403 0
37404 0
37405 0
37406 1
37407 0
37408 0
37409 0
37410 0
37411 0
37412 0
37413 0
37414 0
37415 0
37416 0
37417 0
37418 2
37419 0
37420 2
37421 0
37422 0
37423 0
37424 0
37425 0
37426 0
37427 0
37428 0
37429 0
37430 0
37431 0
37432 0
37433 0
37434 1
37435 1
37436 0
37437 0
37438 0
37439 0
37440 0
37441 0
37442 1
37443 0
37444 0
37445 1
37446 0
37447 0
37448 0
37449 0
37450 0
37451 1
37452 0
37453 0
37454 0
37455 0
37456 0
37457 0
37458 0
37459 0
37460 0
37461 1
37462 1
37463 0
37464 0
37465 0
37466 0
37467 1
37468 1
37469 0
37470 1
37471 0
37472 0
37473 0
37474 0
37475 0
37476 0
37477 0
37478 0
37479 1
37480 1
37481 1
37482 0
37483 1
37484 0
37485 0
37486 0
37487 1
37488 0
37489 0
37490 0
37491 0
37492 0
37493 1
37494 0
37495 0
37496 0
37497 0
37498 1
37499 0
37500 0
37501 0
37502 0
37503 0
37504 0
37505 0
37506 0
37507 0
37508 0
37509 1
37510 0
37511 0
37512 0
37513 1
37514 1
37515 0
37516 0
37517 0
37518 1
37519 0
37520 0
37521 2
37522 1
37523 0
37524 0
37525 0
37526 1
37527 1
37528 0
37529 0
37530 0
37531 1
37532 0
37533 0
37534 1
37535 0
37536 1
37537 0
37538 0
37539 0
37540 0
37541 0
37542 0
37543 0
37544 0
37545 0
37546 1
37547 0
37548 2
37549 0
37550 0
37551 1
37552 0
37553 0
37554 0
37555 0
37556 0
37557 0
37558 0
37559 0
37560 0
37561 0
37562 0
37563 0
37564 1
37565 0
37566 0
37567 0
37568 0
37569 0
37570 0
37571 0
37572 0
37573 1
37574 0
37575 0
37576 0
37577 0
37578 0
37579 0
37580 0
37581 0
37582 1
37583 0
37584 0
37585 0
37586 1
37587 1
37588 0
37589 0
37590 0
37591 0
37592 0
37593 0
37594 0
37595 0
37596 0
37597 1
37598 0
37599 0
37600 0
37601 1
37602 0
37603 0
37604 0
37605 0
37606 0
37607 0
37608 0
37609 1
37610 0
37611 0
37612 0
37613 0
37614 0
37615 0
37616 0
37617 0
37618 0
37619 0
37620 0
37621 0
37622 0
37623 1
37624 0
37625 0
37626 0
37627 0
37628 0
37629 0
37630 0
37631 0
37632 0
37633 2
37634 0
37635 1
37636 0
37637 0
37638 0
37639 0
37640 0
37641 0
37642 0
37643 0
37644 0
37645 1
37646 1
37647 0
37648 0
37649 0
37650 1
37651 0
37652 0
37653 0
37654 1
37655 0
37656 1
37657 0
37658 0
37659 0
37660 0
37661 0
37662 0
37663 0
37664 2
37665 0
37666 0
37667 0
37668 0
37669 0
37670 0
37671 0
37672 2
37673 0
37674 0
37675 0
37676 0
37677 0
37678 0
37679 0
37680 1
37681 0
37682 0
37683 0
37684 0
37685 0
37686 0
37687 0
37688 1
37689 0
37690 0
37691 0
37692 0
37693 0
37694 0
37695 0
37696 0
37697 0
37698 0
37699 0
37700 0
37701 1
37702 0
37703 0
37704 1
37705 0
37706 0
37707 1
37708 0
37709 0
37710 0
37711 1
37712 0
37713 0
37714 0
37715 0
37716 2
37717 0
37718 0
37719 0
37720 0
37721 0
37722 0
37723 0
37724 0
37725 1
37726 0
37727 2
37728 0
37729 0
37730 0
37731 1
37732 0
37733 1
37734 0
37735 0
37736 0
37737 0
37738 0
37739 0
37740 0
37741 1
37742 0
37743 0
37744 0
37745 0
37746 0
37747 2
37748 0
37749 0
37750 0
37751 0
37752 0
37753 0
37754 0
37755 2
37756 0
37757 0
37758 0
37759 2
37760 0
37761 0
37762 0
37763 0
37764 0
37765 2
37766 0
37767 0
37768 0
37769 0
37770 1
37771 0
37772 0
37773 0
37774 0
37775 0
37776 0
37777 0
37778 0
37779 0
37780 0
37781 0
37782 0
37783 1
37784 1
37785 0
37786 0
37787 0
37788 0
37789 0
37790 1
37791 0
37792 0
37793 0
37794 1
37795 0
37796 0
37797 0
37798 0
37799 0
37800 0
37801 0
37802 1
37803 0
37804 0
37805 0
37806 1
37807 0
37808 1
37809 0
37810 0
37811 0
37812 1
37813 0
37814 0
37815 0
37816 1
37817 0
37818 1
37819 1
37820 0
37821 0
37822 2
37823 0
37824 0
37825 0
37826 0
37827 2
37828 0
37829 0
37830 0
37831 0
37832 0
37833 1
37834 0
37835 1
37836 0
37837 0
37838 0
37839 0
37840 0
37841 0
37842 0
37843 0
37844 0
37845 0
37846 0
37847 1
37848 0
37849 0
37850 0
37851 0
37852 0
37853 0
37854 0
37855 0
37856 0
37857 0
37858 0
37859 0
37860 0
37861 0
37862 0
37863 0
37864 0
37865 0
37866 0
37867 0
37868 0
37869 1
37870 0
37871 2
37872 0
37873 0
37874 0
37875 0
37876 0
37877 0
37878 1
37879 0
37880 0
37881 1
37882 0
37883 1
37884 0
37885 0
37886 0
37887 0
37888 0
37889 0
37890 0
37891 0
37892 0
37893 0
37894 0
37895 1
37896 0
37897 1
37898 0
37899 1
37900 0
37901 0
37902 0
37903 0
37904 0
37905 0
37906 0
37907 0
37908 0
37909 0
37910 1
37911 0
37912 0
37913 0
37914 1
37915 0
37916 0
37917 0
37918 0
37919 0
37920 0
37921 0
37922 0
37923 0
37924 0
37925 0
37926 1
37927 0
37928 1
37929 0
37930 1
37931 0
37932 0
37933 0
37934 0
37935 0
37936 1
37937 0
37938 1
37939 0
37940 1
37941 0
37942 1
37943 0
37944 0
37945 0
37946 0
37947 0
37948 0
37949 0
37950 1
37951 0
37952 0
37953 1
37954 1
37955 0
37956 0
37957 1
37958 0
37959 0
37960 1
37961 1
37962 1
37963 1
37964 0
37965 0
37966 1
37967 0
37968 0
37969 0
37970 1
37971 0
37972 1
37973 1
37974 0
37975 0
37976 0
37977 1
37978 0
37979 0
37980 0
37981 2
37982 0
37983 1
37984 0
37985 1
37986 1
37987 0
37988 0
37989 1
37990 0
37991 1
37992 0
37993 0
37994 0
37995 1
37996 0
37997 0
37998 0
37999 2
38000 0
38001 1
38002 0
38003 2
38004 0
38005 0
38006 0
38007 0
38008 0
38009 0
38010 0
38011 0
38012 0
38013 0
38014 1
38015 0
38016 0
38017 1
38018 0
38019 1
38020 0
38021 0
38022 0
38023 0
38024 0
38025 1
38026 1
38027 0
38028 0
38029 0
38030 0
38031 1
38032 0
38033 0
38034 1
38035 0
38036 0
38037 0
38038 2
38039 0
38040 0
38041 0
38042 0
38043 0
38044 0
38045 0
38046 1
38047 0
38048 0
38049 0
38050 1
38051 0
38052 1
38053 0
38054 0
38055 0
38056 1
38057 0
38058 1
38059 0
38060 0
38061 0
38062 0
38063 0
38064 0
38065 0
38066 1
38067 0
38068 0
38069 0
38070 0
38071 0
38072 0
38073 1
38074 0
38075 0
38076 0
38077 0
38078 0
38079 0
38080 1
38081 0
38082 0
38083 0
38084 0
38085 0
38086 0
38087 0
38088 0
38089 0
38090 1
38091 0
38092 0
38093 0
38094 0
38095 0
38096 0
38097 1
38098 0
38099 0
38100 0
38101 0
38102 0
38103 0
38104 0
38105 1
38106 0
38107 0
38108 0
38109 0
38110 0
38111 0
38112 0
38113 0
38114 0
38115 0
38116 0
38117 0
38118 0
38119 0
38120 0
38121 0
38122 0
38123 1
38124 0
38125 1
38126 0
38127 1
38128 0
38129 0
38130 1
38131 0
38132 0
38133 0
38134 0
38135 0
38136 0
38137 1
38138 0
38139 0
38140 0
38141 0
38142 0
38143 1
38144 0
38145 0
38146 0
38147 0
38148 0
38149 0
38150 0
38151 0
38152 0
38153 0
38154 0
38155 0
38156 0
38157 0
38158 0
38159 0
38160 0
38161 0
38162 0
38163 0
38164 1
38165 0
38166 0
38167 0
38168 0
38169 0
38170 0
38171 0
38172 0
38173 0
38174 0
38175 0
38176 1
38177 0
38178 1
38179 0
38180 0
38181 0
38182 1
38183 0
38184 0
38185 0
38186 1
38187 0
38188 0
38189 0
38190 1
38191 0
38192 0
38193 0
38194 0
38195 0
38196 0
38197 0
38198 0
38199 1
38200 0
38201 0
38202 0
38203 0
38204 2
38205 0
38206 0
38207 0
38208 0
38209 1
38210 0
38211 0
38212 0
38213 1
38214 0
38215 0
38216 0
38217 0
38218 0
38219 0
38220 0
38221 0
38222 0
38223 0
38224 0
38225 0
38226 0
38227 0
38228 0
38229 0
38230 0
38231 2
38232 0
38233 0
38234 0
38235 2
38236 0
38237 0
38238 0
38239 0
38240 0
38241 1
38242 0
38243 0
38244 0
38245 1
38246 0
38247 0
38248 0
38249 0
38250 0
38251 0
38252 0
38253 0
38254 0
38255 0
38256 2
38257 0
38258 0
38259 0
38260 0
38261 0
38262 0
38263 0
38264 0
38265 0
38266 0
38267 0
38268 1
38269 0
38270 0
38271 0
38272 1
38273 0
38274 0
38275 0
38276 0
38277 0
38278 0
38279 1
38280 0
38281 0
38282 0
38283 0
38284 1
38285 0
38286 0
38287 1
38288 0
38289 0
38290 0
38291 0
38292 0
38293 0
38294 1
38295 0
38296 0
38297 0
38298 1
38299 0
38300 1
38301 0
38302 1
38303 0
38304 0
38305 0
38306 0
38307 0
38308 0
38309 0
38310 0
38311 1
38312 0
38313 0
38314 1
38315 0
38316 0
38317 0
38318 0
38319 0
38320 1
38321 0
38322 0
38323 1
38324 0
38325 0
38326 1
38327 0
38328 1
38329 0
38330 1
38331 0
38332 0
38333 0
38334 1
38335 0
38336 0
38337 0
38338 1
38339 0
38340 1
38341 0
38342 0
38343 0
38344 0
38345 0
38346 1
38347 0
38348 0
38349 0
38350 0
38351 0
38352 0
38353 1
38354 0
38355 1
38356 0
38357 0
38358 0
38359 0
38360 0
38361 0
38362 0
38363 0
38364 0
38365 0
38366 0
38367 0
38368 0
38369 1
38370 0
38371 0
38372 0
38373 1
38374 0
38375 0
38376 0
38377 0
38378 0
38379 1
38380 0
38381 0
38382 0
38383 0
38384 0
38385 1
38386 0
38387 0
38388 0
38389 0
38390 0
38391 0
38392 1
38393 2
38394 0
38395 0
38396 1
38397 1
38398 0
38399 0
38400 0
38401 0
38402 0
38403 0
38404 0
38405 0
38406 0
38407 0
38408 0
38409 2
38410 0
38411 0
38412 1
38413 0
38414 1
38415 0
38416 0
38417 0
38418 0
38419 1
38420 0
38421 0
38422 0
38423 0
38424 1
38425 0
38426 1
38427 0
38428 0
38429 0
38430 0
38431 0
38432 0
38433 0
38434 0
38435 0
38436 0
38437 0
38438 0
38439 0
38440 0
38441 0
38442 0
38443 0
38444 0
38445 0
38446 1
38447 0
38448 0
38449 0
38450 1
38451 0
38452 0
38453 0
38454 0
38455 0
38456 0
38457 0
38458 1
38459 0
38460 0
38461 0
38462 0
38463 0
38464 0
38465 0
38466 0
38467 0
38468 0
38469 0
38470 0
38471 0
38472 0
38473 1
38474 0
38475 0
38476 1
38477 0
38478 0
38479 0
38480 0
38481 0
38482 0
38483 1
38484 0
38485 0
38486 0
38487 1
38488 0
38489 0
38490 0
38491 0
38492 0
38493 0
38494 0
38495 0
38496 0
38497 0
38498 1
38499 0
38500 0
38501 0
38502 0
38503 0
38504 0
38505 0
38506 0
38507 0
38508 0
38509 0
38510 0
38511 0
38512 0
38513 0
38514 0
38515 0
38516 0
38517 0
38518 0
38519 2
38520 0
38521 1
38522 0
38523 0
38524 0
38525 0
38526 1
38527 0
38528 0
38529 0
38530 1
38531 0
38532 0
38533 0
38534 0
38535 0
38536 0
38537 0
38538 1
38539 0
38540 0
38541 0
38542 1
38543 0
38544 0
38545 1
38546 0
38547 0
38548 0
38549 0
38550 0
38551 0
38552 1
38553 0
38554 0
38555 0
38556 1
38557 0
38558 0
38559 0
38560 0
38561 0
38562 0
38563 0
38564 0
38565 1
38566 0
38567 0
38568 0
38569 0
38570 1
38571 0
38572 0
38573 0
38574 0
38575 1
38576 0
38577 0
38578 1
38579 0
38580 1
38581 0
38582 0
38583 0
38584 0
38585 0
38586 0
38587 0
38588 0
38589 1
38590 0
38591 0
38592 0
38593 0
38594 0
38595 0
38596 1
38597 0
38598 0
38599 0
38600 0
38601 0
38602 0
38603 1
38604 0
38605 1
38606 0
38607 0
38608 0
38609 0
38610 0
38611 0
38612 0
38613 0
38614 0
38615 0
38616 0
38617 1
38618 0
38619 0
38620 0
38621 0
38622 0
38623 3
38624 0
38625 0
38626 0
38627 0
38628 0
38629 0
38630 0
38631 0
38632 0
38633 0
38634 0
38635 0
38636 0
38637 0
38638 0
38639 0
38640 0
38641 0
38642 0
38643 0
38644 0
38645 0
38646 0
38647 0
38648 0
38649 0
38650 0
38651 1
38652 0
38653 0
38654 0
38655 0
38656 0
38657 0
38658 0
38659 0
38660 0
38661 0
38662 3
38663 0
38664 0
38665 0
38666 0
38667 0
38668 1
38669 0
38670 0
38671 0
38672 0
38673 0
38674 0
38675 1
38676 0
38677 0
38678 0
38679 0
38680 0
38681 0
38682 1
38683 0
38684 0
38685 0
38686 0
38687 0
38688 0
38689 0
38690 1
38691 0
38692 2
38693 0
38694 2
38695 0
38696 1
38697 0
38698 1
38699 0
38700 0
38701 0
38702 0
38703 0
38704 0
38705 0
38706 0
38707 1
38708 0
38709 0
38710 0
38711 0
38712 0
38713 1
38714 0
38715 0
38716 0
38717 0
38718 0
38719 0
38720 0
38721 0
38722 0
38723 0
38724 0
38725 0
38726 0
38727 0
38728 0
38729 0
38730 0
38731 0
38732 1
38733 1
38734 0
38735 0
38736 0
38737 0
38738 0
38739 0
38740 0
38741 0
38742 0
38743 0
38744 0
38745 0
38746 0
38747 0
38748 0
38749 1
38750 0
38751 0
38752 0
38753 0
38754 0
38755 1
38756 0
38757 1
38758 0
38759 0
38760 0
38761 0
38762 0
38763 0
38764 0
38765 0
38766 0
38767 0
38768 0
38769 0
38770 0
38771 1
38772 0
38773 0
38774 0
38775 1
38776 1
38777 0
38778 1
38779 0
38780 0
38781 0
38782 0
38783 1
38784 0
38785 0
38786 0
38787 0
38788 0
38789 0
38790 0
38791 0
38792 0
38793 0
38794 0
38795 1
38796 0
38797 0
38798 0
38799 0
38800 0
38801 0
38802 0
38803 0
38804 0
38805 0
38806 0
38807 0
38808 0
38809 0
38810 0
38811 0
38812 0
38813 0
38814 0
38815 0
38816 0
38817 0
38818 1
38819 0
38820 0
38821 0
38822 0
38823 0
38824 0
38825 0
38826 0
38827 0
38828 0
38829 0
38830 0
38831 0
38832 0
38833 0
38834 1
38835 0
38836 0
38837 0
38838 0
38839 0
38840 0
38841 0
38842 0
38843 0
38844 0
38845 0
38846 0
38847 0
38848 0
38849 0
38850 0
38851 0
38852 0
38853 0
38854 0
38855 0
38856 0
38857 0
38858 0
38859 0
38860 0
38861 1
38862 0
38863 0
38864 0
38865 0
38866 0
38867 0
38868 0
38869 0
38870 0
38871 0
38872 0
38873 0
38874 0
38875 0
38876 0
38877 0
38878 0
38879 0
38880 0
38881 3
38882 0
38883 0
38884 0
38885 0
38886 0
38887 0
38888 0
38889 2
38890 0
38891 0
38892 0
38893 0
38894 0
38895 0
38896 0
38897 0
38898 0
38899 1
38900 0
38901 0
38902 0
38903 0
38904 0
38905 0
38906 0
38907 1
38908 0
38909 0
38910 0
38911 0
38912 0
38913 0
38914 0
38915 0
38916 0
38917 0
38918 0
38919 0
38920 1
38921 0
38922 0
38923 0
38924 3
38925 0
38926 0
38927 0
38928 0
38929 0
38930 0
38931 0
38932 0
38933 0
38934 0
38935 0
38936 0
38937 0
38938 0
38939 0
38940 1
38941 0
38942 0
38943 0
38944 0
38945 0
38946 0
38947 0
38948 0
38949 0
38950 0
38951 0
38952 1
38953 0
38954 0
38955 0
38956 0
38957 0
38958 0
38959 0
38960 0
38961 0
38962 0
38963 0
38964 0
38965 0
38966 1
38967 0
38968 0
38969 0
38970 0
38971 0
38972 0
38973 0
38974 0
38975 0
38976 0
38977 0
38978 0
38979 0
38980 0
38981 0
38982 0
38983 0
38984 0
38985 1
38986 0
38987 0
38988 0
38989 1
38990 0
38991 1
38992 0
38993 0
38994 0
38995 0
38996 0
38997 0
38998 0
38999 0
39000 0
39001 0
39002 0
39003 0
39004 0
39005 0
39006 0
39007 0
39008 1
39009 0
39010 0
39011 0
39012 0
39013 0
39014 0
39015 1
39016 0
39017 0
39018 0
39019 1
39020 0
39021 0
39022 0
39023 0
39024 0
39025 0
39026 1
39027 0
39028 0
39029 0
39030 0
39031 0
39032 0
39033 0
39034 0
39035 0
39036 0
39037 0
39038 0
39039 0
39040 0
39041 0
39042 0
39043 0
39044 0
39045 1
39046 1
39047 0
39048 0
39049 0
39050 0
39051 0
39052 0
39053 0
39054 0
39055 0
39056 0
39057 0
39058 0
39059 0
39060 0
39061 0
39062 0
39063 0
39064 1
39065 0
39066 0
39067 1
39068 0
39069 0
39070 0
39071 0
39072 0
39073 0
39074 0
39075 0
39076 0
39077 0
39078 2
39079 0
39080 0
39081 0
39082 0
39083 0
39084 0
39085 0
39086 0
39087 0
39088 0
39089 0
39090 0
39091 1
39092 0
39093 0
39094 0
39095 1
39096 0
39097 0
39098 0
39099 0
39100 0
39101 0
39102 0
39103 0
39104 0
39105 0
39106 0
39107 0
39108 0
39109 0
39110 0
39111 0
39112 0
39113 1
39114 0
39115 1
39116 0
39117 0
39118 0
39119 0
39120 0
39121 0
39122 0
39123 0
39124 0
39125 1
39126 0
39127 0
39128 0
39129 0
39130 0
39131 1
39132 0
39133 0
39134 0
39135 0
39136 0
39137 0
39138 0
39139 0
39140 0
39141 0
39142 0
39143 1
39144 1
39145 1
39146 0
39147 0
39148 0
39149 0
39150 0
39151 1
39152 1
39153 0
39154 0
39155 1
39156 0
39157 0
39158 0
39159 0
39160 0
39161 0
39162 0
39163 0
39164 0
39165 0
39166 1
39167 0
39168 0
39169 0
39170 0
39171 0
39172 0
39173 0
39174 0
39175 0
39176 1
39177 0
39178 0
39179 0
39180 0
39181 0
39182 0
39183 0
39184 2
39185 0
39186 0
39187 0
39188 0
39189 0
39190 0
39191 0
39192 0
39193 0
39194 1
39195 0
39196 0
39197 0
39198 0
39199 0
39200 0
39201 0
39202 0
39203 0
39204 0
39205 0
39206 0
39207 0
39208 0
39209 0
39210 0
39211 0
39212 1
39213 0
39214 0
39215 0
39216 0
39217 0
39218 0
39219 0
39220 0
39221 1
39222 0
39223 0
39224 0
39225 1
39226 1
39227 0
39228 0
39229 0
39230 0
39231 0
39232 0
39233 0
39234 0
39235 0
39236 0
39237 1
39238 0
39239 0
39240 0
39241 0
39242 0
39243 0
39244 0
39245 0
39246 0
39247 0
39248 0
39249 0
39250 0
39251 0
39252 0
39253 0
39254 0
39255 0
39256 0
39257 0
39258 0
39259 0
39260 0
39261 0
39262 0
39263 1
39264 0
39265 0
39266 0
39267 1
39268 0
39269 1
39270 0
39271 0
39272 0
39273 0
39274 0
39275 0
39276 1
39277 0
39278 0
39279 0
39280 0
39281 0
39282 0
39283 0
39284 0
39285 0
39286 0
39287 0
39288 0
39289 1
39290 0
39291 0
39292 0
39293 0
39294 0
39295 0
39296 0
39297 0
39298 0
39299 0
39300 0
39301 0
39302 0
39303 0
39304 1
39305 0
39306 1
39307 0
39308 1
39309 0
39310 0
39311 0
39312 0
39313 0
39314 0
39315 0
39316 0
39317 0
39318 0
39319 0
39320 0
39321 0
39322 1
39323 0
39324 0
39325 0
39326 0
39327 0
39328 0
39329 1
39330 0
39331 0
39332 0
39333 0
39334 0
39335 0
39336 1
39337 0
39338 0
39339 0
39340 0
39341 0
39342 0
39343 0
39344 0
39345 0
39346 0
39347 0
39348 0
39349 0
39350 0
39351 0
39352 0
39353 0
39354 0
39355 0
39356 0
39357 0
39358 0
39359 0
39360 0
39361 1
39362 0
39363 0
39364 0
39365 0
39366 0
39367 0
39368 0
39369 0
39370 0
39371 1
39372 0
39373 0
39374 0
39375 1
39376 0
39377 0
39378 0
39379 1
39380 0
39381 0
39382 0
39383 0
39384 0
39385 0
39386 0
39387 0
39388 0
39389 0
39390 0
39391 1
39392 0
39393 1
39394 0
39395 0
39396 0
39397 0
39398 0
39399 0
39400 0
39401 0
39402 0
39403 0
39404 0
39405 0
39406 0
39407 0
39408 0
39409 1
39410 0
39411 0
39412 0
39413 0
39414 0
39415 0
39416 0
39417 0
39418 0
39419 0
39420 0
39421 0
39422 0
39423 0
39424 0
39425 0
39426 0
39427 0
39428 0
39429 0
39430 0
39431 0
39432 1
39433 0
39434 1
39435 0
39436 1
39437 0
39438 0
39439 0
39440 0
39441 0
39442 0
39443 0
39444 0
39445 0
39446 0
39447 0
39448 0
39449 0
39450 0
39451 0
39452 0
39453 0
39454 0
39455 0
39456 1
39457 0
39458 0
39459 0
39460 0
39461 0
39462 0
39463 0
39464 0
39465 0
39466 1
39467 0
39468 0
39469 0
39470 0
39471 0
39472 0
39473 0
39474 0
39475 0
39476 0
39477 0
39478 1
39479 0
39480 0
39481 0
39482 0
39483 0
39484 0
39485 0
39486 1
39487 0
39488 0
39489 0
39490 0
39491 0
39492 0
39493 0
39494 0
39495 0
39496 0
39497 0
39498 0
39499 0
39500 0
39501 0
39502 0
39503 1
39504 0
39505 0
39506 0
39507 0
39508 0
39509 0
39510 0
39511 0
39512 0
39513 0
39514 0
39515 1
39516 0
39517 0
39518 0
39519 0
39520 0
39521 0
39522 0
39523 0
39524 0
39525 0
39526 0
39527 0
39528 0
39529 0
39530 0
39531 0
39532 0
39533 0
39534 0
39535 0
39536 0
39537 0
39538 0
39539 0
39540 0
39541 0
39542 0
39543 0
39544 0
39545 0
39546 0
39547 0
39548 0
39549 0
39550 0
39551 0
39552 1
39553 0
39554 0
39555 0
39556 0
39557 0
39558 0
39559 0
39560 0
39561 0
39562 0
39563 0
39564 0
39565 0
39566 0
39567 0
39568 0
39569 0
39570 0
39571 0
39572 0
39573 0
39574 0
39575 0
39576 0
39577 0
39578 0
39579 0
39580 1
39581 0
39582 0
39583 0
39584 0
39585 0
39586 0
39587 0
39588 1
39589 0
39590 0
39591 0
39592 0
39593 0
39594 0
39595 0
39596 0
39597 0
39598 0
39599 0
39600 1
39601 0
39602 0
39603 0
39604 0
39605 0
39606 0
39607 0
39608 0
39609 0
39610 0
39611 0
39612 0
39613 1
39614 0
39615 1
39616 0
39617 0
39618 0
39619 0
39620 0
39621 0
39622 0
39623 0
39624 0
39625 1
39626 0
39627 0
39628 0
39629 0
39630 0
39631 0
39632 0
39633 1
39634 0
39635 0
39636 0
39637 0
39638 0
39639 0
39640 0
39641 0
39642 0
39643 0
39644 0
39645 0
39646 0
39647 0
39648 0
39649 0
39650 0
39651 0
39652 0
39653 0
39654 0
39655 0
39656 1
39657 1
39658 0
39659 0
39660 0
39661 0
39662 0
39663 0
39664 0
39665 0
39666 0
39667 0
39668 0
39669 0
39670 0
39671 0
39672 1
39673 0
39674 0
39675 0
39676 0
39677 0
39678 0
39679 0
39680 0
39681 0
39682 0
39683 1
39684 0
39685 0
39686 0
39687 0
39688 0
39689 0
39690 0
39691 0
39692 0
39693 0
39694 0
39695 0
39696 0
39697 0
39698 0
39699 0
39700 0
39701 0
39702 0
39703 0
39704 0
39705 0
39706 0
39707 0
39708 0
39709 0
39710 1
39711 0
39712 0
39713 0
39714 1
39715 0
39716 0
39717 0
39718 0
39719 0
39720 0
39721 0
39722 0
39723 0
39724 0
39725 0
39726 0
39727 1
39728 0
39729 1
39730 0
39731 0
39732 0
39733 0
39734 1
39735 0
39736 0
39737 0
39738 0
39739 0
39740 1
39741 0
39742 0
39743 1
39744 0
39745 0
39746 0
39747 1
39748 0
39749 0
39750 0
39751 0
39752 0
39753 0
39754 0
39755 0
39756 0
39757 1
39758 0
39759 0
39760 0
39761 2
39762 0
39763 0
39764 0
39765 0
39766 0
39767 0
39768 0
39769 0
39770 0
39771 0
39772 0
39773 0
39774 0
39775 0
39776 0
39777 0
39778 0
39779 0
39780 0
39781 0
39782 0
39783 0
39784 0
39785 0
39786 0
39787 0
39788 0
39789 0
39790 0
39791 0
39792 1
39793 1
39794 0
39795 0
39796 0
39797 0
39798 0
39799 0
39800 0
39801 0
39802 0
39803 0
39804 0
39805 0
39806 0
39807 0
39808 0
39809 0
39810 0
39811 0
39812 0
39813 0
39814 0
39815 0
39816 0
39817 0
39818 1
39819 0
39820 0
39821 0
39822 0
39823 0
39824 0
39825 0
39826 0
39827 0
39828 0
39829 0
39830 0
39831 0
39832 0
39833 0
39834 0
39835 0
39836 0
39837 0
39838 0
39839 0
39840 0
39841 0
39842 0
39843 0
39844 0
39845 0
39846 0
39847 0
39848 0
39849 1
39850 0
39851 0
39852 0
39853 0
39854 1
39855 0
39856 0
39857 0
39858 0
39859 0
39860 0
39861 0
39862 0
39863 0
39864 0
39865 0
39866 0
39867 0
39868 0
39869 1
39870 0
39871 0
39872 0
39873 0
39874 0
39875 0
39876 0
39877 0
39878 0
39879 0
39880 0
39881 0
39882 0
39883 0
39884 0
39885 1
39886 0
39887 0
39888 0
39889 0
39890 0
39891 0
39892 0
39893 0
39894 0
39895 0
39896 0
39897 1
39898 0
39899 0
39900 0
39901 0
39902 1
39903 0
39904 0
39905 0
39906 0
39907 0
39908 0
39909 0
39910 0
39911 0
39912 0
39913 0
39914 0
39915 0
39916 0
39917 0
39918 1
39919 0
39920 0
39921 0
39922 0
39923 0
39924 0
39925 0
39926 0
39927 0
39928 1
39929 0
39930 0
39931 0
39932 0
39933 0
39934 0
39935 0
39936 0
39937 0
39938 0
39939 0
39940 0
39941 0
39942 0
39943 0
39944 0
39945 0
39946 0
39947 0
39948 1
39949 0
39950 1
39951 1
39952 0
39953 0
39954 0
39955 0
39956 0
39957 0
39958 0
39959 1
39960 2
39961 0
39962 1
39963 0
39964 0
39965 0
39966 0
39967 0
39968 1
39969 0
39970 0
39971 0
39972 0
39973 0
39974 0
39975 0
39976 0
39977 1
39978 0
39979 0
39980 0
39981 0
39982 0
39983 0
39984 0
39985 0
39986 1
39987 0
39988 0
39989 0
39990 0
39991 0
39992 0
39993 0
39994 0
39995 0
39996 0
39997 0
39998 0
39999 1
40000 0
40001 0
40002 0
40003 0
40004 0
40005 0
40006 0
40007 0
40008 0
40009 1
40010 0
40011 0
40012 0
40013 0
40014 1
40015 0
40016 0
40017 0
40018 0
40019 0
40020 0
40021 0
40022 0
40023 0
40024 0
40025 0
40026 0
40027 0
40028 1
40029 0
40030 0
40031 0
40032 0
40033 0
40034 0
40035 0
40036 0
40037 0
40038 1
40039 0
40040 0
40041 0
40042 0
40043 0
40044 0
40045 0
40046 0
40047 0
40048 0
40049 0
40050 0
40051 0
40052 0
40053 0
40054 0
40055 0
40056 0
40057 0
40058 0
40059 0
40060 0
40061 0
40062 0
40063 0
40064 0
40065 0
40066 0
40067 0
40068 0
40069 0
40070 0
40071 0
40072 0
40073 0
40074 0
40075 0
40076 0
40077 0
40078 0
40079 0
40080 0
40081 0
40082 0
40083 0
40084 0
40085 0
40086 0
40087 0
40088 0
40089 0
40090 0
40091 0
40092 0
40093 0
40094 0
40095 0
40096 0
40097 0
40098 0
40099 0
40100 0
40101 0
40102 0
40103 0
40104 0
40105 0
40106 0
40107 0
40108 0
40109 0
40110 0
40111 0
40112 0
40113 0
40114 0
40115 0
40116 0
40117 0
40118 0
40119 0
40120 0
40121 0
40122 0
40123 0
40124 0
40125 0
40126 0
40127 0
40128 0
40129 0
40130 0
40131 0
40132 0
40133 0
40134 0
40135 0
40136 0
40137 0
40138 0
40139 0
40140 0
40141 0
40142 0
40143 0
40144 0
40145 0
40146 0
40147 0
40148 0
40149 0
40150 0
40151 1
40152 0
40153 0
40154 0
40155 0
40156 0
40157 0
40158 0
40159 0
40160 2
40161 0
40162 0
40163 0
40164 0
40165 0
40166 0
40167 0
40168 0
40169 0
40170 0
40171 0
40172 1
40173 0
40174 0
40175 0
40176 0
40177 0
40178 0
40179 0
40180 0
40181 0
40182 0
40183 0
40184 0
40185 0
40186 1
40187 0
40188 0
40189 0
40190 0
40191 0
40192 0
40193 0
40194 0
40195 0
40196 0
40197 0
40198 0
40199 0
40200 0
40201 0
40202 0
40203 0
40204 0
40205 0
40206 0
40207 0
40208 0
40209 0
40210 0
40211 0
40212 0
40213 0
40214 0
40215 0
40216 0
40217 0
40218 0
40219 0
40220 0
40221 0
40222 0
40223 0
40224 1
40225 0
40226 0
40227 0
40228 0
40229 0
40230 1
40231 0
40232 0
40233 0
40234 0
40235 0
40236 1
40237 0
40238 0
40239 1
40240 0
40241 0
40242 0
40243 0
40244 0
40245 0
40246 0
40247 0
40248 0
40249 0
40250 0
40251 0
40252 0
40253 1
40254 0
40255 0
40256 0
40257 0
40258 0
40259 1
40260 0
40261 0
40262 0
40263 0
40264 0
40265 0
40266 1
40267 0
40268 0
40269 0
40270 0
40271 0
40272 0
40273 0
40274 0
40275 0
40276 0
40277 0
40278 0
40279 1
40280 0
40281 0
40282 0
40283 0
40284 0
40285 0
40286 0
40287 0
40288 1
40289 0
40290 0
40291 0
40292 0
40293 0
40294 0
40295 0
40296 0
40297 0
40298 0
40299 1
40300 0
40301 0
40302 0
40303 0
40304 0
40305 0
40306 1
40307 0
40308 1
40309 0
40310 0
40311 0
40312 0
40313 0
40314 0
40315 0
40316 0
40317 0
40318 0
40319 0
40320 0
40321 0
40322 0
40323 0
40324 0
40325 0
40326 0
40327 0
40328 0
40329 1
40330 0
40331 0
40332 0
40333 0
40334 0
40335 0
40336 0
40337 0
40338 0
40339 0
40340 0
40341 0
40342 0
40343 0
40344 0
40345 0
40346 0
40347 0
40348 0
40349 0
40350 0
40351 0
40352 0
40353 0
40354 0
40355 0
40356 0
40357 0
40358 0
40359 0
40360 0
40361 0
40362 1
40363 1
40364 0
40365 0
40366 0
40367 0
40368 0
40369 0
40370 0
40371 0
40372 0
40373 0
40374 0
40375 0
40376 0
40377 0
40378 0
40379 0
40380 0
40381 0
40382 0
40383 0
40384 0
40385 0
40386 0
40387 0
40388 0
40389 0
40390 0
40391 0
40392 0
40393 0
40394 0
40395 0
40396 0
40397 0
40398 0
40399 0
40400 0
40401 1
40402 0
40403 0
40404 0
40405 0
40406 0
40407 0
40408 0
40409 0
40410 0
40411 0
40412 0
40413 0
40414 0
40415 0
40416 0
40417 0
40418 1
40419 0
40420 0
40421 0
40422 0
40423 0
40424 0
40425 0
40426 0
40427 0
40428 0
40429 0
40430 0
40431 0
40432 0
40433 0
40434 0
40435 0
40436 0
40437 0
40438 1
40439 0
40440 0
40441 0
40442 0
40443 0
40444 0
40445 0
40446 0
40447 0
40448 0
40449 0
40450 0
40451 0
40452 0
40453 0
40454 0
40455 0
40456 0
40457 0
40458 0
40459 0
40460 0
40461 1
40462 0
40463 0
40464 0
40465 0
40466 0
40467 0
40468 0
40469 0
40470 0
40471 0
40472 0
40473 0
40474 0
40475 0
40476 0
40477 0
40478 1
40479 0
40480 0
40481 1
40482 0
40483 0
40484 0
40485 0
40486 0
40487 0
40488 0
40489 0
40490 0
40491 0
40492 0
40493 0
40494 0
40495 0
40496 0
40497 0
40498 0
40499 0
40500 0
40501 0
40502 0
40503 1
40504 0
40505 0
40506 0
40507 0
40508 0
40509 0
40510 0
40511 0
40512 0
40513 0
40514 0
40515 0
40516 0
40517 0
40518 0
40519 1
40520 0
40521 0
40522 0
40523 1
40524 0
40525 0
40526 0
40527 0
40528 0
40529 0
40530 0
40531 1
40532 0
40533 0
40534 0
40535 0
40536 0
40537 0
40538 0
40539 0
40540 0
40541 0
40542 0
40543 0
40544 0
40545 0
40546 0
40547 0
40548 0
40549 0
40550 0
40551 0
40552 0
40553 0
40554 0
40555 0
40556 0
40557 0
40558 0
40559 0
40560 0
40561 0
40562 0
40563 0
40564 0
40565 0
40566 0
40567 0
40568 0
40569 0
40570 0
40571 0
40572 1
40573 0
40574 1
40575 0
40576 0
40577 0
40578 0
40579 0
40580 0
40581 0
40582 0
40583 0
40584 0
40585 0
40586 0
40587 0
40588 0
40589 0
40590 0
40591 0
40592 0
40593 0
40594 0
40595 0
40596 0
40597 1
40598 0
40599 0
40600 0
40601 0
40602 0
40603 0
40604 0
40605 0
40606 0
40607 0
40608 0
40609 0
40610 0
40611 0
40612 0
40613 0
40614 0
40615 1
40616 0
40617 1
40618 0
40619 0
40620 0
40621 0
40622 0
40623 0
40624 0
40625 0
40626 0
40627 0
40628 0
40629 0
40630 0
40631 0
40632 0
40633 0
40634 0
40635 0
40636 0
40637 0
40638 0
40639 0
40640 0
40641 0
40642 0
40643 2
40644 0
40645 0
40646 0
40647 0
40648 0
40649 0
40650 0
40651 0
40652 0
40653 1
40654 0
40655 0
40656 0
40657 0
40658 0
40659 0
40660 0
40661 0
40662 0
40663 0
40664 0
40665 1
40666 0
40667 0
40668 0
40669 0
40670 0
40671 0
40672 0
40673 0
40674 0
40675 0
40676 0
40677 0
40678 0
40679 0
40680 0
40681 0
40682 0
40683 0
40684 0
40685 0
40686 0
40687 0
40688 0
40689 0
40690 0
40691 0
40692 0
40693 0
40694 0
40695 0
40696 0
40697 0
40698 0
40699 0
40700 0
40701 0
40702 0
40703 0
40704 0
40705 0
40706 0
40707 0
40708 0
40709 1
40710 0
40711 0
40712 0
40713 0
40714 0
40715 0
40716 0
40717 0
40718 0
40719 2
40720 0
40721 1
40722 0
40723 0
40724 0
40725 0
40726 0
40727 0
40728 1
40729 0
40730 0
40731 0
40732 1
40733 0
40734 0
40735 1
40736 0
40737 0
40738 0
40739 0
40740 0
40741 0
40742 0
40743 0
40744 0
40745 0
40746 0
40747 0
40748 1
40749 0
40750 0
40751 0
40752 0
40753 0
40754 0
40755 0
40756 0
40757 0
40758 0
40759 0
40760 0
40761 0
40762 0
40763 0
40764 0
40765 0
40766 0
40767 0
40768 0
40769 0
40770 0
40771 2
40772 0
40773 0
40774 0
40775 0
40776 0
40777 0
40778 0
40779 0
40780 0
40781 0
40782 0
40783 0
40784 0
40785 0
40786 0
40787 0
40788 0
40789 0
40790 0
40791 0
40792 1
40793 0
40794 0
40795 0
40796 0
40797 0
40798 0
40799 0
40800 0
40801 0
40802 1
40803 0
40804 0
40805 0
40806 0
40807 0
40808 0
40809 0
40810 0
40811 0
40812 0
40813 1
40814 1
40815 0
40816 0
40817 0
40818 0
40819 0
40820 0
40821 0
40822 0
40823 0
40824 0
40825 0
40826 0
40827 0
40828 0
40829 0
40830 0
40831 0
40832 0
40833 0
40834 0
40835 0
40836 0
40837 0
40838 1
40839 0
40840 1
40841 0
40842 0
40843 0
40844 0
40845 0
40846 0
40847 0
40848 1
40849 1
40850 0
40851 0
40852 0
40853 0
40854 0
40855 0
40856 0
40857 0
40858 0
40859 0
40860 0
40861 0
40862 0
40863 0
40864 1
40865 0
40866 0
40867 0
40868 0
40869 0
40870 0
40871 1
40872 1
40873 0
40874 0
40875 0
40876 0
40877 0
40878 0
40879 1
40880 0
40881 0
40882 0
40883 0
40884 0
40885 0
40886 0
40887 0
40888 0
40889 0
40890 0
40891 0
40892 0
40893 0
40894 0
40895 0
40896 0
40897 0
40898 0
40899 0
40900 0
40901 0
40902 0
40903 1
40904 0
40905 0
40906 0
40907 0
40908 0
40909 0
40910 0
40911 0
40912 0
40913 0
40914 0
40915 0
40916 0
40917 0
40918 0
40919 0
40920 0
40921 0
40922 0
40923 0
40924 0
40925 0
40926 1
40927 0
40928 0
40929 0
40930 0
40931 0
40932 0
40933 0
40934 0
40935 0
40936 0
40937 0
40938 0
40939 0
40940 0
40941 0
40942 0
40943 0
40944 0
40945 0
40946 0
40947 0
40948 1
40949 0
40950 0
40951 0
40952 0
40953 0
40954 0
40955 0
40956 0
40957 0
40958 0
40959 0
40960 0
40961 0
40962 0
40963 0
40964 0
40965 0
40966 0
40967 0
40968 0
40969 0
40970 0
40971 0
40972 0
40973 0
40974 0
40975 0
40976 1
40977 0
40978 0
40979 0
40980 1
40981 0
40982 0
40983 1
40984 0
40985 1
40986 0
40987 0
40988 0
40989 0
40990 0
40991 1
40992 0
40993 0
40994 0
40995 1
40996 0
40997 0
40998 0
40999 0
41000 0
41001 0
41002 0
41003 0
41004 0
41005 0
41006 0
41007 1
41008 0
41009 0
41010 0
41011 0
41012 0
41013 0
41014 0
41015 0
41016 0
41017 0
41018 0
41019 1
41020 0
41021 0
41022 0
41023 0
41024 0
41025 0
41026 0
41027 0
41028 0
41029 0
41030 0
41031 0
41032 0
41033 0
41034 0
41035 0
41036 0
41037 0
41038 0
41039 0
41040 0
41041 0
41042 0
41043 0
41044 0
41045 0
41046 0
41047 0
41048 1
41049 0
41050 0
41051 0
41052 0
41053 0
41054 0
41055 1
41056 0
41057 1
41058 0
41059 0
41060 0
41061 0
41062 1
41063 0
41064 0
41065 0
41066 0
41067 0
41068 0
41069 0
41070 0
41071 0
41072 0
41073 0
41074 0
41075 0
41076 0
41077 0
41078 0
41079 0
41080 1
41081 0
41082 0
41083 0
41084 0
41085 0
41086 0
41087 0
41088 0
41089 0
41090 0
41091 0
41092 0
41093 0
41094 0
41095 0
41096 0
41097 0
41098 0
41099 0
41100 0
41101 0
41102 0
41103 1
41104 0
41105 0
41106 0
41107 0
41108 0
41109 0
41110 0
41111 0
41112 0
41113 1
41114 0
41115 0
41116 0
41117 0
41118 0
41119 0
41120 0
41121 0
41122 1
41123 0
41124 0
41125 1
41126 0
41127 0
41128 0
41129 0
41130 0
41131 0
41132 0
41133 0
41134 0
41135 0
41136 0
41137 1
41138 0
41139 0
41140 0
41141 0
41142 0
41143 0
41144 0
41145 0
41146 0
41147 0
41148 0
41149 1
41150 0
41151 0
41152 0
41153 0
41154 0
41155 0
41156 0
41157 0
41158 0
41159 0
41160 0
41161 0
41162 0
41163 0
41164 0
41165 0
41166 0
41167 1
41168 0
41169 0
41170 0
41171 0
41172 0
41173 0
41174 0
41175 0
41176 0
41177 0
41178 0
41179 0
41180 0
41181 0
41182 0
41183 0
41184 1
41185 0
41186 0
41187 0
41188 1
41189 0
41190 0
41191 0
41192 0
41193 0
41194 0
41195 0
41196 0
41197 0
41198 0
41199 0
41200 0
41201 0
41202 0
41203 0
41204 1
41205 0
41206 0
41207 0
41208 0
41209 0
41210 1
41211 0
41212 0
41213 0
41214 0
41215 0
41216 0
41217 0
41218 0
41219 0
41220 0
41221 0
41222 0
41223 0
41224 0
41225 0
41226 0
41227 0
41228 0
41229 0
41230 1
41231 0
41232 0
41233 0
41234 2
41235 0
41236 0
41237 0
41238 0
41239 1
41240 0
41241 0
41242 1
41243 0
41244 0
41245 0
41246 0
41247 1
41248 0
41249 1
41250 0
41251 0
41252 0
41253 0
41254 0
41255 0
41256 0
41257 0
41258 0
41259 1
41260 0
41261 0
41262 0
41263 1
41264 0
41265 0
41266 0
41267 0
41268 0
41269 0
41270 0
41271 0
41272 0
41273 0
41274 0
41275 0
41276 0
41277 1
41278 1
41279 0
41280 0
41281 0
41282 0
41283 0
41284 0
41285 0
41286 0
41287 0
41288 0
41289 1
41290 0
41291 0
41292 0
41293 0
41294 0
41295 0
41296 0
41297 0
41298 0
41299 0
41300 0
41301 0
41302 0
41303 0
41304 0
41305 1
41306 0
41307 0
41308 0
41309 0
41310 0
41311 0
41312 0
41313 0
41314 1
41315 0
41316 0
41317 0
41318 1
41319 0
41320 0
41321 0
41322 0
41323 0
41324 0
41325 0
41326 1
41327 0
41328 1
41329 0
41330 0
41331 0
41332 0
41333 0
41334 1
41335 0
41336 0
41337 0
41338 0
41339 0
41340 0
41341 0
41342 0
41343 0
41344 0
41345 0
41346 0
41347 0
41348 0
41349 0
41350 0
41351 0
41352 1
41353 0
41354 0
41355 0
41356 0
41357 0
41358 1
41359 1
41360 0
41361 0
41362 0
41363 1
41364 0
41365 0
41366 0
41367 0
41368 0
41369 0
41370 0
41371 0
41372 0
41373 0
41374 0
41375 0
41376 1
41377 0
41378 0
41379 2
41380 0
41381 0
41382 0
41383 0
41384 0
41385 1
41386 0
41387 0
41388 0
41389 0
41390 0
41391 0
41392 0
41393 0
41394 0
41395 1
41396 0
41397 0
41398 0
41399 0
41400 1
41401 0
41402 0
41403 0
41404 0
41405 0
41406 0
41407 0
41408 0
41409 0
41410 0
41411 0
41412 0
41413 0
41414 0
41415 0
41416 0
41417 0
41418 0
41419 0
41420 0
41421 0
41422 0
41423 0
41424 0
41425 0
41426 0
41427 0
41428 1
41429 0
41430 0
41431 0
41432 0
41433 0
41434 1
41435 0
41436 0
41437 0
41438 2
41439 0
41440 0
41441 0
41442 1
41443 0
41444 1
41445 0
41446 1
41447 0
41448 1
41449 0
41450 0
41451 0
41452 0
41453 0
41454 0
41455 0
41456 0
41457 0
41458 0
41459 0
41460 0
41461 0
41462 0
41463 0
41464 1
41465 0
41466 0
41467 0
41468 0
41469 0
41470 1
41471 0
41472 0
41473 0
41474 0
41475 0
41476 0
41477 0
41478 0
41479 0
41480 1
41481 1
41482 0
41483 0
41484 1
41485 0
41486 0
41487 0
41488 0
41489 0
41490 0
41491 0
41492 0
41493 0
41494 0
41495 0
41496 0
41497 0
41498 0
41499 0
41500 0
41501 0
41502 0
41503 0
41504 0
41505 1
41506 0
41507 0
41508 0
41509 1
41510 0
41511 0
41512 0
41513 0
41514 0
41515 1
41516 0
41517 0
41518 0
41519 0
41520 0
41521 0
41522 0
41523 1
41524 0
41525 0
41526 0
41527 0
41528 0
41529 0
41530 0
41531 0
41532 0
41533 0
41534 0
41535 0
41536 1
41537 1
41538 0
41539 0
41540 0
41541 1
41542 0
41543 0
41544 0
41545 1
41546 1
41547 0
41548 0
41549 0
41550 0
41551 0
41552 0
41553 0
41554 0
41555 0
41556 0
41557 0
41558 0
41559 0
41560 0
41561 0
41562 0
41563 0
41564 1
41565 0
41566 0
41567 0
41568 1
41569 0
41570 1
41571 0
41572 0
41573 0
41574 0
41575 0
41576 0
41577 0
41578 0
41579 0
41580 0
41581 0
41582 0
41583 0
41584 0
41585 0
41586 0
41587 0
41588 1
41589 0
41590 0
41591 1
41592 0
41593 0
41594 0
41595 0
41596 0
41597 0
41598 0
41599 0
41600 1
41601 0
41602 0
41603 0
41604 2
41605 0
41606 0
41607 0
41608 0
41609 0
41610 0
41611 0
41612 1
41613 0
41614 0
41615 0
41616 0
41617 0
41618 0
41619 0
41620 0
41621 0
41622 1
41623 0
41624 0
41625 0
41626 0
41627 0
41628 0
41629 0
41630 1
41631 0
41632 0
41633 0
41634 0
41635 0
41636 0
41637 0
41638 0
41639 0
41640 0
41641 0
41642 0
41643 0
41644 0
41645 0
41646 0
41647 0
41648 0
41649 0
41650 0
41651 0
41652 0
41653 0
41654 0
41655 1
41656 0
41657 0
41658 0
41659 0
41660 0
41661 0
41662 0
41663 0
41664 0
41665 0
41666 0
41667 0
41668 0
41669 0
41670 0
41671 0
41672 0
41673 0
41674 0
41675 0
41676 0
41677 0
41678 0
41679 0
41680 1
41681 1
41682 0
41683 0
41684 0
41685 0
41686 0
41687 0
41688 0
41689 0
41690 0
41691 0
41692 0
41693 0
41694 1
41695 1
41696 0
41697 0
41698 0
41699 0
41700 0
41701 0
41702 0
41703 0
41704 0
41705 0
41706 0
41707 0
41708 0
41709 0
41710 0
41711 0
41712 1
41713 0
41714 0
41715 1
41716 0
41717 1
41718 0
41719 0
41720 0
41721 0
41722 1
41723 0
41724 0
41725 0
41726 0
41727 0
41728 0
41729 0
41730 0
41731 0
41732 0
41733 0
41734 0
41735 0
41736 0
41737 0
41738 0
41739 0
41740 0
41741 0
41742 0
41743 1
41744 0
41745 0
41746 0
41747 0
41748 0
41749 0
41750 0
41751 0
41752 0
41753 1
41754 0
41755 0
41756 0
41757 0
41758 0
41759 0
41760 0
41761 0
41762 0
41763 0
41764 0
41765 1
41766 0
41767 0
41768 0
41769 0
41770 0
41771 0
41772 0
41773 0
41774 0
41775 0
41776 0
41777 0
41778 0
41779 0
41780 0
41781 1
41782 0
41783 0
41784 0
41785 0
41786 0
41787 0
41788 0
41789 0
41790 0
41791 0
41792 0
41793 0
41794 0
41795 1
41796 0
41797 0
41798 0
41799 0
41800 0
41801 0
41802 0
41803 0
41804 0
41805 0
41806 0
41807 0
41808 0
41809 0
41810 0
41811 0
41812 0
41813 0
41814 0
41815 0
41816 0
41817 1
41818 0
41819 0
41820 1
41821 0
41822 0
41823 0
41824 0
41825 0
41826 2
41827 0
41828 0
41829 0
41830 0
41831 0
41832 0
41833 0
41834 0
41835 0
41836 0
41837 0
41838 1
41839 0
41840 0
41841 0
41842 0
41843 1
41844 0
41845 0
41846 0
41847 0
41848 0
41849 0
41850 0
41851 0
41852 1
41853 0
41854 0
41855 0
41856 0
41857 0
41858 2
41859 0
41860 0
41861 0
41862 0
41863 0
41864 0
41865 0
41866 1
41867 0
41868 0
41869 0
41870 0
41871 1
41872 0
41873 0
41874 1
41875 0
41876 0
41877 0
41878 1
41879 1
41880 0
41881 0
41882 0
41883 0
41884 0
41885 0
41886 0
41887 1
41888 0
41889 1
41890 0
41891 2
41892 0
41893 0
41894 0
41895 0
41896 0
41897 0
41898 0
41899 0
41900 0
41901 0
41902 0
41903 0
41904 0
41905 0
41906 0
41907 0
41908 0
41909 0
41910 0
41911 1
41912 1
41913 1
41914 0
41915 0
41916 0
41917 0
41918 0
41919 1
41920 0
41921 0
41922 0
41923 1
41924 0
41925 1
41926 0
41927 1
41928 0
41929 0
41930 0
41931 0
41932 0
41933 0
41934 0
41935 0
41936 0
41937 0
41938 0
41939 0
41940 0
41941 0
41942 0
41943 0
41944 0
41945 0
41946 0
41947 0
41948 0
41949 0
41950 1
41951 0
41952 1
41953 0
41954 0
41955 0
41956 0
41957 0
41958 1
41959 0
41960 0
41961 0
41962 2
41963 0
41964 0
41965 0
41966 0
41967 0
41968 2
41969 0
41970 1
41971 0
41972 0
41973 0
41974 0
41975 0
41976 0
41977 0
41978 1
41979 0
41980 0
41981 0
41982 0
41983 0
41984 0
41985 0
41986 0
41987 0
41988 0
41989 0
41990 0
41991 0
41992 0
41993 0
41994 0
41995 0
41996 0
41997 0
41998 0
41999 0
42000 0
42001 0
42002 0
42003 0
42004 0
42005 1
42006 0
42007 0
42008 0
42009 0
42010 0
42011 0
42012 0
42013 0
42014 0
42015 0
42016 0
42017 1
42018 0
42019 0
42020 0
42021 1
42022 0
42023 0
42024 0
42025 0
42026 0
42027 0
42028 0
42029 0
42030 0
42031 0
42032 0
42033 1
42034 1
42035 0
42036 0
42037 0
42038 0
42039 0
42040 0
42041 0
42042 2
42043 0
42044 0
42045 1
42046 0
42047 0
42048 0
42049 0
42050 0
42051 1
42052 0
42053 0
42054 0
42055 0
42056 0
42057 0
42058 0
42059 0
42060 0
42061 0
42062 0
42063 1
42064 0
42065 1
42066 0
42067 0
42068 0
42069 0
42070 0
42071 0
42072 0
42073 0
42074 0
42075 1
42076 0
42077 0
42078 0
42079 0
42080 0
42081 0
42082 0
42083 0
42084 0
42085 0
42086 0
42087 0
42088 2
42089 0
42090 0
42091 0
42092 0
42093 0
42094 0
42095 0
42096 1
42097 0
42098 0
42099 0
42100 0
42101 0
42102 0
42103 0
42104 1
42105 0
42106 0
42107 0
42108 0
42109 1
42110 0
42111 0
42112 0
42113 0
42114 1
42115 0
42116 0
42117 0
42118 0
42119 0
42120 1
42121 0
42122 1
42123 0
42124 0
42125 1
42126 0
42127 0
42128 0
42129 0
42130 0
42131 1
42132 1
42133 1
42134 0
42135 0
42136 0
42137 0
42138 0
42139 0
42140 0
42141 1
42142 0
42143 0
42144 0
42145 0
42146 0
42147 2
42148 0
42149 0
42150 0
42151 0
42152 0
42153 1
42154 0
42155 0
42156 0
42157 0
42158 0
42159 0
42160 0
42161 0
42162 1
42163 0
42164 0
42165 0
42166 0
42167 0
42168 0
42169 0
42170 1
42171 0
42172 0
42173 0
42174 0
42175 0
42176 1
42177 1
42178 0
42179 0
42180 0
42181 0
42182 0
42183 0
42184 1
42185 0
42186 0
42187 0
42188 0
42189 0
42190 1
42191 0
42192 0
42193 0
42194 0
42195 0
42196 0
42197 0
42198 0
42199 0
42200 0
42201 0
42202 2
42203 0
42204 1
42205 0
42206 0
42207 0
42208 0
42209 0
42210 0
42211 0
42212 0
42213 0
42214 0
42215 0
42216 0
42217 0
42218 1
42219 0
42220 0
42221 0
42222 0
42223 0
42224 0
42225 0
42226 0
42227 0
42228 1
42229 0
42230 0
42231 0
42232 0
42233 0
42234 0
42235 0
42236 0
42237 0
42238 0
42239 0
42240 0
42241 0
42242 0
42243 0
42244 1
42245 1
42246 0
42247 1
42248 0
42249 0
42250 0
42251 0
42252 0
42253 0
42254 0
42255 0
42256 1
42257 0
42258 0
42259 0
42260 1
42261 0
42262 0
42263 0
42264 0
42265 0
42266 0
42267 1
42268 0
42269 0
42270 0
42271 0
42272 0
42273 1
42274 0
42275 0
42276 0
42277 1
42278 0
42279 0
42280 0
42281 0
42282 0
42283 1
42284 0
42285 0
42286 0
42287 0
42288 0
42289 0
42290 0
42291 0
42292 0
42293 0
42294 1
42295 0
42296 0
42297 1
42298 0
42299 0
42300 0
42301 0
42302 0
42303 0
42304 0
42305 0
42306 0
42307 0
42308 0
42309 0
42310 0
42311 0
42312 0
42313 0
42314 0
42315 0
42316 0
42317 0
42318 0
42319 1
42320 1
42321 0
42322 0
42323 0
42324 0
42325 0
42326 1
42327 0
42328 0
42329 0
42330 0
42331 0
42332 0
42333 0
42334 1
42335 0
42336 1
42337 0
42338 0
42339 0
42340 3
42341 0
42342 1
42343 0
42344 1
42345 1
42346 0
42347 0
42348 0
42349 0
42350 0
42351 0
42352 0
42353 0
42354 0
42355 0
42356 0
42357 0
42358 0
42359 0
42360 0
42361 0
42362 0
42363 0
42364 0
42365 0
42366 0
42367 0
42368 0
42369 0
42370 0
42371 0
42372 0
42373 0
42374 0
42375 0
42376 0
42377 1
42378 0
42379 0
42380 0
42381 0
42382 0
42383 0
42384 0
42385 0
42386 0
42387 0
42388 0
42389 0
42390 0
42391 0
42392 0
42393 0
42394 0
42395 1
42396 0
42397 0
42398 0
42399 0
42400 0
42401 2
42402 0
42403 1
42404 0
42405 0
42406 0
42407 0
42408 0
42409 1
42410 0
42411 0
42412 0
42413 0
42414 0
42415 0
42416 0
42417 0
42418 0
42419 0
42420 0
42421 0
42422 1
42423 0
42424 0
42425 0
42426 0
42427 0
42428 0
42429 0
42430 0
42431 1
42432 0
42433 0
42434 1
42435 0
42436 0
42437 1
42438 0
42439 0
42440 0
42441 0
42442 1
42443 1
42444 0
42445 0
42446 0
42447 0
42448 0
42449 0
42450 0
42451 0
42452 0
42453 0
42454 1
42455 0
42456 0
42457 0
42458 1
42459 0
42460 0
42461 0
42462 0
42463 0
42464 0
42465 0
42466 0
42467 0
42468 0
42469 0
42470 0
42471 0
42472 1
42473 0
42474 3
42475 0
42476 0
42477 0
42478 0
42479 0
42480 0
42481 0
42482 0
42483 0
42484 0
42485 0
42486 0
42487 0
42488 0
42489 0
42490 1
42491 1
42492 0
42493 0
42494 1
42495 0
42496 0
42497 0
42498 0
42499 0
42500 0
42501 0
42502 0
42503 0
42504 0
42505 0
42506 0
42507 1
42508 0
42509 0
42510 0
42511 0
42512 0
42513 0
42514 0
42515 1
42516 0
42517 0
42518 0
42519 0
42520 0
42521 0
42522 0
42523 0
42524 0
42525 0
42526 0
42527 0
42528 0
42529 0
42530 0
42531 0
42532 0
42533 1
42534 0
42535 0
42536 0
42537 1
42538 0
42539 0
42540 0
42541 1
42542 0
42543 0
42544 0
42545 0
42546 0
42547 0
42548 0
42549 0
42550 0
42551 0
42552 0
42553 0
42554 0
42555 0
42556 0
42557 0
42558 0
42559 1
42560 1
42561 0
42562 0
42563 0
42564 1
42565 0
42566 2
42567 0
42568 0
42569 0
42570 1
42571 0
42572 0
42573 0
42574 0
42575 0
42576 0
42577 0
42578 1
42579 0
42580 0
42581 0
42582 0
42583 0
42584 0
42585 0
42586 0
42587 0
42588 0
42589 0
42590 0
42591 0
42592 1
42593 0
42594 0
42595 0
42596 1
42597 0
42598 0
42599 0
42600 1
42601 1
42602 1
42603 1
42604 0
42605 0
42606 0
42607 0
42608 0
42609 1
42610 0
42611 0
42612 0
42613 0
42614 0
42615 0
42616 1
42617 0
42618 0
42619 0
42620 0
42621 0
42622 1
42623 0
42624 1
42625 0
42626 0
42627 1
42628 0
42629 2
42630 0
42631 1
42632 0
42633 0
42634 0
42635 0
42636 0
42637 0
42638 0
42639 0
42640 0
42641 0
42642 0
42643 1
42644 0
42645 0
42646 0
42647 0
42648 0
42649 0
42650 0
42651 1
42652 0
42653 0
42654 0
42655 0
42656 0
42657 0
42658 0
42659 1
42660 0
42661 0
42662 0
42663 0
42664 0
42665 0
42666 0
42667 0
42668 0
42669 0
42670 0
42671 0
42672 0
42673 0
42674 0
42675 0
42676 0
42677 0
42678 0
42679 0
42680 0
42681 0
42682 0
42683 0
42684 1
42685 0
42686 0
42687 0
42688 0
42689 0
42690 0
42691 0
42692 0
42693 0
42694 1
42695 0
42696 0
42697 0
42698 1
42699 0
42700 0
42701 0
42702 0
42703 0
42704 0
42705 0
42706 0
42707 0
42708 1
42709 0
42710 0
42711 0
42712 1
42713 0
42714 0
42715 0
42716 0
42717 0
42718 0
42719 0
42720 0
42721 0
42722 0
42723 0
42724 0
42725 0
42726 0
42727 0
42728 1
42729 0
42730 0
42731 0
42732 0
42733 0
42734 0
42735 0
42736 0
42737 0
42738 0
42739 0
42740 0
42741 0
42742 0
42743 0
42744 0
42745 0
42746 0
42747 0
42748 0
42749 0
42750 0
42751 2
42752 0
42753 1
42754 0
42755 0
42756 0
42757 2
42758 0
42759 0
42760 0
42761 0
42762 0
42763 0
42764 0
42765 0
42766 0
42767 0
42768 0
42769 0
42770 0
42771 1
42772 0
42773 1
42774 0
42775 1
42776 0
42777 0
42778 0
42779 1
42780 0
42781 0
42782 0
42783 0
42784 0
42785 0
42786 0
42787 0
42788 0
42789 1
42790 0
42791 0
42792 0
42793 0
42794 0
42795 1
42796 0
42797 0
42798 1
42799 0
42800 0
42801 0
42802 0
42803 0
42804 1
42805 1
42806 1
42807 1
42808 0
42809 0
42810 0
42811 0
42812 0
42813 1
42814 0
42815 0
42816 0
42817 0
42818 0
42819 0
42820 0
42821 0
42822 0
42823 0
42824 0
42825 0
42826 0
42827 0
42828 0
42829 0
42830 0
42831 0
42832 1
42833 0
42834 0
42835 0
42836 0
42837 0
42838 0
42839 0
42840 0
42841 0
42842 0
42843 0
42844 0
42845 0
42846 0
42847 0
42848 0
42849 0
42850 0
42851 0
42852 1
42853 0
42854 0
42855 0
42856 0
42857 0
42858 0
42859 0
42860 0
42861 0
42862 0
42863 0
42864 0
42865 0
42866 2
42867 0
42868 0
42869 0
42870 0
42871 0
42872 0
42873 0
42874 0
42875 0
42876 0
42877 0
42878 0
42879 1
42880 0
42881 0
42882 0
42883 0
42884 0
42885 0
42886 0
42887 0
42888 0
42889 0
42890 0
42891 1
42892 0
42893 0
42894 0
42895 0
42896 0
42897 1
42898 0
42899 0
42900 1
42901 0
42902 0
42903 0
42904 0
42905 0
42906 0
42907 0
42908 0
42909 1
42910 0
42911 0
42912 0
42913 0
42914 0
42915 0
42916 0
42917 0
42918 0
42919 0
42920 0
42921 0
42922 0
42923 0
42924 0
42925 0
42926 0
42927 0
42928 0
42929 0
42930 0
42931 0
42932 0
42933 0
42934 0
42935 0
42936 0
42937 0
42938 0
42939 1
42940 0
42941 0
42942 0
42943 0
42944 0
42945 0
42946 1
42947 0
42948 0
42949 0
42950 0
42951 0
42952 0
42953 0
42954 0
42955 0
42956 0
42957 0
42958 0
42959 0
42960 0
42961 0
42962 0
42963 0
42964 0
42965 0
42966 0
42967 0
42968 1
42969 0
42970 0
42971 0
42972 1
42973 0
42974 0
42975 0
42976 0
42977 0
42978 0
42979 0
42980 1
42981 0
42982 0
42983 1
42984 0
42985 0
42986 0
42987 1
42988 0
42989 0
42990 0
42991 1
42992 0
42993 0
42994 0
42995 0
42996 0
42997 0
42998 0
42999 0
43000 0
43001 0
43002 0
43003 0
43004 0
43005 0
43006 0
43007 0
43008 0
43009 0
43010 0
43011 0
43012 0
43013 0
43014 0
43015 0
43016 0
43017 0
43018 0
43019 0
43020 0
43021 0
43022 0
43023 0
43024 0
43025 0
43026 0
43027 1
43028 0
43029 1
43030 0
43031 0
43032 0
43033 0
43034 0
43035 0
43036 0
43037 0
43038 0
43039 1
43040 1
43041 0
43042 0
43043 0
43044 0
43045 0
43046 0
43047 0
43048 0
43049 0
43050 0
43051 0
43052 0
43053 0
43054 0
43055 0
43056 0
43057 0
43058 0
43059 0
43060 0
43061 0
43062 0
43063 0
43064 0
43065 0
43066 0
43067 1
43068 0
43069 0
43070 0
43071 0
43072 0
43073 0
43074 0
43075 0
43076 0
43077 0
43078 0
43079 0
43080 0
43081 0
43082 0
43083 0
43084 0
43085 0
43086 0
43087 0
43088 0
43089 0
43090 0
43091 0
43092 0
43093 0
43094 0
43095 0
43096 0
43097 0
43098 0
43099 0
43100 0
43101 0
43102 1
43103 0
43104 0
43105 0
43106 1
43107 0
43108 0
43109 0
43110 0
43111 0
43112 1
43113 0
43114 0
43115 0
43116 0
43117 0
43118 0
43119 0
43120 0
43121 0
43122 0
43123 0
43124 0
43125 0
43126 0
43127 0
43128 0
43129 0
43130 0
43131 0
43132 0
43133 0
43134 0
43135 0
43136 0
43137 0
43138 0
43139 0
43140 0
43141 0
43142 0
43143 0
43144 0
43145 0
43146 0
43147 0
43148 0
43149 0
43150 0
43151 0
43152 0
43153 0
43154 0
43155 0
43156 0
43157 0
43158 0
43159 2
43160 0
43161 0
43162 0
43163 1
43164 0
43165 1
43166 0
43167 0
43168 0
43169 1
43170 0
43171 0
43172 0
43173 0
43174 0
43175 0
43176 0
43177 0
43178 0
43179 1
43180 0
43181 0
43182 1
43183 0
43184 0
43185 0
43186 0
43187 0
43188 0
43189 0
43190 0
43191 0
43192 0
43193 0
43194 0
43195 0
43196 0
43197 0
43198 0
43199 0
43200 0
43201 0
43202 0
43203 0
43204 0
43205 0
43206 0
43207 0
43208 0
43209 0
43210 0
43211 0
43212 0
43213 0
43214 0
43215 0
43216 0
43217 0
43218 0
43219 0
43220 0
43221 0
43222 0
43223 0
43224 0
43225 0
43226 0
43227 0
43228 0
43229 0
43230 0
43231 0
43232 0
43233 0
43234 0
43235 0
43236 0
43237 0
43238 0
43239 0
43240 0
43241 0
43242 0
43243 0
43244 0
43245 0
43246 0
43247 0
43248 0
43249 0
43250 0
43251 0
43252 0
43253 0
43254 0
43255 0
43256 0
43257 0
43258 0
43259 0
43260 0
43261 0
43262 0
43263 0
43264 0
43265 0
43266 0
43267 0
43268 0
43269 1
43270 0
43271 0
43272 0
43273 0
43274 0
43275 0
43276 0
43277 0
43278 0
43279 0
43280 0
43281 0
43282 0
43283 0
43284 0
43285 0
43286 0
43287 0
43288 0
43289 0
43290 0
43291 0
43292 0
43293 0
43294 0
43295 0
43296 0
43297 0
43298 0
43299 0
43300 0
43301 0
43302 0
43303 0
43304 0
43305 0
43306 0
43307 0
43308 0
43309 0
43310 0
43311 0
43312 0
43313 0
43314 0
43315 1
43316 1
43317 0
43318 1
43319 0
43320 0
43321 0
43322 0
43323 0
43324 0
43325 0
43326 0
43327 1
43328 0
43329 0
43330 0
43331 0
43332 0
43333 0
43334 0
43335 1
43336 0
43337 0
43338 0
43339 0
43340 0
43341 0
43342 0
43343 0
43344 0
43345 0
43346 0
43347 0
43348 0
43349 0
43350 0
43351 0
43352 0
43353 0
43354 0
43355 0
43356 0
43357 0
43358 0
43359 0
43360 0
43361 0
43362 0
43363 0
43364 1
43365 0
43366 0
43367 0
43368 0
43369 0
43370 0
43371 0
43372 0
43373 0
43374 0
43375 0
43376 0
43377 0
43378 0
43379 0
43380 0
43381 0
43382 0
43383 0
43384 0
43385 0
43386 0
43387 0
43388 0
43389 0
43390 0
43391 0
43392 1
43393 0
43394 0
43395 0
43396 0
43397 0
43398 0
43399 0
43400 0
43401 1
43402 0
43403 0
43404 0
43405 0
43406 0
43407 0
43408 0
43409 0
43410 0
43411 0
43412 0
43413 0
43414 0
43415 1
43416 0
43417 0
43418 0
43419 0
43420 0
43421 0
43422 0
43423 0
43424 0
43425 0
43426 0
43427 0
43428 0
43429 0
43430 0
43431 0
43432 0
43433 0
43434 0
43435 0
43436 0
43437 0
43438 0
43439 0
43440 0
43441 0
43442 0
43443 0
43444 0
43445 0
43446 0
43447 0
43448 0
43449 0
43450 0
43451 0
43452 1
43453 0
43454 0
43455 0
43456 0
43457 0
43458 1
43459 0
43460 0
43461 0
43462 0
43463 0
43464 0
43465 0
43466 0
43467 0
43468 0
43469 0
43470 0
43471 0
43472 0
43473 0
43474 0
43475 0
43476 0
43477 0
43478 0
43479 0
43480 0
43481 0
43482 1
43483 0
43484 0
43485 0
43486 0
43487 0
43488 0
43489 0
43490 0
43491 0
43492 0
43493 0
43494 0
43495 0
43496 0
43497 0
43498 0
43499 0
43500 0
43501 0
43502 0
43503 0
43504 0
43505 0
43506 0
43507 0
43508 0
43509 0
43510 0
43511 0
43512 1
43513 0
43514 0
43515 0
43516 0
43517 0
43518 0
43519 0
43520 0
43521 0
43522 0
43523 0
43524 1
43525 0
43526 0
43527 1
43528 0
43529 0
43530 0
43531 0
43532 0
43533 1
43534 0
43535 0
43536 0
43537 0
43538 0
43539 0
43540 0
43541 0
43542 0
43543 0
43544 0
43545 1
43546 0
43547 0
43548 0
43549 1
43550 0
43551 0
43552 0
43553 0
43554 0
43555 0
43556 0
43557 1
43558 0
43559 0
43560 0
43561 0
43562 0
43563 0
43564 0
43565 0
43566 0
43567 0
43568 0
43569 0
43570 0
43571 1
43572 0
43573 0
43574 0
43575 0
43576 0
43577 0
43578 0
43579 0
43580 0
43581 0
43582 0
43583 0
43584 0
43585 0
43586 0
43587 0
43588 0
43589 0
43590 0
43591 0
43592 0
43593 0
43594 0
43595 0
43596 0
43597 0
43598 0
43599 0
43600 0
43601 0
43602 0
43603 0
43604 0
43605 0
43606 0
43607 0
43608 0
43609 0
43610 0
43611 0
43612 0
43613 0
43614 0
43615 0
43616 0
43617 0
43618 1
43619 0
43620 0
43621 0
43622 0
43623 0
43624 0
43625 0
43626 0
43627 0
43628 1
43629 0
43630 0
43631 0
43632 0
43633 0
43634 0
43635 0
43636 0
43637 0
43638 0
43639 0
43640 0
43641 0
43642 0
43643 0
43644 0
43645 0
43646 0
43647 0
43648 0
43649 0
43650 0
43651 0
43652 0
43653 0
43654 0
43655 0
43656 0
43657 0
43658 0
43659 0
43660 0
43661 0
43662 0
43663 1
43664 0
43665 1
43666 0
43667 0
43668 0
43669 0
43670 0
43671 0
43672 0
43673 0
43674 0
43675 0
43676 0
43677 0
43678 0
43679 0
43680 0
43681 0
43682 0
43683 0
43684 0
43685 0
43686 0
43687 0
43688 0
43689 0
43690 0
43691 0
43692 0
43693 0
43694 0
43695 0
43696 0
43697 0
43698 0
43699 0
43700 0
43701 0
43702 0
43703 0
43704 0
43705 0
43706 0
43707 0
43708 0
43709 0
43710 0
43711 0
43712 0
43713 0
43714 1
43715 0
43716 0
43717 0
43718 1
43719 0
43720 0
43721 0
43722 0
43723 0
43724 1
43725 0
43726 0
43727 0
43728 0
43729 0
43730 1
43731 0
43732 0
43733 0
43734 0
43735 0
43736 0
43737 0
43738 0
43739 0
43740 0
43741 0
43742 0
43743 0
43744 0
43745 0
43746 0
43747 0
43748 0
43749 0
43750 0
43751 0
43752 0
43753 0
43754 0
43755 0
43756 0
43757 0
43758 0
43759 0
43760 0
43761 0
43762 0
43763 0
43764 0
43765 0
43766 0
43767 1
43768 0
43769 0
43770 0
43771 0
43772 0
43773 0
43774 0
43775 0
43776 0
43777 0
43778 0
43779 0
43780 0
43781 0
43782 0
43783 0
43784 0
43785 0
43786 0
43787 0
43788 0
43789 0
43790 0
43791 0
43792 0
43793 1
43794 0
43795 0
43796 0
43797 0
43798 0
43799 1
43800 0
43801 0
43802 0
43803 0
43804 0
43805 0
43806 0
43807 0
43808 0
43809 1
43810 0
43811 0
43812 0
43813 0
43814 0
43815 0
43816 0
43817 0
43818 0
43819 0
43820 0
43821 0
43822 0
43823 0
43824 0
43825 0
43826 0
43827 0
43828 0
43829 0
43830 0
43831 0
43832 0
43833 0
43834 0
43835 0
43836 0
43837 0
43838 0
43839 0
43840 0
43841 1
43842 0
43843 0
43844 0
43845 0
43846 0
43847 0
43848 0
43849 0
43850 0
43851 0
43852 0
43853 0
43854 0
43855 0
43856 0
43857 0
43858 0
43859 0
43860 0
43861 0
43862 0
43863 0
43864 0
43865 0
43866 1
43867 0
43868 0
43869 0
43870 0
43871 0
43872 0
43873 0
43874 0
43875 0
43876 0
43877 0
43878 0
43879 0
43880 0
43881 0
43882 0
43883 0
43884 0
43885 0
43886 0
43887 0
43888 0
43889 0
43890 0
43891 0
43892 0
43893 0
43894 0
43895 0
43896 0
43897 0
43898 0
43899 0
43900 0
43901 0
43902 0
43903 0
43904 0
43905 0
43906 0
43907 0
43908 0
43909 0
43910 0
43911 0
43912 0
43913 0
43914 0
43915 0
43916 0
43917 0
43918 0
43919 0
43920 0
43921 0
43922 0
43923 0
43924 0
43925 0
43926 0
43927 1
43928 0
43929 0
43930 0
43931 0
43932 0
43933 0
43934 0
43935 0
43936 0
43937 1
43938 0
43939 0
43940 0
43941 0
43942 0
43943 0
43944 0
43945 0
43946 0
43947 0
43948 0
43949 0
43950 0
43951 0
43952 0
43953 0
43954 0
43955 0
43956 0
43957 0
43958 0
43959 0
43960 0
43961 0
43962 0
43963 0
43964 0
43965 0
43966 0
43967 0
43968 1
43969 0
43970 0
43971 0
43972 0
43973 0
43974 0
43975 0
43976 0
43977 0
43978 0
43979 0
43980 0
43981 0
43982 0
43983 0
43984 0
43985 0
43986 0
43987 0
43988 0
43989 0
43990 0
43991 0
43992 1
43993 0
43994 0
43995 0
43996 0
43997 0
43998 0
43999 0
44000 0
44001 0
44002 0
44003 0
44004 0
44005 0
44006 1
44007 0
44008 0
44009 0
44010 1
44011 0
44012 0
44013 1
44014 0
44015 0
44016 0
44017 0
44018 0
44019 0
44020 0
44021 1
44022 0
44023 0
44024 0
44025 0
44026 0
44027 0
44028 0
44029 1
44030 0
44031 0
44032 0
44033 0
44034 0
44035 0
44036 0
44037 0
44038 0
44039 0
44040 0
44041 1
44042 0
44043 0
44044 0
44045 1
44046 0
44047 0
44048 0
44049 0
44050 0
44051 1
44052 0
44053 0
44054 0
44055 0
44056 1
44057 0
44058 0
44059 0
44060 0
44061 0
44062 0
44063 0
44064 0
44065 0
44066 0
44067 0
44068 0
44069 0
44070 0
44071 0
44072 1
44073 0
44074 0
44075 0
44076 0
44077 0
44078 0
44079 0
44080 0
44081 0
44082 0
44083 0
44084 0
44085 0
44086 0
44087 0
44088 0
44089 0
44090 0
44091 0
44092 0
44093 0
44094 0
44095 0
44096 0
44097 0
44098 1
44099 0
44100 0
44101 0
44102 0
44103 0
44104 0
44105 0
44106 2
44107 0
44108 0
44109 0
44110 2
44111 0
44112 0
44113 0
44114 0
44115 0
44116 0
44117 1
44118 0
44119 0
44120 1
44121 0
44122 0
44123 0
44124 0
44125 0
44126 0
44127 0
44128 0
44129 0
44130 0
44131 0
44132 0
44133 0
44134 0
44135 0
44136 0
44137 0
44138 0
44139 0
44140 0
44141 0
44142 0
44143 0
44144 0
44145 0
44146 1
44147 0
44148 0
44149 0
44150 0
44151 0
44152 0
44153 0
44154 0
44155 0
44156 0
44157 0
44158 0
44159 0
44160 0
44161 1
44162 0
44163 0
44164 0
44165 0
44166 0
44167 0
44168 0
44169 0
44170 0
44171 1
44172 0
44173 0
44174 0
44175 0
44176 0
44177 0
44178 0
44179 0
44180 0
44181 0
44182 0
44183 0
44184 0
44185 0
44186 0
44187 0
44188 0
44189 0
44190 0
44191 0
44192 0
44193 0
44194 0
44195 0
44196 0
44197 0
44198 0
44199 0
44200 0
44201 0
44202 0
44203 0
44204 0
44205 0
44206 0
44207 1
44208 0
44209 0
44210 0
44211 0
44212 0
44213 0
44214 0
44215 0
44216 0
44217 0
44218 0
44219 0
44220 0
44221 0
44222 1
44223 0
44224 0
44225 0
44226 0
44227 0
44228 0
44229 0
44230 0
44231 0
44232 1
44233 0
44234 0
44235 0
44236 0
44237 0
44238 0
44239 0
44240 0
44241 0
44242 0
44243 0
44244 0
44245 0
44246 0
44247 0
44248 0
44249 0
44250 0
44251 0
44252 0
44253 0
44254 0
44255 0
44256 0
44257 0
44258 0
44259 1
44260 0
44261 0
44262 0
44263 0
44264 0
44265 0
44266 0
44267 0
44268 0
44269 0
44270 0
44271 0
44272 0
44273 1
44274 0
44275 0
44276 0
44277 0
44278 0
44279 1
44280 0
44281 0
44282 0
44283 0
44284 0
44285 0
44286 0
44287 0
44288 0
44289 0
44290 0
44291 0
44292 0
44293 0
44294 0
44295 0
44296 0
44297 0
44298 0
44299 0
44300 0
44301 0
44302 0
44303 1
44304 0
44305 0
44306 0
44307 0
44308 0
44309 0
44310 0
44311 0
44312 0
44313 0
44314 0
44315 1
44316 0
44317 0
44318 0
44319 0
44320 0
44321 0
44322 0
44323 0
44324 0
44325 0
44326 0
44327 0
44328 0
44329 0
44330 0
44331 0
44332 0
44333 0
44334 0
44335 0
44336 0
44337 0
44338 1
44339 0
44340 0
44341 0
44342 0
44343 0
44344 0
44345 0
44346 0
44347 0
44348 0
44349 0
44350 1
44351 0
44352 0
44353 0
44354 0
44355 0
44356 0
44357 0
44358 0
44359 0
44360 0
44361 0
44362 0
44363 0
44364 0
44365 0
44366 0
44367 0
44368 0
44369 0
44370 0
44371 0
44372 0
44373 0
44374 0
44375 0
44376 0
44377 0
44378 0
44379 0
44380 0
44381 0
44382 0
44383 0
44384 0
44385 0
44386 0
44387 0
44388 0
44389 0
44390 0
44391 0
44392 0
44393 0
44394 0
44395 0
44396 0
44397 0
44398 0
44399 0
44400 0
44401 0
44402 0
44403 0
44404 0
44405 0
44406 0
44407 0
44408 0
44409 0
44410 0
44411 0
44412 0
44413 1
44414 0
44415 0
44416 0
44417 1
44418 0
44419 0
44420 0
44421 0
44422 0
44423 0
44424 0
44425 0
44426 0
44427 0
44428 0
44429 1
44430 0
44431 0
44432 0
44433 0
44434 0
44435 0
44436 0
44437 1
44438 0
44439 0
44440 0
44441 0
44442 0
44443 0
44444 0
44445 0
44446 0
44447 0
44448 0
44449 0
44450 0
44451 0
44452 0
44453 0
44454 0
44455 1
44456 0
44457 0
44458 0
44459 0
44460 0
44461 0
44462 0
44463 0
44464 0
44465 0
44466 0
44467 0
44468 0
44469 0
44470 0
44471 0
44472 0
44473 0
44474 0
44475 0
44476 0
44477 0
44478 0
44479 0
44480 0
44481 0
44482 0
44483 0
44484 0
44485 0
44486 1
44487 0
44488 0
44489 0
44490 0
44491 0
44492 0
44493 0
44494 0
44495 0
44496 0
44497 0
44498 0
44499 0
44500 0
44501 0
44502 0
44503 1
44504 0
44505 0
44506 0
44507 0
44508 0
44509 0
44510 0
44511 0
44512 0
44513 0
44514 0
44515 0
44516 0
44517 0
44518 0
44519 1
44520 0
44521 0
44522 0
44523 0
44524 0
44525 0
44526 0
44527 0
44528 0
44529 1
44530 0
44531 0
44532 0
44533 0
44534 0
44535 0
44536 0
44537 0
44538 0
44539 0
44540 0
44541 0
44542 0
44543 0
44544 0
44545 0
44546 0
44547 0
44548 0
44549 0
44550 0
44551 0
44552 0
44553 0
44554 0
44555 0
44556 0
44557 0
44558 0
44559 1
44560 0
44561 0
44562 0
44563 0
44564 0
44565 0
44566 0
44567 0
44568 0
44569 0
44570 0
44571 0
44572 0
44573 0
44574 0
44575 0
44576 0
44577 0
44578 0
44579 0
44580 0
44581 0
44582 0
44583 0
44584 0
44585 0
44586 0
44587 0
44588 0
44589 0
44590 0
44591 0
44592 0
44593 0
44594 0
44595 0
44596 0
44597 0
44598 0
44599 0
44600 0
44601 0
44602 0
44603 0
44604 0
44605 0
44606 0
44607 0
44608 0
44609 0
44610 0
44611 0
44612 0
44613 0
44614 0
44615 0
44616 0
44617 0
44618 0
44619 0
44620 0
44621 0
44622 1
44623 0
44624 0
44625 1
44626 1
44627 0
44628 0
44629 0
44630 0
44631 0
44632 0
44633 0
44634 0
44635 0
44636 0
44637 0
44638 0
44639 0
44640 0
44641 0
44642 0
44643 0
44644 0
44645 0
44646 0
44647 0
44648 0
44649 0
44650 0
44651 0
44652 0
44653 0
44654 0
44655 0
44656 0
44657 0
44658 0
44659 1
44660 1
44661 0
44662 0
44663 0
44664 0
44665 0
44666 0
44667 0
44668 0
44669 0
44670 0
44671 0
44672 0
44673 0
44674 0
44675 0
44676 0
44677 0
44678 0
44679 0
44680 0
44681 0
44682 0
44683 0
44684 0
44685 0
44686 0
44687 1
44688 0
44689 0
44690 0
44691 0
44692 0
44693 0
44694 0
44695 1
44696 0
44697 0
44698 0
44699 0
44700 0
44701 0
44702 0
44703 0
44704 0
44705 0
44706 0
44707 0
44708 0
44709 0
44710 0
44711 0
44712 0
44713 0
44714 0
44715 0
44716 0
44717 0
44718 0
44719 0
44720 0
44721 0
44722 0
44723 0
44724 0
44725 0
44726 0
44727 0
44728 0
44729 0
44730 0
44731 0
44732 0
44733 0
44734 0
44735 0
44736 0
44737 0
44738 0
44739 1
44740 0
44741 0
44742 0
44743 0
44744 0
44745 0
44746 0
44747 0
44748 0
44749 0
44750 0
44751 0
44752 0
44753 0
44754 0
44755 0
44756 0
44757 0
44758 0
44759 0
44760 1
44761 0
44762 0
44763 0
44764 0
44765 0
44766 0
44767 0
44768 1
44769 0
44770 0
44771 0
44772 0
44773 0
44774 0
44775 0
44776 0
44777 0
44778 0
44779 0
44780 0
44781 1
44782 0
44783 0
44784 0
44785 0
44786 0
44787 0
44788 0
44789 0
44790 0
44791 0
44792 0
44793 0
44794 0
44795 1
44796 0
44797 0
44798 0
44799 0
44800 0
44801 0
44802 0
44803 0
44804 0
44805 0
44806 0
44807 1
44808 0
44809 0
44810 0
44811 0
44812 0
44813 0
44814 0
44815 0
44816 0
44817 0
44818 0
44819 0
44820 0
44821 0
44822 0
44823 0
44824 0
44825 0
44826 0
44827 0
44828 0
44829 0
44830 0
44831 0
44832 0
44833 0
44834 0
44835 0
44836 0
44837 0
44838 0
44839 0
44840 1
44841 0
44842 0
44843 0
44844 0
44845 0
44846 0
44847 0
44848 0
44849 0
44850 1
44851 0
44852 1
44853 0
44854 0
44855 0
44856 0
44857 0
44858 0
44859 0
44860 0
44861 0
44862 0
44863 0
44864 0
44865 0
44866 0
44867 0
44868 0
44869 0
44870 0
44871 0
44872 0
44873 0
44874 0
44875 0
44876 0
44877 0
44878 0
44879 1
44880 0
44881 0
44882 0
44883 0
44884 0
44885 0
44886 0
44887 0
44888 0
44889 0
44890 0
44891 0
44892 0
44893 0
44894 0
44895 0
44896 0
44897 0
44898 0
44899 0
44900 0
44901 1
44902 0
44903 0
44904 0
44905 0
44906 0
44907 0
44908 0
44909 0
44910 0
44911 0
44912 0
44913 0
44914 0
44915 0
44916 0
44917 0
44918 0
44919 0
44920 0
44921 0
44922 0
44923 0
44924 0
44925 0
44926 0
44927 1
44928 0
44929 0
44930 0
44931 0
44932 0
44933 0
44934 0
44935 0
44936 0
44937 0
44938 0
44939 1
44940 0
44941 0
44942 0
44943 0
44944 0
44945 0
44946 0
44947 0
44948 1
44949 0
44950 0
44951 0
44952 0
44953 0
44954 0
44955 0
44956 0
44957 0
44958 0
44959 0
44960 0
44961 0
44962 0
44963 0
44964 0
44965 0
44966 0
44967 0
44968 0
44969 0
44970 0
44971 0
44972 0
44973 0
44974 1
44975 0
44976 0
44977 0
44978 0
44979 0
44980 0
44981 0
44982 0
44983 0
44984 0
44985 0
44986 0
44987 0
44988 0
44989 0
44990 0
44991 0
44992 0
44993 0
44994 0
44995 0
44996 0
44997 0
44998 0
44999 0
45000 0
45001 0
45002 0
45003 0
45004 0
45005 0
45006 0
45007 0
45008 0
45009 0
45010 0
45011 0
45012 0
45013 0
45014 0
45015 0
45016 0
45017 0
45018 0
45019 0
45020 0
45021 0
45022 1
45023 0
45024 0
45025 1
45026 0
45027 0
45028 0
45029 0
45030 0
45031 0
45032 0
45033 1
45034 0
45035 0
45036 0
45037 0
45038 0
45039 0
45040 0
45041 0
45042 0
45043 1
45044 0
45045 0
45046 0
45047 0
45048 0
45049 0
45050 0
45051 0
45052 0
45053 0
45054 0
45055 0
45056 0
45057 0
45058 0
45059 0
45060 0
45061 0
45062 0
45063 1
45064 0
45065 0
45066 0
45067 0
45068 0
45069 0
45070 0
45071 0
45072 0
45073 0
45074 0
45075 0
45076 0
45077 0
45078 0
45079 1
45080 0
45081 0
45082 0
45083 0
45084 0
45085 0
45086 0
45087 0
45088 0
45089 0
45090 0
45091 0
45092 0
45093 0
45094 0
45095 0
45096 0
45097 0
45098 0
45099 0
45100 0
45101 0
45102 0
45103 0
45104 0
45105 0
45106 0
45107 0
45108 0
45109 0
45110 0
45111 0
45112 0
45113 0
45114 0
45115 0
45116 0
45117 0
45118 0
45119 0
45120 0
45121 0
45122 0
45123 0
45124 0
45125 0
45126 0
45127 0
45128 0
45129 0
45130 0
45131 0
45132 0
45133 0
45134 0
45135 0
45136 0
45137 0
45138 1
45139 0
45140 0
45141 0
45142 0
45143 0
45144 0
45145 0
45146 0
45147 0
45148 0
45149 0
45150 0
45151 0
45152 0
45153 0
45154 0
45155 0
45156 0
45157 0
45158 0
45159 0
45160 0
45161 0
45162 0
45163 0
45164 0
45165 0
45166 0
45167 0
45168 0
45169 1
45170 0
45171 0
45172 0
45173 0
45174 0
45175 1
45176 0
45177 0
45178 0
45179 0
45180 0
45181 0
45182 0
45183 0
45184 0
45185 0
45186 0
45187 0
45188 0
45189 0
45190 0
45191 0
45192 0
45193 0
45194 0
45195 0
45196 0
45197 0
45198 0
45199 0
45200 0
45201 0
45202 0
45203 0
45204 0
45205 0
45206 0
45207 0
45208 0
45209 0
45210 0
45211 0
45212 0
45213 0
45214 1
45215 0
45216 0
45217 0
45218 0
45219 0
45220 0
45221 0
45222 0
45223 0
45224 0
45225 0
45226 0
45227 0
45228 1
45229 0
45230 0
45231 0
45232 0
45233 0
45234 0
45235 0
45236 0
45237 0
45238 0
45239 0
45240 1
45241 0
45242 0
45243 0
45244 0
45245 0
45246 0
45247 0
45248 0
45249 0
45250 0
45251 0
45252 0
45253 0
45254 0
45255 0
45256 0
45257 0
45258 1
45259 0
45260 0
45261 0
45262 0
45263 0
45264 0
45265 0
45266 1
45267 0
45268 0
45269 0
45270 0
45271 0
45272 0
45273 0
45274 0
45275 0
45276 0
45277 0
45278 0
45279 0
45280 0
45281 0
45282 0
45283 0
45284 0
45285 0
45286 0
45287 0
45288 0
45289 0
45290 0
45291 0
45292 0
45293 0
45294 0
45295 0
45296 0
45297 0
45298 0
45299 0
45300 0
45301 0
45302 0
45303 1
45304 0
45305 0
45306 0
45307 0
45308 0
45309 0
45310 0
45311 0
45312 0
45313 0
45314 0
45315 0
45316 0
45317 0
45318 1
45319 1
45320 0
45321 0
45322 0
45323 0
45324 0
45325 0
45326 0
45327 1
45328 0
45329 0
45330 0
45331 0
45332 0
45333 0
45334 0
45335 0
45336 0
45337 0
45338 0
45339 0
45340 0
45341 0
45342 0
45343 0
45344 0
45345 0
45346 0
45347 0
45348 0
45349 0
45350 0
45351 0
45352 0
45353 0
45354 0
45355 0
45356 0
45357 0
45358 0
45359 0
45360 0
45361 0
45362 0
45363 0
45364 0
45365 0
45366 0
45367 0
45368 0
45369 0
45370 0
45371 0
45372 0
45373 0
45374 0
45375 0
45376 0
45377 0
45378 0
45379 0
45380 0
45381 0
45382 0
45383 0
45384 0
45385 0
45386 0
45387 0
45388 0
45389 0
45390 0
45391 0
45392 0
45393 0
45394 0
45395 0
45396 0
45397 0
45398 0
45399 0
45400 0
45401 0
45402 0
45403 0
45404 0
45405 0
45406 0
45407 0
45408 0
45409 0
45410 0
45411 0
45412 0
45413 0
45414 0
45415 0
45416 0
45417 0
45418 0
45419 1
45420 0
45421 0
45422 0
45423 0
45424 0
45425 0
45426 0
45427 1
45428 0
45429 0
45430 0
45431 0
45432 0
45433 0
45434 0
45435 1
45436 0
45437 0
45438 1
45439 0
45440 1
45441 0
45442 0
45443 0
45444 0
45445 0
45446 0
45447 0
45448 0
45449 1
45450 0
45451 0
45452 0
45453 0
45454 0
45455 0
45456 0
45457 1
45458 0
45459 0
45460 0
45461 0
45462 0
45463 0
45464 2
45465 1
45466 1
45467 0
45468 0
45469 0
45470 0
45471 0
45472 0
45473 0
45474 0
45475 0
45476 0
45477 1
45478 0
45479 0
45480 0
45481 0
45482 0
45483 0
45484 0
45485 0
45486 0
45487 0
45488 1
45489 0
45490 0
45491 0
45492 0
45493 0
45494 0
45495 0
45496 0
45497 0
45498 0
45499 0
45500 0
45501 0
45502 0
45503 0
45504 0
45505 0
45506 0
45507 0
45508 0
45509 0
45510 0
45511 0
45512 0
45513 0
45514 0
45515 0
45516 0
45517 0
45518 0
45519 0
45520 0
45521 0
45522 0
45523 0
45524 1
45525 0
45526 0
45527 0
45528 0
45529 0
45530 0
45531 0
45532 0
45533 1
45534 0
45535 0
45536 0
45537 0
45538 0
45539 0
45540 0
45541 0
45542 0
45543 2
45544 0
45545 0
45546 0
45547 0
45548 0
45549 0
45550 0
45551 0
45552 0
45553 0
45554 0
45555 0
45556 0
45557 0
45558 0
45559 1
45560 0
45561 0
45562 0
45563 0
45564 0
45565 0
45566 0
45567 0
45568 0
45569 0
45570 0
45571 0
45572 0
45573 0
45574 0
45575 0
45576 0
45577 0
45578 1
45579 0
45580 0
45581 0
45582 0
45583 0
45584 0
45585 0
45586 0
45587 0
45588 0
45589 0
45590 1
45591 0
45592 0
45593 0
45594 0
45595 0
45596 0
45597 0
45598 0
45599 0
45600 0
45601 0
45602 0
45603 0
45604 0
45605 0
45606 0
45607 0
45608 0
45609 0
45610 0
45611 0
45612 0
45613 0
45614 0
45615 0
45616 0
45617 0
45618 0
45619 0
45620 0
45621 0
45622 0
45623 0
45624 0
45625 0
45626 0
45627 0
45628 0
45629 0
45630 0
45631 0
45632 0
45633 0
45634 0
45635 0
45636 0
45637 0
45638 0
45639 0
45640 0
45641 0
45642 0
45643 0
45644 0
45645 0
45646 0
45647 0
45648 0
45649 1
45650 0
45651 0
45652 1
45653 0
45654 0
45655 0
45656 0
45657 0
45658 0
45659 1
45660 0
45661 0
45662 0
45663 0
45664 0
45665 0
45666 0
45667 0
45668 0
45669 0
45670 0
45671 0
45672 0
45673 0
45674 0
45675 0
45676 0
45677 0
45678 0
45679 0
45680 0
45681 0
45682 0
45683 0
45684 0
45685 0
45686 0
45687 0
45688 0
45689 0
45690 0
45691 0
45692 0
45693 0
45694 0
45695 0
45696 0
45697 0
45698 0
45699 0
45700 0
45701 0
45702 0
45703 0
45704 0
45705 0
45706 0
45707 0
45708 0
45709 0
45710 0
45711 0
45712 0
45713 0
45714 0
45715 0
45716 0
45717 0
45718 0
45719 0
45720 0
45721 0
45722 0
45723 0
45724 0
45725 0
45726 0
45727 0
45728 0
45729 0
45730 0
45731 0
45732 0
45733 0
45734 0
45735 0
45736 0
45737 0
45738 0
45739 0
45740 0
45741 0
45742 0
45743 0
45744 0
45745 0
45746 0
45747 0
45748 0
45749 0
45750 0
45751 0
45752 0
45753 0
45754 0
45755 0
45756 0
45757 0
45758 0
45759 0
45760 0
45761 0
45762 0
45763 0
45764 0
45765 0
45766 0
45767 0
45768 1
45769 0
45770 0
45771 0
45772 0
45773 0
45774 0
45775 1
45776 0
45777 0
45778 0
45779 0
45780 0
45781 1
45782 0
45783 0
45784 0
45785 0
45786 0
45787 0
45788 0
45789 0
45790 0
45791 0
45792 0
45793 0
45794 0
45795 0
45796 1
45797 0
45798 0
45799 0
45800 0
45801 1
45802 0
45803 0
45804 0
45805 0
45806 0
45807 0
45808 0
45809 0
45810 0
45811 0
45812 0
45813 0
45814 0
45815 0
45816 0
45817 0
45818 0
45819 1
45820 0
45821 0
45822 0
45823 0
45824 0
45825 0
45826 0
45827 0
45828 0
45829 0
45830 1
45831 0
45832 0
45833 0
45834 1
45835 0
45836 1
45837 0
45838 0
45839 0
45840 0
45841 0
45842 0
45843 0
45844 0
45845 0
45846 0
45847 0
45848 0
45849 0
45850 0
45851 0
45852 0
45853 0
45854 0
45855 0
45856 0
45857 0
45858 0
45859 1
45860 0
45861 0
45862 0
45863 0
45864 0
45865 0
45866 0
45867 0
45868 0
45869 0
45870 0
45871 0
45872 0
45873 0
45874 0
45875 0
45876 0
45877 0
45878 0
45879 0
45880 0
45881 0
45882 0
45883 0
45884 0
45885 0
45886 0
45887 0
45888 0
45889 0
45890 0
45891 0
45892 0
45893 0
45894 0
45895 0
45896 0
45897 0
45898 0
45899 0
45900 0
45901 0
45902 1
45903 0
45904 0
45905 0
45906 0
45907 0
45908 0
45909 0
45910 0
45911 0
45912 0
45913 0
45914 0
45915 0
45916 0
45917 0
45918 0
45919 0
45920 0
45921 0
45922 0
45923 0
45924 0
45925 0
45926 0
45927 0
45928 0
45929 0
45930 0
45931 1
45932 0
45933 0
45934 0
45935 0
45936 0
45937 0
45938 0
45939 0
45940 0
45941 0
45942 0
45943 0
45944 0
45945 0
45946 0
45947 0
45948 0
45949 0
45950 0
45951 0
45952 0
45953 1
45954 0
45955 1
45956 0
45957 0
45958 0
45959 0
45960 0
45961 0
45962 0
45963 0
45964 0
45965 0
45966 0
45967 0
45968 0
45969 0
45970 0
45971 0
45972 0
45973 0
45974 0
45975 0
45976 0
45977 0
45978 0
45979 0
45980 0
45981 0
45982 0
45983 0
45984 0
45985 0
45986 1
45987 0
45988 0
45989 0
45990 0
45991 0
45992 0
45993 0
45994 1
45995 0
45996 0
45997 0
45998 0
45999 0
46000 0
46001 0
46002 0
46003 0
46004 0
46005 0
46006 0
46007 0
46008 0
46009 0
46010 0
46011 0
46012 0
46013 0
46014 0
46015 0
46016 0
46017 0
46018 0
46019 0
46020 0
46021 0
46022 0
46023 0
46024 0
46025 0
46026 0
46027 0
46028 2
46029 0
46030 0
46031 0
46032 0
46033 0
46034 0
46035 0
46036 0
46037 0
46038 0
46039 0
46040 0
46041 1
46042 0
46043 0
46044 0
46045 0
46046 0
46047 0
46048 0
46049 0
46050 0
46051 0
46052 0
46053 0
46054 0
46055 0
46056 0
46057 0
46058 0
46059 0
46060 0
46061 0
46062 0
46063 0
46064 0
46065 0
46066 0
46067 0
46068 0
46069 0
46070 0
46071 0
46072 0
46073 0
46074 1
46075 1
46076 1
46077 0
46078 0
46079 0
46080 0
46081 0
46082 0
46083 0
46084 0
46085 0
46086 0
46087 0
46088 0
46089 0
46090 0
46091 0
46092 0
46093 0
46094 0
46095 0
46096 0
46097 0
46098 0
46099 0
46100 0
46101 0
46102 0
46103 0
46104 0
46105 0
46106 0
46107 0
46108 0
46109 0
46110 0
46111 0
46112 0
46113 0
46114 0
46115 0
46116 0
46117 0
46118 0
46119 0
46120 0
46121 0
46122 0
46123 0
46124 0
46125 0
46126 0
46127 0
46128 0
46129 0
46130 0
46131 0
46132 0
46133 0
46134 0
46135 0
46136 0
46137 0
46138 0
46139 0
46140 0
46141 0
46142 0
46143 0
46144 0
46145 0
46146 0
46147 0
46148 0
46149 0
46150 0
46151 0
46152 0
46153 0
46154 0
46155 0
46156 0
46157 0
46158 0
46159 1
46160 0
46161 0
46162 0
46163 0
46164 0
46165 0
46166 0
46167 0
46168 0
46169 0
46170 0
46171 0
46172 0
46173 0
46174 0
46175 1
46176 0
46177 0
46178 0
46179 0
46180 0
46181 1
46182 0
46183 0
46184 0
46185 0
46186 0
46187 0
46188 0
46189 0
46190 0
46191 0
46192 0
46193 0
46194 0
46195 0
46196 0
46197 0
46198 0
46199 0
46200 0
46201 0
46202 0
46203 0
46204 0
46205 0
46206 0
46207 0
46208 0
46209 0
46210 0
46211 0
46212 0
46213 0
46214 0
46215 0
46216 0
46217 0
46218 1
46219 0
46220 0
46221 0
46222 0
46223 0
46224 0
46225 0
46226 1
46227 0
46228 1
46229 0
46230 0
46231 0
46232 0
46233 0
46234 0
46235 0
46236 0
46237 0
46238 0
46239 0
46240 0
46241 0
46242 0
46243 0
46244 0
46245 0
46246 0
46247 0
46248 0
46249 0
46250 0
46251 0
46252 0
46253 0
46254 0
46255 0
46256 0
46257 0
46258 0
46259 0
46260 0
46261 0
46262 0
46263 0
46264 0
46265 0
46266 0
46267 0
46268 0
46269 0
46270 0
46271 0
46272 0
46273 0
46274 0
46275 0
46276 1
46277 0
46278 0
46279 0
46280 0
46281 0
46282 1
46283 0
46284 0
46285 0
46286 0
46287 0
46288 0
46289 0
46290 0
46291 0
46292 0
46293 0
46294 0
46295 0
46296 0
46297 0
46298 0
46299 0
46300 0
46301 1
46302 0
46303 0
46304 0
46305 0
46306 0
46307 0
46308 0
46309 0
46310 0
46311 0
46312 0
46313 0
46314 0
46315 0
46316 0
46317 0
46318 0
46319 0
46320 0
46321 0
46322 0
46323 0
46324 0
46325 1
46326 0
46327 0
46328 0
46329 0
46330 0
46331 0
46332 0
46333 1
46334 0
46335 0
46336 0
46337 0
46338 0
46339 0
46340 0
46341 0
46342 0
46343 0
46344 0
46345 0
46346 0
46347 0
46348 0
46349 1
46350 0
46351 0
46352 0
46353 0
46354 0
46355 0
46356 0
46357 1
46358 0
46359 0
46360 0
46361 0
46362 0
46363 0
46364 0
46365 1
46366 0
46367 0
46368 0
46369 0
46370 1
46371 0
46372 1
46373 0
46374 0
46375 0
46376 0
46377 0
46378 0
46379 0
46380 0
46381 0
46382 0
46383 0
46384 0
46385 0
46386 0
46387 0
46388 0
46389 0
46390 0
46391 0
46392 0
46393 0
46394 0
46395 0
46396 0
46397 0
46398 0
46399 0
46400 0
46401 0
46402 0
46403 0
46404 0
46405 0
46406 0
46407 0
46408 0
46409 0
46410 0
46411 0
46412 0
46413 0
46414 0
46415 0
46416 0
46417 0
46418 0
46419 0
46420 0
46421 1
46422 0
46423 0
46424 0
46425 0
46426 0
46427 0
46428 0
46429 0
46430 0
46431 1
46432 0
46433 1
46434 0
46435 0
46436 0
46437 0
46438 0
46439 0
46440 0
46441 0
46442 0
46443 0
46444 0
46445 0
46446 0
46447 0
46448 0
46449 0
46450 0
46451 0
46452 0
46453 0
46454 0
46455 0
46456 0
46457 0
46458 1
46459 0
46460 0
46461 0
46462 0
46463 0
46464 0
46465 0
46466 0
46467 0
46468 0
46469 0
46470 0
46471 0
46472 0
46473 0
46474 0
46475 0
46476 0
46477 0
46478 0
46479 0
46480 1
46481 0
46482 0
46483 0
46484 0
46485 0
46486 0
46487 0
46488 0
46489 0
46490 0
46491 0
46492 0
46493 0
46494 0
46495 0
46496 0
46497 0
46498 0
46499 0
46500 1
46501 0
46502 0
46503 0
46504 0
46505 0
46506 0
46507 0
46508 0
46509 0
46510 0
46511 0
46512 0
46513 0
46514 0
46515 0
46516 0
46517 0
46518 0
46519 0
46520 0
46521 0
46522 0
46523 0
46524 0
46525 0
46526 0
46527 0
46528 1
46529 0
46530 0
46531 0
46532 0
46533 0
46534 0
46535 0
46536 0
46537 1
46538 0
46539 1
46540 0
46541 0
46542 0
46543 0
46544 0
46545 0
46546 0
46547 0
46548 0
46549 0
46550 1
46551 0
46552 0
46553 0
46554 0
46555 0
46556 0
46557 0
46558 0
46559 0
46560 0
46561 1
46562 0
46563 0
46564 0
46565 0
46566 0
46567 0
46568 0
46569 0
46570 0
46571 0
46572 0
46573 0
46574 0
46575 0
46576 0
46577 0
46578 0
46579 0
46580 0
46581 0
46582 0
46583 0
46584 0
46585 0
46586 0
46587 0
46588 1
46589 0
46590 0
46591 0
46592 0
46593 0
46594 0
46595 0
46596 0
46597 0
46598 0
46599 0
46600 0
46601 0
46602 0
46603 0
46604 0
46605 0
46606 0
46607 0
46608 0
46609 0
46610 0
46611 0
46612 0
46613 0
46614 1
46615 0
46616 0
46617 0
46618 0
46619 0
46620 0
46621 0
46622 0
46623 0
46624 0
46625 0
46626 0
46627 0
46628 0
46629 0
46630 0
46631 0
46632 0
46633 0
46634 0
46635 0
46636 0
46637 0
46638 0
46639 0
46640 0
46641 0
46642 0
46643 0
46644 0
46645 0
46646 1
46647 0
46648 0
46649 0
46650 0
46651 0
46652 0
46653 0
46654 0
46655 0
46656 0
46657 1
46658 0
46659 0
46660 0
46661 0
46662 0
46663 0
46664 0
46665 0
46666 0
46667 0
46668 0
46669 0
46670 0
46671 0
46672 0
46673 0
46674 0
46675 0
46676 0
46677 0
46678 0
46679 0
46680 0
46681 0
46682 0
46683 0
46684 0
46685 0
46686 0
46687 0
46688 0
46689 0
46690 0
46691 0
46692 0
46693 0
46694 0
46695 0
46696 0
46697 0
46698 0
46699 0
46700 0
46701 0
46702 0
46703 0
46704 0
46705 0
46706 0
46707 0
46708 0
46709 0
46710 0
46711 0
46712 0
46713 0
46714 0
46715 0
46716 0
46717 0
46718 1
46719 1
46720 0
46721 0
46722 0
46723 0
46724 0
46725 0
46726 0
46727 0
46728 0
46729 0
46730 0
46731 0
46732 0
46733 0
46734 1
46735 1
46736 0
46737 0
46738 0
46739 0
46740 0
46741 0
46742 0
46743 0
46744 0
46745 0
46746 0
46747 0
46748 0
46749 0
46750 0
46751 0
46752 0
46753 0
46754 0
46755 0
46756 1
46757 0
46758 0
46759 0
46760 0
46761 0
46762 0
46763 0
46764 0
46765 0
46766 0
46767 0
46768 0
46769 0
46770 0
46771 0
46772 0
46773 0
46774 0
46775 0
46776 0
46777 0
46778 0
46779 0
46780 0
46781 0
46782 0
46783 0
46784 0
46785 0
46786 0
46787 0
46788 0
46789 0
46790 0
46791 0
46792 0
46793 0
46794 0
46795 0
46796 0
46797 0
46798 0
46799 0
46800 0
46801 1
46802 0
46803 0
46804 0
46805 0
46806 0
46807 0
46808 0
46809 0
46810 0
46811 0
46812 0
46813 0
46814 0
46815 1
46816 0
46817 0
46818 0
46819 0
46820 0
46821 0
46822 0
46823 0
46824 0
46825 0
46826 0
46827 0
46828 0
46829 0
46830 0
46831 0
46832 0
46833 0
46834 0
46835 0
46836 0
46837 0
46838 0
46839 0
46840 0
46841 0
46842 0
46843 0
46844 0
46845 0
46846 0
46847 0
46848 0
46849 0
46850 0
46851 0
46852 0
46853 0
46854 0
46855 0
46856 0
46857 0
46858 0
46859 0
46860 0
46861 0
46862 0
46863 0
46864 0
46865 0
46866 0
46867 0
46868 0
46869 0
46870 0
46871 0
46872 0
46873 0
46874 0
46875 0
46876 0
46877 0
46878 0
46879 0
46880 1
46881 0
46882 0
46883 0
46884 0
46885 0
46886 0
46887 0
46888 0
46889 0
46890 0
46891 0
46892 0
46893 0
46894 0
46895 1
46896 0
46897 0
46898 0
46899 0
46900 0
46901 0
46902 0
46903 0
46904 0
46905 0
46906 0
46907 0
46908 1
46909 0
46910 0
46911 0
46912 0
46913 0
46914 0
46915 0
46916 0
46917 0
46918 0
46919 0
46920 0
46921 0
46922 0
46923 0
46924 0
46925 0
46926 0
46927 0
46928 0
46929 0
46930 0
46931 0
46932 0
46933 0
46934 0
46935 0
46936 0
46937 0
46938 0
46939 0
46940 0
46941 0
46942 1
46943 0
46944 0
46945 0
46946 0
46947 0
46948 0
46949 0
46950 0
46951 0
46952 0
46953 0
46954 0
46955 0
46956 0
46957 0
46958 0
46959 0
46960 1
46961 0
46962 0
46963 0
46964 0
46965 0
46966 0
46967 0
46968 0
46969 0
46970 0
46971 0
46972 0
46973 0
46974 0
46975 0
46976 0
46977 0
46978 0
46979 0
46980 0
46981 0
46982 0
46983 0
46984 0
46985 0
46986 0
46987 0
46988 0
46989 0
46990 0
46991 0
46992 0
46993 0
46994 0
46995 0
46996 0
46997 0
46998 0
46999 0
47000 0
47001 0
47002 0
47003 0
47004 0
47005 0
47006 0
47007 0
47008 0
47009 0
47010 0
47011 0
47012 0
47013 0
47014 0
47015 0
47016 1
47017 0
47018 1
47019 0
47020 0
47021 0
47022 0
47023 0
47024 0
47025 0
47026 0
47027 0
47028 0
47029 1
47030 0
47031 0
47032 0
47033 0
47034 0
47035 0
47036 0
47037 0
47038 0
47039 0
47040 0
47041 0
47042 0
47043 0
47044 0
47045 0
47046 0
47047 0
47048 0
47049 0
47050 0
47051 0
47052 0
47053 0
47054 0
47055 0
47056 0
47057 0
47058 0
47059 0
47060 0
47061 0
47062 0
47063 0
47064 0
47065 0
47066 0
47067 0
47068 0
47069 0
47070 0
47071 0
47072 0
47073 0
47074 0
47075 0
47076 0
47077 0
47078 0
47079 0
47080 0
47081 0
47082 0
47083 0
47084 0
47085 0
47086 0
47087 0
47088 0
47089 1
47090 0
47091 0
47092 0
47093 0
47094 0
47095 0
47096 0
47097 0
47098 0
47099 0
47100 0
47101 0
47102 0
47103 0
47104 0
47105 0
47106 0
47107 0
47108 0
47109 0
47110 0
47111 0
47112 0
47113 0
47114 0
47115 0
47116 0
47117 0
47118 0
47119 0
47120 1
47121 0
47122 0
47123 0
47124 1
47125 0
47126 0
47127 0
47128 0
47129 0
47130 0
47131 0
47132 0
47133 0
47134 1
47135 0
47136 0
47137 0
47138 1
47139 0
47140 0
47141 0
47142 0
47143 0
47144 0
47145 0
47146 0
47147 0
47148 0
47149 0
47150 0
47151 0
47152 0
47153 1
47154 0
47155 0
47156 0
47157 0
47158 0
47159 0
47160 0
47161 0
47162 0
47163 0
47164 0
47165 0
47166 0
47167 0
47168 0
47169 0
47170 0
47171 0
47172 0
47173 1
47174 0
47175 0
47176 0
47177 0
47178 0
47179 0
47180 0
47181 0
47182 0
47183 0
47184 0
47185 0
47186 0
47187 0
47188 0
47189 0
47190 0
47191 0
47192 0
47193 0
47194 0
47195 0
47196 0
47197 0
47198 0
47199 0
47200 0
47201 0
47202 0
47203 1
47204 0
47205 0
47206 0
47207 1
47208 0
47209 0
47210 0
47211 0
47212 0
47213 0
47214 0
47215 1
47216 1
47217 0
47218 0
47219 0
47220 0
47221 0
47222 0
47223 0
47224 0
47225 0
47226 0
47227 0
47228 1
47229 0
47230 0
47231 0
47232 0
47233 0
47234 0
47235 0
47236 0
47237 1
47238 0
47239 0
47240 0
47241 0
47242 1
47243 0
47244 0
47245 0
47246 0
47247 0
47248 1
47249 0
47250 0
47251 0
47252 0
47253 0
47254 0
47255 0
47256 0
47257 0
47258 0
47259 0
47260 0
47261 0
47262 0
47263 0
47264 1
47265 0
47266 0
47267 0
47268 0
47269 0
47270 0
47271 0
47272 0
47273 0
47274 0
47275 0
47276 0
47277 0
47278 0
47279 0
47280 0
47281 0
47282 0
47283 0
47284 0
47285 0
47286 0
47287 0
47288 1
47289 0
47290 0
47291 0
47292 0
47293 0
47294 0
47295 0
47296 0
47297 0
47298 0
47299 0
47300 0
47301 0
47302 0
47303 0
47304 0
47305 0
47306 0
47307 0
47308 0
47309 0
47310 0
47311 0
47312 0
47313 0
47314 0
47315 0
47316 0
47317 0
47318 0
47319 1
47320 0
47321 0
47322 0
47323 0
47324 0
47325 0
47326 0
47327 0
47328 0
47329 0
47330 0
47331 0
47332 0
47333 0
47334 1
47335 0
47336 0
47337 0
47338 0
47339 0
47340 1
47341 0
47342 0
47343 0
47344 0
47345 0
47346 0
47347 0
47348 0
47349 0
47350 0
47351 1
47352 0
47353 0
47354 0
47355 0
47356 0
47357 0
47358 0
47359 0
47360 0
47361 0
47362 0
47363 0
47364 0
47365 0
47366 0
47367 0
47368 0
47369 0
47370 0
47371 0
47372 0
47373 0
47374 0
47375 0
47376 0
47377 0
47378 0
47379 0
47380 0
47381 0
47382 0
47383 0
47384 0
47385 0
47386 0
47387 0
47388 0
47389 0
47390 0
47391 0
47392 0
47393 0
47394 0
47395 0
47396 0
47397 0
47398 0
47399 0
47400 0
47401 0
47402 0
47403 0
47404 0
47405 0
47406 0
47407 0
47408 0
47409 0
47410 0
47411 0
47412 0
47413 0
47414 0
47415 0
47416 1
47417 0
47418 0
47419 0
47420 0
47421 0
47422 0
47423 0
47424 0
47425 0
47426 0
47427 0
47428 0
47429 0
47430 0
47431 0
47432 0
47433 0
47434 0
47435 0
47436 0
47437 0
47438 0
47439 0
47440 0
47441 0
47442 0
47443 1
47444 0
47445 0
47446 0
47447 0
47448 0
47449 0
47450 0
47451 0
47452 0
47453 0
47454 0
47455 0
47456 0
47457 0
47458 0
47459 0
47460 0
47461 0
47462 0
47463 0
47464 0
47465 0
47466 0
47467 0
47468 0
47469 0
47470 0
47471 0
47472 0
47473 0
47474 0
47475 0
47476 0
47477 0
47478 0
47479 0
47480 0
47481 0
47482 0
47483 0
47484 0
47485 0
47486 1
47487 0
47488 0
47489 0
47490 0
47491 0
47492 0
47493 0
47494 0
47495 0
47496 0
47497 0
47498 0
47499 0
47500 0
47501 0
47502 0
47503 0
47504 0
47505 0
47506 0
47507 0
47508 1
47509 0
47510 0
47511 0
47512 1
47513 0
47514 0
47515 0
47516 0
47517 0
47518 0
47519 0
47520 0
47521 0
47522 0
47523 0
47524 0
47525 0
47526 0
47527 0
47528 0
47529 0
47530 0
47531 0
47532 0
47533 0
47534 0
47535 0
47536 0
47537 0
47538 0
47539 0
47540 0
47541 0
47542 0
47543 0
47544 0
47545 0
47546 0
47547 0
47548 0
47549 0
47550 0
47551 0
47552 0
47553 1
47554 0
47555 0
47556 0
47557 0
47558 0
47559 0
47560 0
47561 0
47562 0
47563 0
47564 0
47565 0
47566 0
47567 0
47568 0
47569 0
47570 0
47571 0
47572 0
47573 0
47574 0
47575 0
47576 0
47577 0
47578 0
47579 0
47580 0
47581 1
47582 0
47583 0
47584 0
47585 0
47586 0
47587 0
47588 0
47589 0
47590 0
47591 0
47592 0
47593 0
47594 0
47595 0
47596 0
47597 0
47598 0
47599 0
47600 0
47601 0
47602 0
47603 0
47604 0
47605 0
47606 0
47607 0
47608 0
47609 0
47610 1
47611 0
47612 0
47613 0
47614 0
47615 0
47616 0
47617 0
47618 0
47619 0
47620 0
47621 0
47622 0
47623 0
47624 0
47625 0
47626 0
47627 0
47628 0
47629 0
47630 0
47631 0
47632 0
47633 0
47634 0
47635 0
47636 0
47637 0
47638 0
47639 0
47640 0
47641 0
47642 0
47643 0
47644 0
47645 0
47646 0
47647 0
47648 0
47649 0
47650 0
47651 0
47652 0
47653 0
47654 0
47655 0
47656 0
47657 0
47658 0
47659 0
47660 0
47661 0
47662 0
47663 0
47664 0
47665 0
47666 0
47667 0
47668 0
47669 0
47670 0
47671 0
47672 0
47673 0
47674 0
47675 0
47676 0
47677 0
47678 0
47679 0
47680 0
47681 0
47682 0
47683 1
47684 0
47685 0
47686 0
47687 1
47688 0
47689 0
47690 0
47691 0
47692 0
47693 0
47694 0
47695 0
47696 0
47697 0
47698 0
47699 0
47700 0
47701 0
47702 0
47703 0
47704 0
47705 0
47706 0
47707 0
47708 0
47709 0
47710 0
47711 0
47712 0
47713 0
47714 0
47715 0
47716 0
47717 0
47718 0
47719 0
47720 0
47721 0
47722 1
47723 0
47724 0
47725 0
47726 1
47727 0
47728 0
47729 0
47730 0
47731 0
47732 0
47733 0
47734 0
47735 0
47736 1
47737 0
47738 0
47739 0
47740 0
47741 0
47742 0
47743 0
47744 0
47745 0
47746 0
47747 0
47748 0
47749 0
47750 0
47751 0
47752 0
47753 0
47754 0
47755 0
47756 0
47757 0
47758 0
47759 0
47760 0
47761 0
47762 0
47763 0
47764 0
47765 0
47766 0
47767 0
47768 1
47769 0
47770 0
47771 0
47772 1
47773 0
47774 0
47775 0
47776 0
47777 0
47778 0
47779 0
47780 0
47781 0
47782 0
47783 0
47784 0
47785 0
47786 1
47787 0
47788 0
47789 0
47790 0
47791 0
47792 0
47793 0
47794 0
47795 0
47796 0
47797 0
47798 0
47799 0
47800 0
47801 0
47802 0
47803 0
47804 0
47805 0
47806 0
47807 0
47808 0
47809 0
47810 1
47811 0
47812 0
47813 0
47814 0
47815 0
47816 0
47817 0
47818 0
47819 0
47820 0
47821 0
47822 0
47823 0
47824 0
47825 0
47826 0
47827 0
47828 0
47829 0
47830 0
47831 0
47832 0
47833 0
47834 0
47835 0
47836 0
47837 0
47838 0
47839 0
47840 0
47841 0
47842 0
47843 0
47844 0
47845 0
47846 0
47847 0
47848 0
47849 0
47850 0
47851 0
47852 0
47853 0
47854 0
47855 0
47856 0
47857 0
47858 0
47859 0
47860 0
47861 0
47862 0
47863 0
47864 0
47865 0
47866 1
47867 0
47868 0
47869 0
47870 0
47871 0
47872 0
47873 0
47874 0
47875 0
47876 0
47877 0
47878 0
47879 0
47880 0
47881 0
47882 0
47883 0
47884 0
47885 0
47886 0
47887 0
47888 2
47889 0
47890 1
47891 0
47892 0
47893 0
47894 0
47895 0
47896 0
47897 0
47898 0
47899 0
47900 0
47901 0
47902 0
47903 1
47904 0
47905 0
47906 0
47907 0
47908 0
47909 0
47910 0
47911 0
47912 0
47913 0
47914 0
47915 0
47916 0
47917 0
47918 0
47919 1
47920 0
47921 0
47922 0
47923 0
47924 0
47925 0
47926 0
47927 0
47928 0
47929 1
47930 0
47931 0
47932 0
47933 0
47934 0
47935 0
47936 0
47937 0
47938 0
47939 0
47940 0
47941 0
47942 0
47943 0
47944 0
47945 0
47946 0
47947 0
47948 0
47949 0
47950 0
47951 0
47952 0
47953 0
47954 0
47955 0
47956 0
47957 0
47958 0
47959 0
47960 0
47961 0
47962 0
47963 1
47964 0
47965 0
47966 0
47967 0
47968 0
47969 0
47970 0
47971 0
47972 0
47973 0
47974 0
47975 0
47976 0
47977 0
47978 0
47979 0
47980 0
47981 0
47982 0
47983 0
47984 0
47985 0
47986 0
47987 0
47988 0
47989 0
47990 0
47991 0
47992 0
47993 0
47994 0
47995 0
47996 0
47997 0
47998 0
47999 0
48000 0
48001 0
48002 0
48003 0
48004 0
48005 0
48006 0
48007 0
48008 0
48009 0
48010 0
48011 0
48012 0
48013 0
48014 0
48015 0
48016 0
48017 0
48018 0
48019 0
48020 0
48021 0
48022 0
48023 0
48024 0
48025 0
48026 0
48027 0
48028 0
48029 0
48030 0
48031 0
48032 0
48033 0
48034 0
48035 0
48036 0
48037 0
48038 0
48039 0
48040 0
48041 0
48042 0
48043 0
48044 0
48045 0
48046 0
48047 0
48048 0
48049 0
48050 0
48051 0
48052 0
48053 0
48054 0
48055 0
48056 0
48057 0
48058 0
48059 1
48060 0
48061 0
48062 0
48063 0
48064 0
48065 1
48066 0
48067 0
48068 0
48069 0
48070 0
48071 0
48072 0
48073 0
48074 0
48075 0
48076 0
48077 0
48078 0
48079 0
48080 0
48081 0
48082 0
48083 0
48084 0
48085 0
48086 0
48087 0
48088 0
48089 0
48090 0
48091 0
48092 0
48093 0
48094 0
48095 0
48096 0
48097 0
48098 0
48099 0
48100 0
48101 0
48102 0
48103 0
48104 0
48105 1
48106 0
48107 0
48108 0
48109 0
48110 0
48111 0
48112 0
48113 0
48114 0
48115 0
48116 0
48117 0
48118 0
48119 0
48120 0
48121 0
48122 0
48123 0
48124 0
48125 0
48126 0
48127 0
48128 0
48129 0
48130 0
48131 0
48132 0
48133 0
48134 0
48135 0
48136 0
48137 0
48138 0
48139 0
48140 1
48141 0
48142 0
48143 0
48144 0
48145 0
48146 0
48147 0
48148 0
48149 0
48150 0
48151 0
48152 1
48153 0
48154 0
48155 0
48156 0
48157 1
48158 0
48159 0
48160 0
48161 0
48162 0
48163 1
48164 0
48165 0
48166 0
48167 0
48168 0
48169 1
48170 0
48171 0
48172 0
48173 0
48174 0
48175 0
48176 0
48177 0
48178 0
48179 1
48180 0
48181 0
48182 0
48183 0
48184 0
48185 0
48186 0
48187 0
48188 0
48189 0
48190 0
48191 0
48192 0
48193 0
48194 0
48195 0
48196 0
48197 0
48198 0
48199 0
48200 0
48201 0
48202 0
48203 0
48204 0
48205 0
48206 0
48207 0
48208 0
48209 0
48210 0
48211 0
48212 0
48213 0
48214 0
48215 0
48216 0
48217 0
48218 0
48219 0
48220 0
48221 0
48222 0
48223 0
48224 0
48225 0
48226 0
48227 0
48228 0
48229 0
48230 0
48231 0
48232 0
48233 0
48234 0
48235 0
48236 0
48237 0
48238 0
48239 0
48240 0
48241 0
48242 0
48243 0
48244 0
48245 0
48246 0
48247 0
48248 0
48249 0
48250 0
48251 0
48252 0
48253 0
48254 0
48255 0
48256 0
48257 0
48258 0
48259 0
48260 0
48261 0
48262 0
48263 0
48264 0
48265 0
48266 0
48267 0
48268 0
48269 0
48270 0
48271 0
48272 1
48273 0
48274 0
48275 0
48276 0
48277 0
48278 0
48279 0
48280 0
48281 0
48282 0
48283 0
48284 0
48285 0
48286 1
48287 0
48288 0
48289 0
48290 0
48291 0
48292 0
48293 0
48294 0
48295 0
48296 0
48297 0
48298 0
48299 0
48300 0
48301 0
48302 0
48303 0
48304 0
48305 0
48306 0
48307 0
48308 0
48309 0
48310 0
48311 0
48312 0
48313 0
48314 0
48315 0
48316 0
48317 0
48318 0
48319 0
48320 0
48321 1
48322 0
48323 0
48324 0
48325 0
48326 0
48327 0
48328 0
48329 0
48330 0
48331 0
48332 0
48333 1
48334 0
48335 0
48336 0
48337 0
48338 0
48339 0
48340 0
48341 0
48342 0
48343 0
48344 0
48345 0
48346 0
48347 0
48348 0
48349 0
48350 0
48351 0
48352 1
48353 0
48354 0
48355 0
48356 0
48357 0
48358 0
48359 0
48360 0
48361 0
48362 0
48363 0
48364 0
48365 0
48366 1
48367 0
48368 0
48369 0
48370 0
48371 0
48372 0
48373 0
48374 0
48375 0
48376 0
48377 0
48378 0
48379 0
48380 0
48381 0
48382 0
48383 0
48384 0
48385 0
48386 0
48387 0
48388 0
48389 0
48390 0
48391 0
48392 0
48393 0
48394 1
48395 0
48396 0
48397 1
48398 0
48399 0
48400 0
48401 0
48402 0
48403 0
48404 0
48405 0
48406 0
48407 0
48408 0
48409 0
48410 0
48411 0
48412 0
48413 0
48414 0
48415 0
48416 0
48417 0
48418 0
48419 0
48420 0
48421 0
48422 0
48423 0
48424 0
48425 0
48426 0
48427 0
48428 0
48429 0
48430 0
48431 0
48432 0
48433 0
48434 0
48435 0
48436 0
48437 0
48438 0
48439 0
48440 0
48441 0
48442 0
48443 0
48444 0
48445 0
48446 0
48447 0
48448 0
48449 1
48450 0
48451 0
48452 0
48453 0
48454 0
48455 0
48456 0
48457 0
48458 0
48459 0
48460 0
48461 0
48462 0
48463 0
48464 0
48465 0
48466 0
48467 0
48468 0
48469 0
48470 0
48471 0
48472 1
48473 0
48474 0
48475 0
48476 0
48477 0
48478 0
48479 0
48480 0
48481 0
48482 0
48483 1
48484 0
48485 0
48486 0
48487 0
48488 0
48489 0
48490 0
48491 0
48492 0
48493 0
48494 1
48495 0
48496 0
48497 0
48498 0
48499 0
48500 0
48501 0
48502 0
48503 0
48504 1
48505 0
48506 0
48507 0
48508 0
48509 0
48510 0
48511 0
48512 0
48513 0
48514 0
48515 0
48516 0
48517 0
48518 0
48519 0
48520 1
48521 0
48522 0
48523 0
48524 0
48525 0
48526 0
48527 0
48528 0
48529 0
48530 0
48531 0
48532 0
48533 0
48534 0
48535 0
48536 1
48537 0
48538 1
48539 0
48540 1
48541 0
48542 0
48543 0
48544 0
48545 0
48546 0
48547 0
48548 0
48549 0
48550 0
48551 0
48552 0
48553 0
48554 0
48555 0
48556 0
48557 0
48558 0
48559 0
48560 0
48561 0
48562 0
48563 0
48564 0
48565 0
48566 0
48567 0
48568 0
48569 0
48570 0
48571 0
48572 0
48573 0
48574 0
48575 0
48576 0
48577 0
48578 0
48579 0
48580 0
48581 0
48582 0
48583 0
48584 0
48585 0
48586 0
48587 0
48588 0
48589 0
48590 0
48591 0
48592 0
48593 0
48594 0
48595 0
48596 0
48597 0
48598 0
48599 0
48600 0
48601 0
48602 1
48603 0
48604 0
48605 0
48606 0
48607 0
48608 0
48609 0
48610 0
48611 0
48612 0
48613 0
48614 0
48615 0
48616 0
48617 0
48618 0
48619 0
48620 1
48621 0
48622 0
48623 0
48624 0
48625 0
48626 0
48627 0
48628 0
48629 0
48630 0
48631 0
48632 0
48633 0
48634 0
48635 0
48636 0
48637 0
48638 0
48639 0
48640 0
48641 0
48642 0
48643 0
48644 0
48645 0
48646 0
48647 0
48648 0
48649 0
48650 0
48651 0
48652 0
48653 0
48654 0
48655 0
48656 0
48657 0
48658 0
48659 0
48660 0
48661 0
48662 0
48663 0
48664 0
48665 0
48666 0
48667 0
48668 0
48669 0
48670 0
48671 0
48672 0
48673 0
48674 0
48675 0
48676 0
48677 0
48678 0
48679 0
48680 0
48681 0
48682 0
48683 0
48684 0
48685 0
48686 0
48687 0
48688 0
48689 0
48690 0
48691 0
48692 0
48693 0
48694 0
48695 0
48696 0
48697 0
48698 0
48699 0
48700 0
48701 0
48702 0
48703 0
48704 0
48705 0
48706 0
48707 0
48708 0
48709 0
48710 0
48711 0
48712 0
48713 0
48714 0
48715 0
48716 0
48717 0
48718 0
48719 1
48720 0
48721 0
48722 0
48723 0
48724 0
48725 1
48726 0
48727 0
48728 0
48729 0
48730 0
48731 0
48732 0
48733 0
48734 0
48735 0
48736 0
48737 0
48738 0
48739 0
48740 0
48741 0
48742 0
48743 0
48744 0
48745 0
48746 0
48747 0
48748 0
48749 0
48750 0
48751 0
48752 0
48753 0
48754 0
48755 0
48756 0
48757 0
48758 0
48759 0
48760 0
48761 0
48762 0
48763 0
48764 0
48765 0
48766 0
48767 0
48768 1
48769 0
48770 0
48771 0
48772 0
48773 0
48774 0
48775 0
48776 0
48777 0
48778 0
48779 0
48780 0
48781 0
48782 0
48783 0
48784 0
48785 0
48786 0
48787 0
48788 0
48789 0
48790 0
48791 0
48792 0
48793 0
48794 0
48795 0
48796 0
48797 0
48798 0
48799 0
48800 0
48801 0
48802 0
48803 0
48804 0
48805 0
48806 0
48807 0
48808 0
48809 0
48810 0
48811 0
48812 0
48813 0
48814 0
48815 0
48816 0
48817 0
48818 0
48819 0
48820 0
48821 0
48822 0
48823 0
48824 0
48825 1
48826 0
48827 0
48828 0
48829 0
48830 0
48831 0
48832 0
48833 0
48834 0
48835 0
48836 0
48837 0
48838 0
48839 0
48840 0
48841 0
48842 0
48843 0
48844 0
48845 0
48846 0
48847 0
48848 0
48849 0
48850 0
48851 0
48852 0
48853 0
48854 0
48855 0
48856 0
48857 0
48858 1
48859 0
48860 0
48861 0
48862 0
48863 0
48864 0
48865 0
48866 0
48867 0
48868 0
48869 0
48870 0
48871 0
48872 0
48873 0
48874 0
48875 0
48876 0
48877 0
48878 0
48879 0
48880 0
48881 0
48882 0
48883 0
48884 0
48885 0
48886 0
48887 0
48888 0
48889 0
48890 0
48891 0
48892 0
48893 0
48894 0
48895 0
48896 0
48897 0
48898 0
48899 0
48900 0
48901 0
48902 0
48903 0
48904 0
48905 0
48906 0
48907 0
48908 1
48909 0
48910 0
48911 0
48912 0
48913 0
48914 0
48915 0
48916 1
48917 0
48918 0
48919 0
48920 0
48921 0
48922 1
48923 0
48924 0
48925 0
48926 0
48927 0
48928 0
48929 0
48930 0
48931 0
48932 0
48933 0
48934 0
48935 0
48936 0
48937 0
48938 0
48939 0
48940 0
48941 1
48942 0
48943 0
48944 0
48945 0
48946 0
48947 0
48948 0
48949 0
48950 0
48951 0
48952 0
48953 0
48954 0
48955 0
48956 0
48957 1
48958 0
48959 0
48960 0
48961 0
48962 0
48963 0
48964 1
48965 0
48966 0
48967 1
48968 0
48969 0
48970 0
48971 0
48972 0
48973 0
48974 0
48975 0
48976 0
48977 0
48978 0
48979 0
48980 0
48981 0
48982 0
48983 0
48984 0
48985 0
48986 0
48987 0
48988 0
48989 0
48990 0
48991 0
48992 0
48993 0
48994 0
48995 0
48996 0
48997 0
48998 0
48999 0
49000 0
49001 0
49002 0
49003 0
49004 0
49005 0
49006 0
49007 0
49008 0
49009 0
49010 0
49011 0
49012 0
49013 0
49014 0
49015 0
49016 0
49017 0
49018 0
49019 0
49020 0
49021 0
49022 0
49023 0
49024 0
49025 0
49026 0
49027 0
49028 0
49029 0
49030 0
49031 0
49032 0
49033 0
49034 0
49035 0
49036 0
49037 0
49038 0
49039 0
49040 0
49041 0
49042 0
49043 0
49044 0
49045 0
49046 0
49047 0
49048 0
49049 0
49050 0
49051 0
49052 0
49053 0
49054 0
49055 0
49056 0
49057 1
49058 0
49059 0
49060 0
49061 0
49062 0
49063 0
49064 0
49065 0
49066 0
49067 0
49068 0
49069 0
49070 0
49071 0
49072 0
49073 0
49074 0
49075 0
49076 0
49077 0
49078 0
49079 0
49080 0
49081 0
49082 0
49083 1
49084 0
49085 0
49086 0
49087 0
49088 0
49089 0
49090 0
49091 0
49092 0
49093 0
49094 0
49095 0
49096 0
49097 0
49098 0
49099 0
49100 0
49101 0
49102 0
49103 1
49104 0
49105 0
49106 0
49107 0
49108 0
49109 0
49110 0
49111 0
49112 0
49113 0
49114 0
49115 0
49116 0
49117 0
49118 0
49119 0
49120 0
49121 0
49122 0
49123 0
49124 0
49125 0
49126 0
49127 0
49128 0
49129 0
49130 0
49131 0
49132 0
49133 0
49134 0
49135 0
49136 0
49137 0
49138 0
49139 0
49140 0
49141 0
49142 0
49143 0
49144 0
49145 0
49146 0
49147 0
49148 0
49149 0
49150 0
49151 0
49152 0
49153 0
49154 0
49155 0
49156 0
49157 0
49158 0
49159 0
49160 0
49161 0
49162 0
49163 0
49164 0
49165 0
49166 0
49167 0
49168 0
49169 0
49170 0
49171 0
49172 0
49173 0
49174 0
49175 0
49176 0
49177 0
49178 0
49179 0
49180 0
49181 0
49182 0
49183 0
49184 0
49185 0
49186 0
49187 0
49188 0
49189 0
49190 0
49191 0
49192 0
49193 0
49194 0
49195 0
49196 0
49197 0
49198 0
49199 0
49200 0
49201 1
49202 0
49203 0
49204 0
49205 0
49206 0
49207 0
49208 0
49209 0
49210 0
49211 0
49212 0
49213 0
49214 0
49215 0
49216 0
49217 0
49218 0
49219 0
49220 0
49221 0
49222 0
49223 0
49224 0
49225 0
49226 0
49227 0
49228 0
49229 0
49230 0
49231 0
49232 0
49233 0
49234 0
49235 0
49236 0
49237 0
49238 0
49239 0
49240 0
49241 0
49242 0
49243 0
49244 1
49245 0
49246 0
49247 0
49248 0
49249 0
49250 0
49251 0
49252 0
49253 0
49254 0
49255 0
49256 0
49257 0
49258 0
49259 0
49260 0
49261 0
49262 0
49263 0
49264 0
49265 0
49266 0
49267 0
49268 0
49269 0
49270 0
49271 0
49272 0
49273 0
49274 0
49275 0
49276 0
49277 0
49278 0
49279 0
49280 0
49281 0
49282 0
49283 0
49284 0
49285 0
49286 0
49287 0
49288 0
49289 0
49290 0
49291 0
49292 0
49293 0
49294 0
49295 0
49296 0
49297 0
49298 0
49299 0
49300 0
49301 0
49302 0
49303 0
49304 0
49305 0
49306 0
49307 0
49308 0
49309 0
49310 0
49311 0
49312 0
49313 0
49314 0
49315 0
49316 0
49317 0
49318 0
49319 1
49320 0
49321 0
49322 0
49323 0
49324 0
49325 1
49326 0
49327 0
49328 0
49329 0
49330 0
49331 0
49332 0
49333 0
49334 0
49335 0
49336 0
49337 0
49338 0
49339 0
49340 0
49341 0
49342 0
49343 0
49344 0
49345 0
49346 0
49347 0
49348 0
49349 0
49350 0
49351 0
49352 0
49353 0
49354 0
49355 0
49356 0
49357 0
49358 0
49359 0
49360 0
49361 0
49362 0
49363 0
49364 0
49365 0
49366 0
49367 0
49368 0
49369 0
49370 0
49371 0
49372 0
49373 0
49374 0
49375 0
49376 0
49377 0
49378 0
49379 0
49380 0
49381 0
49382 0
49383 0
49384 1
49385 0
49386 0
49387 0
49388 0
49389 0
49390 0
49391 0
49392 0
49393 0
49394 0
49395 0
49396 0
49397 0
49398 0
49399 0
49400 0
49401 0
49402 0
49403 0
49404 0
49405 0
49406 0
49407 0
49408 0
49409 0
49410 0
49411 0
49412 0
49413 0
49414 0
49415 0
49416 0
49417 0
49418 0
49419 0
49420 0
49421 0
49422 0
49423 0
49424 0
49425 0
49426 0
49427 0
49428 0
49429 0
49430 0
49431 0
49432 0
49433 0
49434 0
49435 0
49436 0
49437 0
49438 0
49439 0
49440 0
49441 0
49442 0
49443 0
49444 0
49445 0
49446 0
49447 0
49448 0
49449 0
49450 0
49451 0
49452 0
49453 0
49454 0
49455 0
49456 0
49457 0
49458 0
49459 0
49460 0
49461 0
49462 0
49463 0
49464 0
49465 1
49466 0
49467 0
49468 0
49469 1
49470 0
49471 0
49472 0
49473 0
49474 0
49475 0
49476 0
49477 0
49478 0
49479 0
49480 0
49481 0
49482 0
49483 0
49484 0
49485 1
49486 0
49487 0
49488 0
49489 0
49490 0
49491 0
49492 1
49493 0
49494 0
49495 0
49496 0
49497 0
49498 0
49499 0
49500 0
49501 0
49502 0
49503 0
49504 0
49505 0
49506 0
49507 0
49508 0
49509 0
49510 0
49511 0
49512 0
49513 0
49514 0
49515 0
49516 0
49517 0
49518 0
49519 0
49520 0
49521 0
49522 0
49523 0
49524 0
49525 0
49526 0
49527 0
49528 0
49529 0
49530 0
49531 0
49532 0
49533 0
49534 0
49535 0
49536 0
49537 0
49538 0
49539 1
49540 0
49541 0
49542 0
49543 0
49544 1
49545 0
49546 0
49547 0
49548 0
49549 0
49550 0
49551 0
49552 0
49553 0
49554 0
49555 0
49556 0
49557 0
49558 0
49559 0
49560 0
49561 0
49562 0
49563 0
49564 0
49565 0
49566 0
49567 0
49568 0
49569 0
49570 0
49571 0
49572 0
49573 0
49574 0
49575 0
49576 0
49577 0
49578 0
49579 1
49580 0
49581 0
49582 0
49583 0
49584 0
49585 1
49586 0
49587 1
49588 0
49589 0
49590 0
49591 0
49592 0
49593 0
49594 0
49595 0
49596 0
49597 0
49598 0
49599 0
49600 0
49601 1
49602 0
49603 0
49604 0
49605 0
49606 0
49607 0
49608 0
49609 0
49610 0
49611 0
49612 0
49613 0
49614 0
49615 0
49616 0
49617 0
49618 0
49619 0
49620 0
49621 0
49622 0
49623 0
49624 0
49625 0
49626 0
49627 0
49628 0
49629 0
49630 0
49631 0
49632 0
49633 0
49634 0
49635 0
49636 1
49637 0
49638 0
49639 0
49640 0
49641 0
49642 0
49643 0
49644 0
49645 0
49646 0
49647 0
49648 0
49649 0
49650 0
49651 0
49652 0
49653 0
49654 0
49655 0
49656 0
49657 0
49658 0
49659 0
49660 0
49661 0
49662 0
49663 0
49664 0
49665 0
49666 0
49667 0
49668 1
49669 0
49670 0
49671 0
49672 0
49673 0
49674 0
49675 0
49676 0
49677 0
49678 0
49679 0
49680 0
49681 0
49682 0
49683 0
49684 0
49685 0
49686 0
49687 0
49688 0
49689 0
49690 0
49691 0
49692 0
49693 0
49694 0
49695 0
49696 0
49697 0
49698 0
49699 0
49700 0
49701 0
49702 0
49703 0
49704 0
49705 0
49706 0
49707 0
49708 0
49709 0
49710 0
49711 0
49712 0
49713 0
49714 0
49715 0
49716 0
49717 1
49718 0
49719 0
49720 0
49721 0
49722 0
49723 0
49724 0
49725 0
49726 0
49727 0
49728 0
49729 0
49730 0
49731 0
49732 0
49733 0
49734 0
49735 0
49736 0
49737 1
49738 0
49739 0
49740 0
49741 0
49742 0
49743 0
49744 0
49745 0
49746 0
49747 0
49748 0
49749 0
49750 0
49751 0
49752 0
49753 0
49754 0
49755 0
49756 0
49757 0
49758 0
49759 0
49760 0
49761 0
49762 0
49763 0
49764 0
49765 0
49766 0
49767 0
49768 1
49769 0
49770 0
49771 0
49772 0
49773 0
49774 0
49775 0
49776 1
49777 0
49778 0
49779 0
49780 0
49781 0
49782 0
49783 0
49784 1
49785 0
49786 0
49787 0
49788 0
49789 0
49790 0
49791 0
49792 0
49793 0
49794 0
49795 0
49796 0
49797 0
49798 0
49799 0
49800 0
49801 0
49802 0
49803 0
49804 0
49805 0
49806 0
49807 0
49808 0
49809 0
49810 0
49811 0
49812 0
49813 0
49814 0
49815 0
49816 0
49817 0
49818 0
49819 0
49820 0
49821 0
49822 0
49823 0
49824 0
49825 0
49826 0
49827 0
49828 0
49829 0
49830 0
49831 1
49832 0
49833 0
49834 0
49835 0
49836 0
49837 0
49838 0
49839 0
49840 0
49841 0
49842 0
49843 0
49844 0
49845 0
49846 0
49847 0
49848 0
49849 0
49850 0
49851 0
49852 0
49853 0
49854 0
49855 0
49856 0
49857 0
49858 0
49859 0
49860 0
49861 1
49862 0
49863 0
49864 0
49865 0
49866 0
49867 0
49868 0
49869 0
49870 0
49871 0
49872 1
49873 0
49874 0
49875 0
49876 0
49877 0
49878 0
49879 0
49880 0
49881 0
49882 0
49883 0
49884 0
49885 0
49886 0
49887 0
49888 0
49889 0
49890 0
49891 0
49892 0
49893 0
49894 0
49895 0
49896 0
49897 0
49898 0
49899 0
49900 0
49901 0
49902 0
49903 0
49904 0
49905 0
49906 0
49907 0
49908 0
49909 0
49910 1
49911 0
49912 0
49913 0
49914 0
49915 0
49916 0
49917 0
49918 0
49919 0
49920 0
49921 0
49922 0
49923 0
49924 0
49925 0
49926 0
49927 0
49928 0
49929 0
49930 0
49931 0
49932 0
49933 0
49934 0
49935 0
49936 0
49937 0
49938 0
49939 0
49940 0
49941 0
49942 0
49943 0
49944 0
49945 0
49946 0
49947 0
49948 0
49949 0
49950 0
49951 0
49952 0
49953 0
49954 0
49955 0
49956 0
49957 0
49958 0
49959 0
49960 0
49961 0
49962 0
49963 0
49964 0
49965 0
49966 0
49967 0
49968 0
49969 0
49970 0
49971 0
49972 0
49973 0
49974 0
49975 0
49976 0
49977 0
49978 0
49979 0
49980 0
49981 0
49982 0
49983 0
49984 0
49985 0
49986 0
49987 0
49988 1
49989 0
49990 0
49991 1
49992 0
49993 0
49994 0
49995 0
49996 0
49997 0
49998 0
49999 0
50000 0
50001 0
50002 0
50003 0
50004 0
50005 0
50006 0
50007 0
50008 0
50009 0
50010 0
50011 0
50012 0
50013 0
50014 0
50015 0
50016 0
50017 0
50018 0
50019 0
50020 0
50021 0
50022 0
50023 0
50024 0
50025 0
50026 0
50027 0
50028 0
50029 0
50030 0
50031 0
50032 0
50033 0
50034 0
50035 0
50036 0
50037 0
50038 0
50039 0
50040 0
50041 0
50042 0
50043 0
50044 0
50045 0
50046 0
50047 0
50048 0
50049 0
50050 0
50051 0
50052 0
50053 0
50054 0
50055 0
50056 0
50057 0
50058 0
50059 0
50060 0
50061 0
50062 0
50063 0
50064 0
50065 0
50066 0
50067 0
50068 0
50069 0
50070 0
50071 0
50072 0
50073 0
50074 0
50075 0
50076 0
50077 1
50078 0
50079 0
50080 0
50081 0
50082 0
50083 0
50084 0
50085 0
50086 0
50087 0
50088 0
50089 0
50090 0
50091 0
50092 0
50093 0
50094 0
50095 0
50096 0
50097 0
50098 0
50099 0
50100 0
50101 0
50102 0
50103 0
50104 0
50105 0
50106 0
50107 0
50108 0
50109 0
50110 0
50111 0
50112 1
50113 0
50114 0
50115 0
50116 0
50117 1
50118 0
50119 0
50120 1
50121 0
50122 0
50123 0
50124 0
50125 0
50126 1
50127 0
50128 0
50129 0
50130 0
50131 0
50132 0
50133 0
50134 0
50135 0
50136 0
50137 0
50138 0
50139 0
50140 0
50141 0
50142 0
50143 0
50144 0
50145 0
50146 0
50147 0
50148 0
50149 0
50150 0
50151 0
50152 0
50153 0
50154 0
50155 0
50156 0
50157 0
50158 0
50159 0
50160 0
50161 0
50162 0
50163 0
50164 0
50165 0
50166 0
50167 0
50168 0
50169 0
50170 0
50171 0
50172 0
50173 0
50174 0
50175 0
50176 0
50177 0
50178 0
50179 0
50180 0
50181 0
50182 0
50183 0
50184 0
50185 0
50186 0
50187 0
50188 0
50189 0
50190 0
50191 0
50192 0
50193 0
50194 0
50195 0
50196 0
50197 0
50198 0
50199 0
50200 0
50201 0
50202 0
50203 0
50204 0
50205 0
50206 0
50207 0
50208 0
50209 0
50210 0
50211 0
50212 0
50213 0
50214 0
50215 0
50216 0
50217 0
50218 0
50219 0
50220 0
50221 0
50222 0
50223 0
50224 0
50225 0
50226 0
50227 0
50228 0
50229 0
50230 0
50231 0
50232 0
50233 0
50234 0
50235 0
50236 0
50237 0
50238 0
50239 0
50240 0
50241 0
50242 0
50243 0
50244 0
50245 0
50246 1
50247 0
50248 0
50249 0
50250 0
50251 0
50252 0
50253 0
50254 0
50255 0
50256 0
50257 0
50258 0
50259 0
50260 0
50261 0
50262 0
50263 0
50264 0
50265 0
50266 0
50267 0
50268 0
50269 0
50270 0
50271 0
50272 0
50273 0
50274 0
50275 0
50276 0
50277 0
50278 0
50279 0
50280 0
50281 0
50282 0
50283 0
50284 0
50285 0
50286 0
50287 0
50288 0
50289 0
50290 0
50291 0
50292 0
50293 0
50294 0
50295 0
50296 0
50297 0
50298 0
50299 0
50300 0
50301 0
50302 0
50303 0
50304 0
50305 0
50306 0
50307 0
50308 0
50309 0
50310 0
50311 0
50312 0
50313 0
50314 0
50315 0
50316 0
50317 0
50318 0
50319 0
50320 0
50321 0
50322 0
50323 0
50324 0
50325 0
50326 0
50327 0
50328 0
50329 0
50330 0
50331 0
50332 0
50333 0
50334 0
50335 0
50336 0
50337 0
50338 0
50339 0
50340 0
50341 0
50342 0
50343 1
50344 0
50345 0
50346 0
50347 0
50348 0
50349 0
50350 0
50351 0
50352 0
50353 0
50354 0
50355 0
50356 0
50357 0
50358 0
50359 0
50360 0
50361 0
50362 0
50363 0
50364 0
50365 0
50366 0
50367 0
50368 0
50369 0
50370 0
50371 0
50372 0
50373 1
50374 0
50375 0
50376 0
50377 0
50378 0
50379 0
50380 0
50381 0
50382 0
50383 0
50384 0
50385 0
50386 0
50387 0
50388 0
50389 0
50390 0
50391 0
50392 0
50393 0
50394 0
50395 0
50396 0
50397 0
50398 0
50399 0
50400 0
50401 0
50402 0
50403 0
50404 0
50405 0
50406 0
50407 0
50408 0
50409 0
50410 0
50411 0
50412 0
50413 0
50414 0
50415 0
50416 0
50417 0
50418 0
50419 0
50420 0
50421 0
50422 0
50423 0
50424 0
50425 0
50426 0
50427 0
50428 0
50429 0
50430 0
50431 0
50432 0
50433 0
50434 0
50435 0
50436 1
50437 0
50438 0
50439 0
50440 0
50441 0
50442 0
50443 1
50444 0
50445 0
50446 0
50447 0
50448 0
50449 0
50450 0
50451 0
50452 0
50453 0
50454 0
50455 0
50456 0
50457 0
50458 0
50459 0
50460 0
50461 0
50462 0
50463 0
50464 0
50465 0
50466 0
50467 0
50468 0
50469 0
50470 0
50471 0
50472 0
50473 0
50474 0
50475 0
50476 0
50477 0
50478 0
50479 0
50480 0
50481 0
50482 0
50483 0
50484 0
50485 0
50486 0
50487 0
50488 0
50489 0
50490 0
50491 0
50492 0
50493 0
50494 0
50495 0
50496 0
50497 0
50498 0
50499 0
50500 0
50501 0
50502 0
50503 0
50504 0
50505 0
50506 0
50507 0
50508 0
50509 0
50510 0
50511 0
50512 0
50513 0
50514 0
50515 0
50516 0
50517 0
50518 0
50519 0
50520 0
50521 0
50522 0
50523 0
50524 0
50525 0
50526 0
50527 0
50528 0
50529 0
50530 0
50531 0
50532 0
50533 0
50534 0
50535 0
50536 0
50537 0
50538 0
50539 0
50540 0
50541 0
50542 0
50543 0
50544 0
50545 0
50546 0
50547 0
50548 0
50549 0
50550 0
50551 0
50552 0
50553 0
50554 0
50555 0
50556 0
50557 0
50558 0
50559 0
50560 0
50561 0
50562 0
50563 0
50564 0
50565 0
50566 0
50567 0
50568 0
50569 0
50570 0
50571 0
50572 0
50573 0
50574 0
50575 0
50576 0
50577 0
50578 0
50579 0
50580 0
50581 0
50582 0
50583 0
50584 0
50585 0
50586 0
50587 0
50588 0
50589 0
50590 0
50591 0
50592 0
50593 0
50594 0
50595 0
50596 0
50597 0
50598 0
50599 0
50600 0
50601 0
50602 0
50603 1
50604 0
50605 0
50606 0
50607 0
50608 0
50609 0
50610 0
50611 0
50612 0
50613 0
50614 0
50615 0
50616 0
50617 0
50618 0
50619 0
50620 0
50621 0
50622 0
50623 0
50624 0
50625 0
50626 0
50627 0
50628 0
50629 0
50630 0
50631 0
50632 0
50633 0
50634 0
50635 0
50636 0
50637 0
50638 0
50639 0
50640 0
50641 0
50642 0
50643 0
50644 0
50645 0
50646 0
50647 0
50648 0
50649 0
50650 0
50651 0
50652 0
50653 0
50654 0
50655 0
50656 0
50657 0
50658 0
50659 0
50660 0
50661 0
50662 0
50663 0
50664 0
50665 0
50666 0
50667 0
50668 0
50669 0
50670 0
50671 0
50672 0
50673 1
50674 0
50675 0
50676 0
50677 0
50678 0
50679 0
50680 0
50681 0
50682 0
50683 0
50684 0
50685 0
50686 0
50687 0
50688 0
50689 0
50690 0
50691 0
50692 0
50693 0
50694 0
50695 0
50696 0
50697 0
50698 0
50699 0
50700 0
50701 0
50702 0
50703 0
50704 0
50705 0
50706 0
50707 0
50708 0
50709 1
50710 0
50711 0
50712 0
50713 0
50714 0
50715 0
50716 0
50717 0
50718 0
50719 0
50720 0
50721 0
50722 0
50723 1
50724 0
50725 0
50726 0
50727 0
50728 0
50729 0
50730 0
50731 0
50732 0
50733 0
50734 0
50735 0
50736 0
50737 0
50738 0
50739 0
50740 0
50741 0
50742 0
50743 0
50744 0
50745 0
50746 0
50747 0
50748 0
50749 0
50750 0
50751 1
50752 0
50753 0
50754 0
50755 0
50756 0
50757 0
50758 1
50759 0
50760 0
50761 0
50762 0
50763 0
50764 0
50765 0
50766 0
50767 0
50768 0
50769 0
50770 0
50771 0
50772 0
50773 0
50774 0
50775 0
50776 0
50777 0
50778 0
50779 0
50780 0
50781 0
50782 0
50783 0
50784 0
50785 0
50786 1
50787 0
50788 1
50789 0
50790 0
50791 0
50792 0
50793 0
50794 0
50795 0
50796 0
50797 0
50798 0
50799 0
50800 0
50801 0
50802 0
50803 0
50804 0
50805 0
50806 0
50807 0
50808 0
50809 0
50810 0
50811 0
50812 0
50813 0
50814 0
50815 0
50816 0
50817 0
50818 0
50819 0
50820 0
50821 0
50822 0
50823 1
50824 0
50825 0
50826 0
50827 0
50828 0
50829 0
50830 0
50831 0
50832 0
50833 0
50834 0
50835 0
50836 0
50837 0
50838 0
50839 0
50840 0
50841 1
50842 0
50843 0
50844 0
50845 0
50846 0
50847 0
50848 0
50849 0
50850 0
50851 0
50852 0
50853 0
50854 0
50855 0
50856 0
50857 0
50858 0
50859 0
50860 0
50861 0
50862 0
50863 0
50864 0
50865 0
50866 0
50867 0
50868 0
50869 0
50870 0
50871 0
50872 0
50873 0
50874 0
50875 0
50876 0
50877 0
50878 0
50879 0
50880 0
50881 0
50882 0
50883 0
50884 0
50885 0
50886 0
50887 0
50888 0
50889 0
50890 0
50891 0
50892 0
50893 0
50894 0
50895 0
50896 0
50897 0
50898 0
50899 0
50900 0
50901 0
50902 1
50903 0
50904 0
50905 0
50906 0
50907 0
50908 0
50909 0
50910 0
50911 0
50912 0
50913 0
50914 0
50915 0
50916 0
50917 0
50918 0
50919 0
50920 1
50921 0
50922 0
50923 0
50924 0
50925 0
50926 0
50927 0
50928 0
50929 0
50930 0
50931 0
50932 0
50933 0
50934 0
50935 0
50936 0
50937 0
50938 0
50939 0
50940 0
50941 0
50942 0
50943 0
50944 0
50945 0
50946 0
50947 0
50948 0
50949 1
50950 0
50951 0
50952 0
50953 0
50954 0
50955 0
50956 0
50957 0
50958 0
50959 1
50960 0
50961 0
50962 0
50963 0
50964 0
50965 0
50966 0
50967 0
50968 0
50969 0
50970 0
50971 1
50972 0
50973 0
50974 0
50975 0
50976 0
50977 0
50978 0
50979 0
50980 0
50981 0
50982 0
50983 1
50984 0
50985 0
50986 0
50987 0
50988 0
50989 0
50990 0
50991 0
50992 0
50993 0
50994 0
50995 0
50996 0
50997 0
50998 0
50999 0
51000 0
51001 0
51002 0
51003 0
51004 0
51005 0
51006 0
51007 0
51008 0
51009 0
51010 0
51011 0
51012 0
51013 0
51014 0
51015 0
51016 0
51017 1
51018 0
51019 0
51020 0
51021 0
51022 0
51023 0
51024 0
51025 0
51026 0
51027 0
51028 0
51029 0
51030 0
51031 0
51032 0
51033 0
51034 0
51035 0
51036 0
51037 0
51038 0
51039 0
51040 0
51041 0
51042 0
51043 0
51044 0
51045 0
51046 0
51047 0
51048 0
51049 0
51050 0
51051 0
51052 0
51053 0
51054 0
51055 0
51056 0
51057 0
51058 0
51059 0
51060 0
51061 0
51062 0
51063 0
51064 0
51065 1
51066 0
51067 0
51068 0
51069 0
51070 0
51071 0
51072 0
51073 0
51074 0
51075 0
51076 0
51077 0
51078 0
51079 0
51080 0
51081 0
51082 0
51083 0
51084 0
51085 0
51086 0
51087 0
51088 0
51089 0
51090 0
51091 0
51092 0
51093 0
51094 0
51095 0
51096 0
51097 0
51098 0
51099 0
51100 0
51101 1
51102 0
51103 0
51104 0
51105 1
51106 0
51107 0
51108 0
51109 0
51110 0
51111 0
51112 0
51113 0
51114 0
51115 0
51116 0
51117 0
51118 0
51119 0
51120 0
51121 0
51122 0
51123 0
51124 0
51125 0
51126 0
51127 0
51128 0
51129 0
51130 0
51131 0
51132 0
51133 0
51134 0
51135 0
51136 0
51137 0
51138 0
51139 0
51140 0
51141 0
51142 0
51143 0
51144 0
51145 0
51146 0
51147 0
51148 0
51149 0
51150 0
51151 0
51152 0
51153 0
51154 0
51155 0
51156 0
51157 0
51158 0
51159 0
51160 0
51161 0
51162 0
51163 0
51164 0
51165 0
51166 0
51167 0
51168 0
51169 0
51170 0
51171 0
51172 0
51173 0
51174 0
51175 0
51176 0
51177 0
51178 0
51179 0
51180 0
51181 0
51182 0
51183 0
51184 0
51185 0
51186 0
51187 0
51188 0
51189 0
51190 0
51191 0
51192 0
51193 0
51194 0
51195 0
51196 0
51197 0
51198 0
51199 0
51200 0
51201 0
51202 0
51203 0
51204 0
51205 0
51206 0
51207 0
51208 0
51209 0
51210 0
51211 0
51212 0
51213 0
51214 0
51215 0
51216 0
51217 0
51218 0
51219 0
51220 0
51221 0
51222 0
51223 0
51224 0
51225 1
51226 0
51227 0
51228 0
51229 0
51230 0
51231 0
51232 0
51233 0
51234 0
51235 0
51236 0
51237 0
51238 0
51239 0
51240 0
51241 0
51242 0
51243 0
51244 0
51245 0
51246 0
51247 0
51248 0
51249 0
51250 0
51251 0
51252 0
51253 0
51254 0
51255 0
51256 0
51257 0
51258 0
51259 0
51260 0
51261 0
51262 0
51263 0
51264 0
51265 0
51266 0
51267 0
51268 0
51269 0
51270 0
51271 0
51272 0
51273 0
51274 0
51275 0
51276 0
51277 0
51278 0
51279 0
51280 0
51281 0
51282 0
51283 0
51284 0
51285 0
51286 0
51287 0
51288 0
51289 0
51290 0
51291 0
51292 0
51293 0
51294 1
51295 0
51296 0
51297 0
51298 0
51299 0
51300 0
51301 0
51302 0
51303 0
51304 0
51305 0
51306 0
51307 0
51308 0
51309 0
51310 0
51311 0
51312 0
51313 1
51314 0
51315 0
51316 0
51317 0
51318 0
51319 0
51320 0
51321 0
51322 0
51323 0
51324 0
51325 0
51326 0
51327 0
51328 0
51329 0
51330 0
51331 0
51332 0
51333 0
51334 0
51335 0
51336 0
51337 0
51338 0
51339 0
51340 0
51341 0
51342 0
51343 0
51344 0
51345 0
51346 0
51347 0
51348 0
51349 0
51350 0
51351 0
51352 0
51353 0
51354 0
51355 0
51356 0
51357 0
51358 0
51359 0
51360 0
51361 0
51362 0
51363 0
51364 0
51365 0
51366 0
51367 0
51368 0
51369 0
51370 0
51371 0
51372 0
51373 0
51374 0
51375 0
51376 0
51377 0
51378 0
51379 0
51380 0
51381 0
51382 0
51383 0
51384 0
51385 0
51386 0
51387 0
51388 0
51389 0
51390 0
51391 0
51392 0
51393 0
51394 0
51395 0
51396 0
51397 0
51398 0
51399 0
51400 0
51401 0
51402 0
51403 0
51404 0
51405 0
51406 0
51407 0
51408 0
51409 0
51410 0
51411 0
51412 0
51413 0
51414 0
51415 0
51416 0
51417 0
51418 0
51419 0
51420 0
51421 0
51422 0
51423 0
51424 0
51425 0
51426 0
51427 0
51428 0
51429 0
51430 1
51431 0
51432 0
51433 0
51434 1
51435 0
51436 0
51437 0
51438 0
51439 0
51440 0
51441 0
51442 0
51443 0
51444 0
51445 0
51446 0
51447 0
51448 0
51449 0
51450 0
51451 0
51452 0
51453 0
51454 0
51455 0
51456 0
51457 0
51458 0
51459 0
51460 0
51461 0
51462 0
51463 0
51464 0
51465 0
51466 0
51467 0
51468 0
51469 0
51470 0
51471 0
51472 0
51473 0
51474 0
51475 0
51476 0
51477 0
51478 0
51479 0
51480 0
51481 0
51482 0
51483 0
51484 0
51485 0
51486 0
51487 0
51488 0
51489 0
51490 0
51491 0
51492 0
51493 0
51494 0
51495 0
51496 0
51497 0
51498 0
51499 0
51500 0
51501 0
51502 0
51503 0
51504 0
51505 0
51506 0
51507 0
51508 0
51509 0
51510 0
51511 0
51512 0
51513 0
51514 0
51515 0
51516 1
51517 0
51518 0
51519 0
51520 0
51521 0
51522 0
51523 0
51524 0
51525 0
51526 0
51527 0
51528 0
51529 0
51530 0
51531 0
51532 0
51533 0
51534 0
51535 0
51536 0
51537 0
51538 0
51539 0
51540 0
51541 0
51542 0
51543 0
51544 0
51545 0
51546 0
51547 0
51548 0
51549 0
51550 0
51551 0
51552 0
51553 0
51554 0
51555 0
51556 0
51557 0
51558 0
51559 0
51560 0
51561 0
51562 0
51563 0
51564 1
51565 0
51566 0
51567 0
51568 0
51569 0
51570 0
51571 0
51572 0
51573 0
51574 0
51575 0
51576 0
51577 0
51578 0
51579 0
51580 0
51581 0
51582 0
51583 0
51584 0
51585 0
51586 0
51587 0
51588 0
51589 0
51590 0
51591 0
51592 0
51593 0
51594 0
51595 0
51596 0
51597 0
51598 0
51599 0
51600 0
51601 0
51602 0
51603 0
51604 0
51605 0
51606 0
51607 0
51608 0
51609 0
51610 0
51611 1
51612 0
51613 0
51614 0
51615 0
51616 0
51617 0
51618 0
51619 0
51620 0
51621 0
51622 0
51623 0
51624 0
51625 0
51626 0
51627 0
51628 0
51629 0
51630 0
51631 0
51632 0
51633 0
51634 0
51635 0
51636 0
51637 0
51638 0
51639 0
51640 0
51641 0
51642 0
51643 0
51644 0
51645 0
51646 0
51647 0
51648 0
51649 0
51650 0
51651 0
51652 0
51653 0
51654 0
51655 0
51656 0
51657 0
51658 0
51659 0
51660 0
51661 0
51662 0
51663 0
51664 0
51665 0
51666 0
51667 0
51668 0
51669 0
51670 0
51671 0
51672 0
51673 0
51674 0
51675 0
51676 1
51677 0
51678 0
51679 0
51680 0
51681 0
51682 0
51683 0
51684 0
51685 0
51686 0
51687 0
51688 0
51689 0
51690 0
51691 0
51692 0
51693 0
51694 0
51695 0
51696 0
51697 0
51698 0
51699 0
51700 0
51701 0
51702 0
51703 0
51704 0
51705 0
51706 0
51707 0
51708 0
51709 0
51710 0
51711 0
51712 0
51713 0
51714 0
51715 0
51716 0
51717 0
51718 0
51719 0
51720 0
51721 0
51722 0
51723 0
51724 0
51725 0
51726 0
51727 0
51728 0
51729 1
51730 0
51731 0
51732 0
51733 0
51734 0
51735 0
51736 0
51737 0
51738 0
51739 0
51740 0
51741 0
51742 0
51743 0
51744 0
51745 0
51746 0
51747 0
51748 0
51749 0
51750 0
51751 0
51752 0
51753 0
51754 0
51755 0
51756 0
51757 0
51758 0
51759 0
51760 0
51761 0
51762 0
51763 0
51764 0
51765 0
51766 1
51767 0
51768 0
51769 0
51770 0
51771 0
51772 0
51773 0
51774 0
51775 0
51776 0
51777 0
51778 0
51779 0
51780 0
51781 0
51782 0
51783 0
51784 0
51785 0
51786 0
51787 0
51788 0
51789 0
51790 0
51791 0
51792 0
51793 0
51794 0
51795 0
51796 0
51797 0
51798 0
51799 0
51800 0
51801 0
51802 0
51803 1
51804 0
51805 0
51806 0
51807 0
51808 0
51809 0
51810 0
51811 0
51812 0
51813 0
51814 0
51815 0
51816 0
51817 0
51818 0
51819 0
51820 0
51821 0
51822 0
51823 0
51824 0
51825 0
51826 0
51827 0
51828 0
51829 0
51830 0
51831 0
51832 0
51833 0
51834 0
51835 0
51836 0
51837 0
51838 0
51839 0
51840 0
51841 0
51842 0
51843 0
51844 0
51845 0
51846 0
51847 0
51848 0
51849 0
51850 0
51851 0
51852 0
51853 0
51854 0
51855 0
51856 0
51857 0
51858 0
51859 0
51860 0
51861 0
51862 0
51863 0
51864 0
51865 0
51866 0
51867 0
51868 0
51869 0
51870 0
51871 0
51872 0
51873 0
51874 0
51875 0
51876 0
51877 0
51878 0
51879 0
51880 0
51881 0
51882 0
51883 0
51884 0
51885 0
51886 0
51887 0
51888 0
51889 0
51890 0
51891 1
51892 0
51893 0
51894 0
51895 0
51896 0
51897 0
51898 0
51899 0
51900 0
51901 0
51902 0
51903 0
51904 0
51905 0
51906 0
51907 0
51908 0
51909 0
51910 0
51911 0
51912 0
51913 0
51914 0
51915 0
51916 0
51917 0
51918 0
51919 0
51920 0
51921 0
51922 0
51923 0
51924 0
51925 0
51926 0
51927 0
51928 0
51929 0
51930 0
51931 0
51932 0
51933 0
51934 0
51935 0
51936 0
51937 0
51938 0
51939 1
51940 0
51941 0
51942 1
51943 0
51944 0
51945 0
51946 0
51947 0
51948 0
51949 0
51950 0
51951 0
51952 0
51953 0
51954 0
51955 0
51956 0
51957 0
51958 0
51959 0
51960 0
51961 0
51962 0
51963 0
51964 0
51965 0
51966 0
51967 0
51968 0
51969 0
51970 0
51971 0
51972 0
51973 0
51974 0
51975 1
51976 0
51977 0
51978 0
51979 0
51980 0
51981 0
51982 0
51983 0
51984 0
51985 0
51986 0
51987 0
51988 0
51989 0
51990 0
51991 0
51992 0
51993 0
51994 0
51995 0
51996 0
51997 0
51998 0
51999 1
52000 0
52001 0
52002 0
52003 0
52004 0
52005 0
52006 0
52007 0
52008 0
52009 0
52010 0
52011 0
52012 0
52013 0
52014 0
52015 0
52016 0
52017 0
52018 0
52019 0
52020 0
52021 0
52022 0
52023 0
52024 0
52025 0
52026 0
52027 0
52028 0
52029 0
52030 0
52031 0
52032 0
52033 0
52034 0
52035 0
52036 0
52037 0
52038 0
52039 0
52040 0
52041 0
52042 0
52043 0
52044 0
52045 0
52046 0
52047 0
52048 0
52049 0
52050 0
52051 0
52052 0
52053 0
52054 0
52055 0
52056 0
52057 0
52058 0
52059 0
52060 0
52061 0
52062 0
52063 0
52064 0
52065 0
52066 0
52067 0
52068 0
52069 0
52070 0
52071 0
52072 0
52073 0
52074 0
52075 0
52076 0
52077 0
52078 0
52079 0
52080 0
52081 0
52082 0
52083 0
52084 0
52085 0
52086 0
52087 0
52088 0
52089 0
52090 0
52091 1
52092 0
52093 0
52094 0
52095 0
52096 0
52097 0
52098 0
52099 0
52100 0
52101 0
52102 0
52103 2
52104 0
52105 0
52106 0
52107 0
52108 0
52109 0
52110 0
52111 0
52112 0
52113 0
52114 0
52115 0
52116 0
52117 0
52118 0
52119 0
52120 0
52121 0
52122 0
52123 0
52124 0
52125 0
52126 0
52127 0
52128 0
52129 0
52130 0
52131 0
52132 0
52133 0
52134 0
52135 0
52136 0
52137 0
52138 0
52139 0
52140 0
52141 0
52142 0
52143 0
52144 0
52145 0
52146 0
52147 0
52148 0
52149 0
52150 0
52151 0
52152 0
52153 0
52154 0
52155 0
52156 0
52157 0
52158 0
52159 0
52160 0
52161 0
52162 0
52163 0
52164 0
52165 0
52166 0
52167 0
52168 0
52169 0
52170 0
52171 0
52172 0
52173 0
52174 0
52175 0
52176 0
52177 0
52178 0
52179 0
52180 0
52181 0
52182 0
52183 0
52184 0
52185 0
52186 0
52187 0
52188 0
52189 0
52190 0
52191 0
52192 0
52193 0
52194 0
52195 0
52196 0
52197 0
52198 0
52199 0
52200 0
52201 0
52202 0
52203 0
52204 0
52205 0
52206 0
52207 0
52208 0
52209 0
52210 0
52211 0
52212 0
52213 0
52214 0
52215 0
52216 0
52217 0
52218 0
52219 0
52220 0
52221 0
52222 0
52223 0
52224 0
52225 0
52226 0
52227 0
52228 0
52229 0
52230 0
52231 0
52232 0
52233 0
52234 0
52235 0
52236 0
52237 0
52238 0
52239 0
52240 0
52241 0
52242 0
52243 0
52244 0
52245 0
52246 0
52247 0
52248 0
52249 0
52250 0
52251 1
52252 0
52253 0
52254 0
52255 0
52256 0
52257 0
52258 0
52259 0
52260 0
52261 1
52262 0
52263 0
52264 0
52265 0
52266 0
52267 0
52268 0
52269 1
52270 0
52271 0
52272 0
52273 0
52274 0
52275 0
52276 0
52277 0
52278 0
52279 0
52280 0
52281 0
52282 0
52283 0
52284 0
52285 0
52286 0
52287 0
52288 0
52289 0
52290 0
52291 0
52292 0
52293 0
52294 0
52295 0
52296 0
52297 0
52298 0
52299 0
52300 0
52301 0
52302 0
52303 0
52304 0
52305 0
52306 0
52307 0
52308 0
52309 0
52310 0
52311 0
52312 0
52313 0
52314 0
52315 0
52316 1
52317 0
52318 0
52319 0
52320 0
52321 0
52322 0
52323 0
52324 0
52325 0
52326 0
52327 0
52328 0
52329 0
52330 0
52331 0
52332 0
52333 0
52334 0
52335 0
52336 0
52337 0
52338 0
52339 0
52340 0
52341 0
52342 0
52343 0
52344 0
52345 0
52346 0
52347 0
52348 0
52349 0
52350 0
52351 0
52352 0
52353 0
52354 0
52355 0
52356 0
52357 0
52358 0
52359 0
52360 0
52361 0
52362 0
52363 0
52364 0
52365 0
52366 0
52367 0
52368 0
52369 0
52370 0
52371 0
52372 0
52373 0
52374 0
52375 0
52376 0
52377 0
52378 0
52379 0
52380 0
52381 0
52382 0
52383 0
52384 0
52385 0
52386 0
52387 0
52388 0
52389 0
52390 0
52391 0
52392 0
52393 0
52394 0
52395 0
52396 0
52397 0
52398 0
52399 0
52400 0
52401 0
52402 0
52403 0
52404 0
52405 0
52406 0
52407 0
52408 0
52409 0
52410 0
52411 0
52412 0
52413 0
52414 0
52415 0
52416 0
52417 0
52418 0
52419 0
52420 0
52421 0
52422 0
52423 0
52424 0
52425 0
52426 0
52427 0
52428 1
52429 0
52430 0
52431 0
52432 0
52433 0
52434 0
52435 0
52436 0
52437 0
52438 0
52439 0
52440 0
52441 0
52442 0
52443 0
52444 0
52445 0
52446 0
52447 0
52448 0
52449 0
52450 0
52451 0
52452 0
52453 0
52454 0
52455 0
52456 0
52457 0
52458 0
52459 0
52460 0
52461 0
52462 0
52463 0
52464 0
52465 0
52466 0
52467 0
52468 0
52469 0
52470 0
52471 0
52472 0
52473 0
52474 0
52475 0
52476 0
52477 0
52478 0
52479 0
52480 0
52481 0
52482 0
52483 0
52484 0
52485 0
52486 0
52487 0
52488 0
52489 0
52490 0
52491 1
52492 0
52493 0
52494 0
52495 0
52496 0
52497 0
52498 0
52499 0
52500 0
52501 0
52502 0
52503 0
52504 0
52505 0
52506 0
52507 0
52508 0
52509 0
52510 0
52511 0
52512 0
52513 0
52514 0
52515 0
52516 0
52517 0
52518 0
52519 0
52520 0
52521 0
52522 0
52523 0
52524 0
52525 0
52526 0
52527 0
52528 0
52529 0
52530 0
52531 0
52532 0
52533 0
52534 0
52535 0
52536 0
52537 0
52538 0
52539 0
52540 0
52541 0
52542 0
52543 0
52544 0
52545 0
52546 0
52547 0
52548 0
52549 0
52550 0
52551 0
52552 0
52553 0
52554 1
52555 0
52556 0
52557 0
52558 0
52559 0
52560 0
52561 0
52562 0
52563 0
52564 0
52565 0
52566 0
52567 0
52568 1
52569 0
52570 0
52571 0
52572 0
52573 0
52574 0
52575 0
52576 0
52577 0
52578 0
52579 0
52580 0
52581 0
52582 0
52583 0
52584 0
52585 0
52586 0
52587 0
52588 0
52589 0
52590 1
52591 0
52592 0
52593 0
52594 0
52595 0
52596 0
52597 0
52598 0
52599 0
52600 0
52601 0
52602 0
52603 0
52604 0
52605 0
52606 0
52607 0
52608 0
52609 0
52610 0
52611 0
52612 0
52613 0
52614 0
52615 0
52616 0
52617 0
52618 0
52619 0
52620 0
52621 0
52622 0
52623 1
52624 0
52625 0
52626 0
52627 0
52628 0
52629 0
52630 0
52631 0
52632 0
52633 0
52634 0
52635 0
52636 0
52637 0
52638 0
52639 0
52640 0
52641 0
52642 0
52643 0
52644 0
52645 0
52646 0
52647 0
52648 0
52649 0
52650 0
52651 0
52652 0
52653 0
52654 0
52655 0
52656 0
52657 0
52658 1
52659 0
52660 0
52661 0
52662 0
52663 0
52664 0
52665 0
52666 0
52667 0
52668 0
52669 0
52670 0
52671 0
52672 0
52673 0
52674 0
52675 0
52676 0
52677 0
52678 0
52679 0
52680 0
52681 0
52682 0
52683 0
52684 1
52685 0
52686 0
52687 0
52688 0
52689 0
52690 0
52691 0
52692 0
52693 0
52694 0
52695 0
52696 0
52697 0
52698 0
52699 0
52700 0
52701 0
52702 0
52703 0
52704 0
52705 0
52706 0
52707 0
52708 0
52709 0
52710 0
52711 0
52712 0
52713 0
52714 0
52715 0
52716 0
52717 1
52718 0
52719 0
52720 0
52721 0
52722 0
52723 0
52724 0
52725 0
52726 0
52727 0
52728 0
52729 1
52730 0
52731 0
52732 0
52733 0
52734 0
52735 0
52736 0
52737 0
52738 0
52739 0
52740 0
52741 0
52742 0
52743 0
52744 0
52745 0
52746 0
52747 0
52748 0
52749 0
52750 0
52751 0
52752 0
52753 0
52754 1
52755 0
52756 0
52757 1
52758 0
52759 0
52760 0
52761 0
52762 0
52763 0
52764 0
52765 0
52766 0
52767 0
52768 0
52769 0
52770 0
52771 0
52772 0
52773 0
52774 0
52775 0
52776 0
52777 0
52778 0
52779 0
52780 0
52781 0
52782 0
52783 0
52784 1
52785 0
52786 0
52787 0
52788 0
52789 0
52790 0
52791 0
52792 0
52793 0
52794 0
52795 0
52796 0
52797 0
52798 0
52799 0
52800 0
52801 0
52802 0
52803 0
52804 0
52805 0
52806 0
52807 0
52808 0
52809 0
52810 0
52811 1
52812 0
52813 0
52814 0
52815 0
52816 0
52817 0
52818 0
52819 0
52820 0
52821 0
52822 0
52823 0
52824 0
52825 0
52826 0
52827 0
52828 0
52829 0
52830 0
52831 0
52832 0
52833 0
52834 0
52835 0
52836 0
52837 0
52838 0
52839 0
52840 0
52841 0
52842 0
52843 0
52844 0
52845 0
52846 0
52847 0
52848 0
52849 0
52850 0
52851 0
52852 0
52853 0
52854 0
52855 0
52856 0
52857 0
52858 0
52859 0
52860 0
52861 0
52862 0
52863 0
52864 0
52865 0
52866 0
52867 0
52868 0
52869 0
52870 0
52871 0
52872 0
52873 0
52874 0
52875 0
52876 0
52877 0
52878 0
52879 0
52880 0
52881 0
52882 0
52883 0
52884 0
52885 0
52886 0
52887 0
52888 0
52889 0
52890 0
52891 0
52892 0
52893 0
52894 0
52895 0
52896 1
52897 0
52898 0
52899 0
52900 0
52901 0
52902 0
52903 0
52904 0
52905 0
52906 0
52907 0
52908 1
52909 0
52910 0
52911 0
52912 0
52913 0
52914 0
52915 0
52916 0
52917 0
52918 0
52919 0
52920 1
52921 0
52922 0
52923 0
52924 0
52925 0
52926 0
52927 0
52928 0
52929 0
52930 0
52931 0
52932 0
52933 0
52934 0
52935 0
52936 0
52937 0
52938 0
52939 0
52940 0
52941 0
52942 0
52943 0
52944 0
52945 0
52946 0
52947 0
52948 0
52949 0
52950 0
52951 0
52952 0
52953 0
52954 0
52955 0
52956 0
52957 0
52958 0
52959 0
52960 0
52961 0
52962 0
52963 0
52964 0
52965 0
52966 0
52967 0
52968 0
52969 0
52970 0
52971 0
52972 0
52973 1
52974 0
52975 0
52976 0
52977 0
52978 0
52979 0
52980 0
52981 0
52982 0
52983 0
52984 0
52985 0
52986 0
52987 0
52988 0
52989 0
52990 0
52991 0
52992 0
52993 0
52994 0
52995 0
52996 0
52997 0
52998 0
52999 0
53000 0
53001 0
53002 0
53003 0
53004 0
53005 0
53006 1
53007 0
53008 0
53009 0
53010 0
53011 0
53012 0
53013 0
53014 0
53015 0
53016 0
53017 0
53018 0
53019 0
53020 0
53021 0
53022 0
53023 0
53024 0
53025 0
53026 0
53027 0
53028 0
53029 0
53030 0
53031 0
53032 0
53033 0
53034 0
53035 0
53036 0
53037 0
53038 0
53039 0
53040 1
53041 0
53042 0
53043 0
53044 0
53045 0
53046 0
53047 0
53048 0
53049 0
53050 0
53051 0
53052 0
53053 0
53054 0
53055 0
53056 0
53057 0
53058 0
53059 0
53060 0
53061 0
53062 0
53063 0
53064 0
53065 0
53066 0
53067 0
53068 0
53069 0
53070 0
53071 0
53072 0
53073 0
53074 0
53075 0
53076 0
53077 0
53078 0
53079 0
53080 0
53081 0
53082 0
53083 0
53084 0
53085 0
53086 0
53087 0
53088 0
53089 0
53090 0
53091 0
53092 0
53093 0
53094 0
53095 0
53096 0
53097 0
53098 0
53099 0
53100 0
53101 0
53102 0
53103 0
53104 0
53105 0
53106 0
53107 0
53108 0
53109 0
53110 0
53111 0
53112 0
53113 0
53114 0
53115 0
53116 0
53117 0
53118 0
53119 0
53120 0
53121 0
53122 0
53123 0
53124 0
53125 1
53126 0
53127 0
53128 0
53129 0
53130 0
53131 0
53132 0
53133 0
53134 0
53135 0
53136 0
53137 0
53138 0
53139 0
53140 0
53141 0
53142 0
53143 0
53144 0
53145 0
53146 0
53147 0
53148 0
53149 0
53150 0
53151 0
53152 0
53153 0
53154 0
53155 0
53156 0
53157 0
53158 0
53159 0
53160 0
53161 0
53162 0
53163 0
53164 0
53165 0
53166 0
53167 0
53168 0
53169 0
53170 1
53171 0
53172 1
53173 0
53174 0
53175 0
53176 0
53177 0
53178 0
53179 0
53180 0
53181 0
53182 0
53183 0
53184 0
53185 0
53186 0
53187 0
53188 0
53189 0
53190 0
53191 0
53192 0
53193 0
53194 0
53195 0
53196 0
53197 0
53198 0
53199 0
53200 0
53201 0
53202 0
53203 0
53204 0
53205 0
53206 0
53207 0
53208 0
53209 0
53210 0
53211 0
53212 0
53213 0
53214 0
53215 0
53216 0
53217 0
53218 0
53219 0
53220 0
53221 0
53222 0
53223 0
53224 0
53225 0
53226 0
53227 0
53228 0
53229 0
53230 0
53231 0
53232 0
53233 0
53234 0
53235 0
53236 0
53237 0
53238 0
53239 0
53240 0
53241 0
53242 0
53243 0
53244 1
53245 0
53246 0
53247 0
53248 0
53249 0
53250 0
53251 0
53252 0
53253 0
53254 0
53255 0
53256 0
53257 0
53258 0
53259 0
53260 0
53261 0
53262 0
53263 0
53264 0
53265 0
53266 0
53267 0
53268 0
53269 0
53270 0
53271 0
53272 0
53273 0
53274 0
53275 0
53276 0
53277 0
53278 0
53279 0
53280 0
53281 0
53282 0
53283 0
53284 0
53285 0
53286 0
53287 0
53288 0
53289 0
53290 0
53291 0
53292 0
53293 0
53294 0
53295 0
53296 0
53297 0
53298 0
53299 0
53300 0
53301 0
53302 0
53303 0
53304 0
53305 0
53306 0
53307 0
53308 0
53309 0
53310 0
53311 0
53312 0
53313 0
53314 0
53315 1
53316 0
53317 0
53318 0
53319 0
53320 0
53321 0
53322 0
53323 0
53324 0
53325 0
53326 0
53327 0
53328 0
53329 0
53330 0
53331 0
53332 0
53333 0
53334 0
53335 0
53336 0
53337 0
53338 0
53339 0
53340 0
53341 1
53342 0
53343 0
53344 0
53345 0
53346 0
53347 0
53348 0
53349 0
53350 0
53351 0
53352 0
53353 0
53354 0
53355 0
53356 0
53357 0
53358 0
53359 1
53360 0
53361 0
53362 0
53363 0
53364 0
53365 0
53366 0
53367 0
53368 0
53369 0
53370 0
53371 0
53372 0
53373 0
53374 0
53375 0
53376 0
53377 0
53378 0
53379 0
53380 0
53381 0
53382 0
53383 0
53384 0
53385 0
53386 0
53387 0
53388 0
53389 0
53390 0
53391 0
53392 0
53393 0
53394 0
53395 0
53396 0
53397 0
53398 0
53399 0
53400 0
53401 0
53402 0
53403 0
53404 0
53405 0
53406 0
53407 0
53408 0
53409 0
53410 0
53411 0
53412 0
53413 0
53414 0
53415 0
53416 0
53417 0
53418 0
53419 0
53420 0
53421 0
53422 0
53423 0
53424 0
53425 0
53426 0
53427 0
53428 0
53429 0
53430 0
53431 0
53432 0
53433 0
53434 0
53435 0
53436 0
53437 0
53438 0
53439 0
53440 0
53441 0
53442 0
53443 0
53444 0
53445 0
53446 0
53447 0
53448 1
53449 0
53450 0
53451 0
53452 0
53453 0
53454 1
53455 0
53456 0
53457 0
53458 0
53459 0
53460 0
53461 0
53462 0
53463 0
53464 0
53465 0
53466 0
53467 0
53468 0
53469 0
53470 0
53471 0
53472 0
53473 0
53474 0
53475 0
53476 0
53477 0
53478 0
53479 0
53480 0
53481 0
53482 0
53483 0
53484 0
53485 0
53486 0
53487 0
53488 0
53489 0
53490 0
53491 0
53492 0
53493 0
53494 0
53495 0
53496 0
53497 1
53498 0
53499 0
53500 0
53501 0
53502 0
53503 0
53504 0
53505 0
53506 0
53507 0
53508 0
53509 0
53510 0
53511 0
53512 0
53513 0
53514 0
53515 0
53516 0
53517 0
53518 0
53519 0
53520 0
53521 0
53522 0
53523 0
53524 0
53525 0
53526 0
53527 0
53528 0
53529 0
53530 0
53531 0
53532 0
53533 0
53534 0
53535 0
53536 0
53537 0
53538 0
53539 0
53540 0
53541 0
53542 0
53543 0
53544 0
53545 0
53546 0
53547 0
53548 0
53549 0
53550 1
53551 0
53552 0
53553 0
53554 0
53555 0
53556 0
53557 0
53558 0
53559 0
53560 0
53561 0
53562 0
53563 0
53564 0
53565 0
53566 0
53567 0
53568 0
53569 0
53570 0
53571 0
53572 0
53573 0
53574 0
53575 0
53576 0
53577 0
53578 0
53579 0
53580 0
53581 0
53582 0
53583 0
53584 0
53585 0
53586 0
53587 0
53588 0
53589 0
53590 0
53591 0
53592 0
53593 0
53594 0
53595 0
53596 0
53597 0
53598 0
53599 0
53600 0
53601 0
53602 0
53603 0
53604 0
53605 0
53606 0
53607 0
53608 0
53609 0
53610 0
53611 0
53612 0
53613 0
53614 0
53615 0
53616 0
53617 0
53618 0
53619 0
53620 0
53621 0
53622 0
53623 0
53624 0
53625 0
53626 0
53627 0
53628 0
53629 0
53630 0
53631 0
53632 0
53633 0
53634 0
53635 0
53636 0
53637 0
53638 0
53639 0
53640 0
53641 0
53642 0
53643 1
53644 0
53645 0
53646 0
53647 0
53648 0
53649 0
53650 0
53651 0
53652 0
53653 0
53654 0
53655 0
53656 0
53657 0
53658 0
53659 0
53660 0
53661 0
53662 0
53663 0
53664 0
53665 0
53666 0
53667 0
53668 0
53669 0
53670 0
53671 0
53672 0
53673 0
53674 0
53675 0
53676 0
53677 0
53678 1
53679 0
53680 0
53681 0
53682 0
53683 0
53684 0
53685 0
53686 0
53687 0
53688 0
53689 0
53690 0
53691 0
53692 0
53693 0
53694 1
53695 0
53696 0
53697 1
53698 1
53699 0
53700 0
53701 0
53702 0
53703 0
53704 1
53705 0
53706 0
53707 1
53708 0
53709 0
53710 0
53711 0
53712 0
53713 0
53714 0
53715 0
53716 0
53717 0
53718 0
53719 0
53720 0
53721 0
53722 0
53723 0
53724 0
53725 0
53726 0
53727 0
53728 0
53729 0
53730 0
53731 0
53732 0
53733 0
53734 0
53735 0
53736 0
53737 0
53738 0
53739 0
53740 0
53741 0
53742 0
53743 0
53744 0
53745 0
53746 0
53747 0
53748 0
53749 0
53750 0
53751 0
53752 0
53753 0
53754 0
53755 0
53756 0
53757 0
53758 0
53759 1
53760 0
53761 0
53762 0
53763 0
53764 0
53765 0
53766 0
53767 0
53768 0
53769 0
53770 0
53771 0
53772 0
53773 1
53774 0
53775 0
53776 0
53777 0
53778 0
53779 0
53780 0
53781 0
53782 0
53783 0
53784 0
53785 0
53786 0
53787 0
53788 0
53789 0
53790 0
53791 0
53792 0
53793 0
53794 0
53795 0
53796 1
53797 0
53798 0
53799 0
53800 0
53801 0
53802 0
53803 0
53804 0
53805 0
53806 0
53807 0
53808 0
53809 0
53810 0
53811 0
53812 0
53813 0
53814 0
53815 0
53816 0
53817 0
53818 0
53819 0
53820 0
53821 0
53822 0
53823 0
53824 0
53825 0
53826 0
53827 0
53828 0
53829 0
53830 0
53831 0
53832 0
53833 0
53834 0
53835 0
53836 0
53837 0
53838 0
53839 0
53840 0
53841 0
53842 0
53843 0
53844 0
53845 0
53846 0
53847 0
53848 0
53849 0
53850 0
53851 1
53852 0
53853 0
53854 0
53855 0
53856 0
53857 0
53858 0
53859 0
53860 0
53861 0
53862 0
53863 0
53864 0
53865 0
53866 0
53867 0
53868 0
53869 0
53870 0
53871 0
53872 0
53873 0
53874 0
53875 0
53876 0
53877 0
53878 0
53879 0
53880 0
53881 0
53882 0
53883 0
53884 0
53885 0
53886 0
53887 0
53888 0
53889 0
53890 0
53891 1
53892 0
53893 1
53894 0
53895 0
53896 0
53897 0
53898 0
53899 0
53900 0
53901 0
53902 0
53903 0
53904 0
53905 0
53906 0
53907 0
53908 0
53909 0
53910 0
53911 0
53912 0
53913 0
53914 0
53915 0
53916 0
53917 0
53918 0
53919 0
53920 0
53921 0
53922 0
53923 0
53924 0
53925 0
53926 0
53927 0
53928 0
53929 0
53930 0
53931 0
53932 0
53933 0
53934 0
53935 0
53936 0
53937 0
53938 0
53939 0
53940 0
53941 0
53942 0
53943 0
53944 0
53945 0
53946 1
53947 0
53948 0
53949 0
53950 0
53951 0
53952 0
53953 0
53954 0
53955 0
53956 0
53957 0
53958 0
53959 0
53960 0
53961 0
53962 0
53963 0
53964 0
53965 0
53966 0
53967 0
53968 0
53969 0
53970 0
53971 0
53972 0
53973 0
53974 0
53975 0
53976 0
53977 0
53978 0
53979 0
53980 0
53981 0
53982 0
53983 1
53984 0
53985 0
53986 0
53987 0
53988 0
53989 0
53990 0
53991 0
53992 0
53993 0
53994 0
53995 0
53996 0
53997 0
53998 0
53999 0
54000 0
54001 0
54002 0
54003 0
54004 0
54005 0
54006 0
54007 0
54008 0
54009 0
54010 0
54011 0
54012 0
54013 0
54014 0
54015 0
54016 0
54017 0
54018 0
54019 0
54020 0
54021 0
54022 0
54023 0
54024 0
54025 0
54026 0
54027 0
54028 0
54029 0
54030 0
54031 0
54032 0
54033 0
54034 0
54035 0
54036 0
54037 0
54038 0
54039 0
54040 0
54041 0
54042 0
54043 0
54044 0
54045 0
54046 0
54047 0
54048 0
54049 0
54050 0
54051 0
54052 0
54053 0
54054 0
54055 0
54056 0
54057 0
54058 0
54059 0
54060 0
54061 0
54062 0
54063 0
54064 0
54065 0
54066 0
54067 0
54068 0
54069 0
54070 0
54071 0
54072 0
54073 0
54074 0
54075 0
54076 0
54077 0
54078 0
54079 0
54080 0
54081 0
54082 0
54083 0
54084 0
54085 0
54086 0
54087 0
54088 0
54089 0
54090 0
54091 0
54092 0
54093 0
54094 0
54095 0
54096 0
54097 0
54098 0
54099 0
54100 0
54101 0
54102 0
54103 0
54104 0
54105 1
54106 0
54107 0
54108 0
54109 0
54110 0
54111 0
54112 0
54113 0
54114 0
54115 0
54116 0
54117 0
54118 0
54119 0
54120 0
54121 0
54122 0
54123 0
54124 0
54125 0
54126 0
54127 0
54128 0
54129 0
54130 0
54131 0
54132 0
54133 0
54134 0
54135 0
54136 0
54137 0
54138 0
54139 0
54140 0
54141 0
54142 0
54143 0
54144 0
54145 0
54146 0
54147 0
54148 0
54149 0
54150 0
54151 0
54152 0
54153 0
54154 0
54155 0
54156 0
54157 0
54158 0
54159 0
54160 0
54161 0
54162 0
54163 0
54164 0
54165 0
54166 0
54167 0
54168 0
54169 0
54170 0
54171 0
54172 1
54173 0
54174 0
54175 0
54176 0
54177 0
54178 0
54179 0
54180 0
54181 0
54182 0
54183 0
54184 0
54185 0
54186 0
54187 0
54188 0
54189 0
54190 0
54191 0
54192 0
54193 0
54194 0
54195 0
54196 0
54197 0
54198 0
54199 0
54200 0
54201 0
54202 0
54203 0
54204 0
54205 0
54206 0
54207 0
54208 0
54209 0
54210 0
54211 0
54212 0
54213 0
54214 0
54215 0
54216 0
54217 0
54218 0
54219 0
54220 0
54221 0
54222 0
54223 0
54224 0
54225 1
54226 0
54227 0
54228 0
54229 0
54230 0
54231 0
54232 0
54233 0
54234 0
54235 0
54236 0
54237 0
54238 0
54239 0
54240 0
54241 0
54242 0
54243 0
54244 0
54245 0
54246 0
54247 0
54248 0
54249 0
54250 0
54251 0
54252 0
54253 0
54254 0
54255 0
54256 0
54257 0
54258 0
54259 0
54260 0
54261 0
54262 0
54263 0
54264 0
54265 0
54266 0
54267 0
54268 0
54269 0
54270 0
54271 0
54272 0
54273 0
54274 0
54275 0
54276 0
54277 0
54278 0
54279 0
54280 0
54281 0
54282 0
54283 0
54284 0
54285 0
54286 0
54287 0
54288 0
54289 0
54290 0
54291 1
54292 0
54293 0
54294 0
54295 0
54296 0
54297 0
54298 0
54299 0
54300 0
54301 0
54302 0
54303 0
54304 0
54305 0
54306 0
54307 0
54308 0
54309 0
54310 0
54311 0
54312 0
54313 0
54314 0
54315 0
54316 0
54317 0
54318 0
54319 1
54320 0
54321 0
54322 0
54323 0
54324 0
54325 0
54326 0
54327 0
54328 0
54329 0
54330 0
54331 0
54332 0
54333 0
54334 0
54335 0
54336 0
54337 0
54338 0
54339 1
54340 0
54341 0
54342 0
54343 0
54344 0
54345 0
54346 0
54347 0
54348 0
54349 0
54350 0
54351 0
54352 0
54353 0
54354 0
54355 0
54356 0
54357 0
54358 0
54359 0
54360 0
54361 0
54362 0
54363 0
54364 0
54365 0
54366 0
54367 0
54368 0
54369 0
54370 0
54371 0
54372 0
54373 0
54374 0
54375 0
54376 0
54377 0
54378 0
54379 0
54380 0
54381 0
54382 0
54383 0
54384 0
54385 0
54386 0
54387 0
54388 0
54389 0
54390 0
54391 0
54392 0
54393 0
54394 0
54395 0
54396 0
54397 0
54398 0
54399 0
54400 0
54401 0
54402 0
54403 0
54404 0
54405 0
54406 0
54407 0
54408 0
54409 0
54410 0
54411 0
54412 0
54413 0
54414 0
54415 0
54416 0
54417 0
54418 0
54419 0
54420 0
54421 0
54422 0
54423 0
54424 0
54425 0
54426 0
54427 0
54428 0
54429 0
54430 0
54431 0
54432 0
54433 0
54434 0
54435 0
54436 0
54437 0
54438 0
54439 0
54440 0
54441 0
54442 0
54443 0
54444 0
54445 0
54446 0
54447 0
54448 0
54449 0
54450 0
54451 0
54452 0
54453 0
54454 0
54455 0
54456 0
54457 0
54458 0
54459 0
54460 0
54461 0
54462 0
54463 0
54464 0
54465 0
54466 0
54467 0
54468 0
54469 0
54470 0
54471 0
54472 0
54473 0
54474 0
54475 0
54476 0
54477 0
54478 0
54479 0
54480 0
54481 0
54482 0
54483 0
54484 0
54485 0
54486 0
54487 0
54488 0
54489 0
54490 0
54491 0
54492 0
54493 0
54494 0
54495 0
54496 0
54497 0
54498 0
54499 0
54500 0
54501 0
54502 0
54503 0
54504 0
54505 0
54506 0
54507 0
54508 0
54509 0
54510 0
54511 0
54512 0
54513 0
54514 0
54515 0
54516 0
54517 0
54518 0
54519 0
54520 0
54521 0
54522 0
54523 0
54524 0
54525 0
54526 0
54527 0
54528 0
54529 0
54530 0
54531 0
54532 0
54533 0
54534 0
54535 0
54536 0
54537 0
54538 0
54539 0
54540 0
54541 0
54542 0
54543 0
54544 0
54545 0
54546 0
54547 0
54548 0
54549 0
54550 0
54551 0
54552 0
54553 0
54554 1
54555 0
54556 0
54557 0
54558 0
54559 0
54560 0
54561 0
54562 0
54563 0
54564 0
54565 0
54566 0
54567 0
54568 0
54569 0
54570 1
54571 0
54572 0
54573 0
54574 0
54575 0
54576 0
54577 0
54578 0
54579 0
54580 0
54581 0
54582 1
54583 0
54584 0
54585 0
54586 0
54587 0
54588 0
54589 0
54590 0
54591 0
54592 0
54593 0
54594 0
54595 0
54596 0
54597 0
54598 0
54599 0
54600 0
54601 0
54602 0
54603 0
54604 0
54605 0
54606 0
54607 0
54608 0
54609 0
54610 0
54611 0
54612 0
54613 0
54614 0
54615 1
54616 0
54617 0
54618 0
54619 0
54620 0
54621 0
54622 0
54623 0
54624 0
54625 0
54626 0
54627 0
54628 0
54629 0
54630 0
54631 0
54632 0
54633 0
54634 0
54635 0
54636 0
54637 0
54638 0
54639 0
54640 0
54641 0
54642 0
54643 0
54644 1
54645 0
54646 0
54647 0
54648 0
54649 1
54650 0
54651 0
54652 0
54653 0
54654 1
54655 1
54656 0
54657 0
54658 0
54659 0
54660 0
54661 0
54662 0
54663 0
54664 0
54665 0
54666 0
54667 1
54668 0
54669 0
54670 0
54671 0
54672 0
54673 0
54674 0
54675 0
54676 0
54677 0
54678 0
54679 0
54680 0
54681 0
54682 0
54683 0
54684 1
54685 0
54686 0
54687 0
54688 0
54689 0
54690 0
54691 0
54692 0
54693 0
54694 0
54695 0
54696 0
54697 0
54698 0
54699 0
54700 0
54701 0
54702 0
54703 0
54704 0
54705 0
54706 0
54707 0
54708 0
54709 0
54710 0
54711 0
54712 0
54713 0
54714 0
54715 0
54716 0
54717 0
54718 0
54719 0
54720 0
54721 0
54722 0
54723 0
54724 0
54725 0
54726 0
54727 0
54728 0
54729 0
54730 0
54731 0
54732 0
54733 0
54734 0
54735 0
54736 0
54737 0
54738 0
54739 0
54740 0
54741 0
54742 0
54743 0
54744 0
54745 0
54746 0
54747 0
54748 0
54749 0
54750 0
54751 0
54752 0
54753 0
54754 0
54755 0
54756 0
54757 0
54758 0
54759 0
54760 0
54761 0
54762 0
54763 0
54764 0
54765 0
54766 0
54767 0
54768 0
54769 0
54770 0
54771 0
54772 0
54773 0
54774 0
54775 0
54776 0
54777 0
54778 0
54779 0
54780 0
54781 0
54782 0
54783 0
54784 0
54785 0
54786 0
54787 1
54788 0
54789 0
54790 0
54791 0
54792 0
54793 0
54794 0
54795 0
54796 0
54797 0
54798 0
54799 0
54800 0
54801 0
54802 0
54803 0
54804 0
54805 0
54806 0
54807 0
54808 0
54809 0
54810 0
54811 0
54812 0
54813 0
54814 0
54815 0
54816 0
54817 0
54818 0
54819 0
54820 0
54821 0
54822 0
54823 0
54824 0
54825 0
54826 0
54827 0
54828 0
54829 0
54830 0
54831 0
54832 0
54833 0
54834 0
54835 0
54836 0
54837 0
54838 0
54839 0
54840 0
54841 0
54842 0
54843 0
54844 0
54845 0
54846 0
54847 0
54848 0
54849 0
54850 0
54851 0
54852 0
54853 0
54854 0
54855 0
54856 0
54857 0
54858 0
54859 0
54860 0
54861 0
54862 0
54863 0
54864 0
54865 1
54866 0
54867 0
54868 0
54869 0
54870 0
54871 0
54872 0
54873 0
54874 0
54875 0
54876 0
54877 0
54878 0
54879 0
54880 0
54881 0
54882 0
54883 0
54884 0
54885 0
54886 0
54887 0
54888 0
54889 0
54890 0
54891 0
54892 0
54893 0
54894 0
54895 0
54896 0
54897 0
54898 0
54899 0
54900 0
54901 0
54902 0
54903 0
54904 0
54905 0
54906 0
54907 0
54908 0
54909 0
54910 0
54911 0
54912 0
54913 0
54914 0
54915 0
54916 0
54917 0
54918 0
54919 0
54920 0
54921 0
54922 0
54923 0
54924 0
54925 0
54926 0
54927 0
54928 0
54929 0
54930 0
54931 0
54932 0
54933 0
54934 1
54935 0
54936 0
54937 0
54938 0
54939 0
54940 0
54941 0
54942 0
54943 0
54944 0
54945 0
54946 0
54947 0
54948 0
54949 0
54950 0
54951 0
54952 0
54953 0
54954 0
54955 0
54956 0
54957 0
54958 0
54959 0
54960 0
54961 0
54962 0
54963 0
54964 0
54965 0
54966 0
54967 0
54968 0
54969 0
54970 0
54971 0
54972 0
54973 0
54974 0
54975 0
54976 0
54977 0
54978 0
54979 0
54980 0
54981 0
54982 0
54983 0
54984 0
54985 0
54986 0
54987 0
54988 0
54989 0
54990 0
54991 0
54992 0
54993 0
54994 0
54995 0
54996 0
54997 0
54998 0
54999 0
55000 0
55001 0
55002 0
55003 0
55004 0
55005 0
55006 0
55007 0
55008 0
55009 0
55010 0
55011 0
55012 0
55013 0
55014 0
55015 0
55016 0
55017 0
55018 0
55019 0
55020 0
55021 0
55022 0
55023 0
55024 0
55025 0
55026 0
55027 0
55028 0
55029 0
55030 0
55031 0
55032 0
55033 0
55034 0
55035 0
55036 0
55037 0
55038 0
55039 0
55040 0
55041 0
55042 0
55043 0
55044 0
55045 0
55046 0
55047 0
55048 0
55049 0
55050 0
55051 0
55052 0
55053 0
55054 0
55055 0
55056 0
55057 0
55058 0
55059 0
55060 0
55061 0
55062 0
55063 0
55064 0
55065 0
55066 0
55067 0
55068 0
55069 0
55070 0
55071 0
55072 0
55073 0
55074 0
55075 0
55076 0
55077 0
55078 1
55079 0
55080 0
55081 0
55082 0
55083 0
55084 0
55085 0
55086 0
55087 0
55088 0
55089 0
55090 0
55091 0
55092 0
55093 0
55094 0
55095 0
55096 0
55097 0
55098 0
55099 0
55100 0
55101 0
55102 0
55103 0
55104 0
55105 0
55106 0
55107 0
55108 0
55109 0
55110 0
55111 0
55112 0
55113 0
55114 0
55115 0
55116 0
55117 0
55118 0
55119 0
55120 0
55121 0
55122 0
55123 0
55124 0
55125 0
55126 0
55127 0
55128 0
55129 0
55130 0
55131 0
55132 0
55133 0
55134 0
55135 0
55136 0
55137 0
55138 0
55139 0
55140 0
55141 0
55142 0
55143 0
55144 0
55145 0
55146 0
55147 0
55148 0
55149 0
55150 0
55151 0
55152 0
55153 0
55154 1
55155 0
55156 0
55157 0
55158 0
55159 0
55160 0
55161 0
55162 0
55163 0
55164 0
55165 0
55166 0
55167 0
55168 0
55169 0
55170 0
55171 0
55172 0
55173 0
55174 0
55175 0
55176 0
55177 0
55178 0
55179 0
55180 0
55181 0
55182 0
55183 0
55184 0
55185 0
55186 0
55187 0
55188 0
55189 0
55190 0
55191 0
55192 0
55193 0
55194 0
55195 0
55196 0
55197 0
55198 0
55199 0
55200 0
55201 0
55202 0
55203 0
55204 0
55205 0
55206 0
55207 0
55208 0
55209 0
55210 0
55211 0
55212 0
55213 0
55214 0
55215 0
55216 0
55217 0
55218 0
55219 0
55220 0
55221 0
55222 0
55223 0
55224 0
55225 0
55226 0
55227 0
55228 0
55229 0
55230 0
55231 0
55232 0
55233 0
55234 0
55235 0
55236 0
55237 0
55238 0
55239 0
55240 0
55241 0
55242 0
55243 0
55244 0
55245 0
55246 0
55247 0
55248 0
55249 0
55250 0
55251 0
55252 0
55253 0
55254 0
55255 0
55256 0
55257 0
55258 0
55259 0
55260 0
55261 0
55262 0
55263 0
55264 0
55265 0
55266 0
55267 0
55268 0
55269 0
55270 0
55271 0
55272 0
55273 0
55274 0
55275 0
55276 0
55277 0
55278 0
55279 0
55280 0
55281 0
55282 0
55283 0
55284 0
55285 0
55286 0
55287 0
55288 1
55289 0
55290 0
55291 0
55292 0
55293 0
55294 0
55295 0
55296 0
55297 0
55298 0
55299 0
55300 0
55301 0
55302 0
55303 0
55304 0
55305 0
55306 0
55307 0
55308 0
55309 0
55310 0
55311 0
55312 0
55313 0
55314 0
55315 0
55316 0
55317 0
55318 0
55319 0
55320 0
55321 0
55322 0
55323 0
55324 0
55325 0
55326 0
55327 0
55328 0
55329 0
55330 0
55331 0
55332 0
55333 0
55334 0
55335 0
55336 0
55337 0
55338 0
55339 0
55340 0
55341 0
55342 0
55343 0
55344 0
55345 0
55346 0
55347 0
55348 0
55349 0
55350 0
55351 0
55352 0
55353 0
55354 0
55355 0
55356 0
55357 0
55358 0
55359 0
55360 0
55361 0
55362 0
55363 0
55364 0
55365 0
55366 0
55367 0
55368 0
55369 0
55370 0
55371 0
55372 0
55373 0
55374 0
55375 0
55376 0
55377 0
55378 0
55379 0
55380 0
55381 0
55382 0
55383 0
55384 0
55385 0
55386 0
55387 0
55388 0
55389 0
55390 0
55391 0
55392 0
55393 0
55394 0
55395 0
55396 0
55397 0
55398 0
55399 0
55400 0
55401 0
55402 0
55403 0
55404 0
55405 0
55406 0
55407 0
55408 0
55409 0
55410 0
55411 0
55412 0
55413 0
55414 0
55415 0
55416 1
55417 0
55418 0
55419 0
55420 0
55421 0
55422 0
55423 0
55424 0
55425 0
55426 0
55427 0
55428 0
55429 0
55430 0
55431 0
55432 0
55433 0
55434 0
55435 0
55436 0
55437 0
55438 0
55439 0
55440 0
55441 0
55442 0
55443 0
55444 0
55445 0
55446 0
55447 0
55448 0
55449 0
55450 0
55451 0
55452 0
55453 0
55454 0
55455 0
55456 0
55457 0
55458 0
55459 0
55460 0
55461 0
55462 0
55463 0
55464 0
55465 0
55466 0
55467 0
55468 0
55469 0
55470 0
55471 0
55472 0
55473 0
55474 0
55475 0
55476 0
55477 0
55478 0
55479 0
55480 0
55481 0
55482 0
55483 0
55484 0
55485 0
55486 0
55487 0
55488 0
55489 0
55490 0
55491 0
55492 0
55493 0
55494 0
55495 0
55496 0
55497 0
55498 0
55499 0
55500 0
55501 0
55502 0
55503 0
55504 0
55505 0
55506 0
55507 0
55508 0
55509 0
55510 0
55511 0
55512 0
55513 0
55514 0
55515 0
55516 0
55517 0
55518 0
55519 0
55520 0
55521 0
55522 0
55523 0
55524 0
55525 0
55526 0
55527 0
55528 0
55529 0
55530 0
55531 1
55532 0
55533 0
55534 0
55535 0
55536 0
55537 0
55538 0
55539 0
55540 0
55541 0
55542 0
55543 0
55544 1
55545 0
55546 0
55547 0
55548 0
55549 0
55550 0
55551 0
55552 0
55553 0
55554 0
55555 0
55556 0
55557 0
55558 0
55559 0
55560 0
55561 0
55562 0
55563 0
55564 0
55565 0
55566 0
55567 0
55568 0
55569 0
55570 0
55571 0
55572 0
55573 0
55574 0
55575 0
55576 0
55577 0
55578 0
55579 0
55580 0
55581 0
55582 0
55583 0
55584 0
55585 0
55586 0
55587 0
55588 0
55589 0
55590 0
55591 0
55592 0
55593 0
55594 0
55595 0
55596 0
55597 0
55598 0
55599 0
55600 1
55601 0
55602 0
55603 0
55604 0
55605 0
55606 0
55607 0
55608 0
55609 0
55610 0
55611 0
55612 0
55613 0
55614 0
55615 0
55616 0
55617 0
55618 0
55619 0
55620 0
55621 0
55622 0
55623 0
55624 0
55625 0
55626 0
55627 0
55628 0
55629 0
55630 0
55631 0
55632 0
55633 0
55634 0
55635 0
55636 0
55637 0
55638 0
55639 0
55640 0
55641 1
55642 0
55643 0
55644 0
55645 0
55646 0
55647 0
55648 0
55649 0
55650 0
55651 0
55652 0
55653 0
55654 0
55655 0
55656 0
55657 0
55658 0
55659 0
55660 0
55661 0
55662 0
55663 0
55664 0
55665 0
55666 0
55667 0
55668 0
55669 0
55670 0
55671 0
55672 0
55673 0
55674 0
55675 0
55676 1
55677 0
55678 0
55679 0
55680 0
55681 0
55682 1
55683 0
55684 0
55685 0
55686 1
55687 0
55688 0
55689 0
55690 0
55691 0
55692 0
55693 0
55694 0
55695 0
55696 0
55697 0
55698 0
55699 0
55700 0
55701 0
55702 1
55703 0
55704 0
55705 0
55706 0
55707 0
55708 0
55709 0
55710 0
55711 0
55712 0
55713 0
55714 0
55715 0
55716 0
55717 0
55718 0
55719 0
55720 0
55721 0
55722 0
55723 0
55724 0
55725 0
55726 0
55727 0
55728 0
55729 0
55730 0
55731 0
55732 0
55733 0
55734 0
55735 0
55736 0
55737 0
55738 0
55739 0
55740 0
55741 0
55742 0
55743 0
55744 0
55745 0
55746 0
55747 0
55748 0
55749 0
55750 0
55751 0
55752 0
55753 0
55754 0
55755 0
55756 0
55757 0
55758 0
55759 0
55760 0
55761 1
55762 0
55763 0
55764 0
55765 0
55766 0
55767 0
55768 0
55769 0
55770 0
55771 0
55772 0
55773 0
55774 0
55775 0
55776 0
55777 0
55778 0
55779 0
55780 0
55781 0
55782 0
55783 0
55784 0
55785 0
55786 0
55787 0
55788 0
55789 1
55790 0
55791 0
55792 0
55793 0
55794 0
55795 0
55796 0
55797 0
55798 0
55799 0
55800 0
55801 0
55802 0
55803 0
55804 0
55805 0
55806 0
55807 0
55808 0
55809 0
55810 0
55811 0
55812 0
55813 0
55814 0
55815 0
55816 0
55817 0
55818 0
55819 0
55820 0
55821 0
55822 0
55823 0
55824 0
55825 0
55826 0
55827 0
55828 0
55829 0
55830 0
55831 0
55832 0
55833 0
55834 0
55835 0
55836 0
55837 0
55838 0
55839 1
55840 0
55841 0
55842 0
55843 0
55844 0
55845 0
55846 0
55847 0
55848 0
55849 0
55850 0
55851 0
55852 0
55853 0
55854 0
55855 0
55856 0
55857 0
55858 0
55859 0
55860 0
55861 0
55862 0
55863 0
55864 0
55865 0
55866 0
55867 0
55868 0
55869 0
55870 0
55871 1
55872 0
55873 0
55874 0
55875 0
55876 0
55877 0
55878 0
55879 0
55880 0
55881 0
55882 0
55883 0
55884 0
55885 0
55886 0
55887 0
55888 0
55889 0
55890 0
55891 0
55892 0
55893 0
55894 0
55895 0
55896 0
55897 0
55898 0
55899 0
55900 0
55901 0
55902 0
55903 0
55904 0
55905 0
55906 0
55907 0
55908 0
55909 0
55910 0
55911 0
55912 1
55913 0
55914 0
55915 0
55916 0
55917 0
55918 0
55919 0
55920 0
55921 0
55922 0
55923 0
55924 0
55925 0
55926 0
55927 0
55928 0
55929 0
55930 0
55931 0
55932 0
55933 0
55934 0
55935 0
55936 0
55937 0
55938 0
55939 0
55940 0
55941 0
55942 0
55943 0
55944 0
55945 0
55946 0
55947 0
55948 0
55949 0
55950 0
55951 0
55952 0
55953 0
55954 0
55955 0
55956 0
55957 0
55958 0
55959 0
55960 0
55961 0
55962 0
55963 0
55964 0
55965 0
55966 0
55967 0
55968 0
55969 0
55970 0
55971 0
55972 0
55973 0
55974 0
55975 0
55976 0
55977 0
55978 0
55979 0
55980 0
55981 0
55982 0
55983 0
55984 0
55985 0
55986 0
55987 0
55988 0
55989 0
55990 0
55991 0
55992 0
55993 0
55994 0
55995 0
55996 0
55997 0
55998 0
55999 0
56000 0
56001 0
56002 0
56003 0
56004 0
56005 0
56006 0
56007 0
56008 0
56009 0
56010 0
56011 0
56012 0
56013 0
56014 0
56015 0
56016 0
56017 0
56018 0
56019 0
56020 0
56021 0
56022 0
56023 0
56024 0
56025 0
56026 0
56027 0
56028 0
56029 0
56030 0
56031 0
56032 0
56033 0
56034 0
56035 0
56036 0
56037 1
56038 0
56039 0
56040 1
56041 1
56042 0
56043 0
56044 0
56045 0
56046 0
56047 0
56048 0
56049 0
56050 0
56051 0
56052 0
56053 0
56054 0
56055 0
56056 0
56057 0
56058 0
56059 0
56060 0
56061 0
56062 0
56063 0
56064 0
56065 0
56066 0
56067 0
56068 0
56069 0
56070 0
56071 0
56072 0
56073 0
56074 0
56075 0
56076 0
56077 0
56078 0
56079 0
56080 0
56081 0
56082 0
56083 0
56084 0
56085 0
56086 0
56087 0
56088 0
56089 0
56090 0
56091 0
56092 0
56093 0
56094 0
56095 0
56096 0
56097 0
56098 0
56099 0
56100 0
56101 0
56102 0
56103 0
56104 0
56105 0
56106 0
56107 0
56108 0
56109 0
56110 0
56111 0
56112 0
56113 0
56114 0
56115 0
56116 0
56117 0
56118 0
56119 0
56120 0
56121 0
56122 0
56123 0
56124 0
56125 0
56126 0
56127 1
56128 0
56129 0
56130 0
56131 0
56132 0
56133 0
56134 0
56135 0
56136 0
56137 0
56138 0
56139 0
56140 0
56141 0
56142 0
56143 0
56144 0
56145 0
56146 0
56147 0
56148 0
56149 0
56150 0
56151 0
56152 0
56153 0
56154 0
56155 0
56156 0
56157 0
56158 0
56159 0
56160 0
56161 0
56162 0
56163 0
56164 0
56165 0
56166 0
56167 0
56168 0
56169 0
56170 0
56171 0
56172 0
56173 0
56174 0
56175 0
56176 0
56177 0
56178 0
56179 0
56180 0
56181 0
56182 0
56183 0
56184 0
56185 0
56186 0
56187 0
56188 0
56189 0
56190 0
56191 0
56192 0
56193 0
56194 0
56195 0
56196 0
56197 0
56198 0
56199 0
56200 0
56201 0
56202 0
56203 0
56204 0
56205 0
56206 0
56207 0
56208 0
56209 0
56210 0
56211 0
56212 0
56213 0
56214 0
56215 0
56216 0
56217 0
56218 1
56219 0
56220 0
56221 0
56222 0
56223 0
56224 0
56225 0
56226 0
56227 0
56228 0
56229 0
56230 0
56231 0
56232 0
56233 0
56234 0
56235 0
56236 0
56237 1
56238 0
56239 0
56240 0
56241 0
56242 0
56243 0
56244 0
56245 0
56246 0
56247 0
56248 0
56249 0
56250 0
56251 0
56252 0
56253 0
56254 0
56255 0
56256 0
56257 0
56258 0
56259 0
56260 0
56261 0
56262 0
56263 0
56264 0
56265 0
56266 0
56267 0
56268 0
56269 0
56270 0
56271 0
56272 0
56273 0
56274 0
56275 0
56276 0
56277 0
56278 0
56279 0
56280 0
56281 0
56282 0
56283 0
56284 0
56285 0
56286 0
56287 0
56288 0
56289 0
56290 0
56291 0
56292 0
56293 0
56294 0
56295 0
56296 0
56297 0
56298 0
56299 0
56300 0
56301 0
56302 0
56303 0
56304 0
56305 0
56306 0
56307 0
56308 0
56309 0
56310 1
56311 0
56312 0
56313 0
56314 1
56315 0
56316 0
56317 0
56318 0
56319 0
56320 0
56321 0
56322 0
56323 0
56324 1
56325 0
56326 0
56327 0
56328 0
56329 0
56330 0
56331 0
56332 0
56333 0
56334 0
56335 0
56336 0
56337 0
56338 0
56339 0
56340 0
56341 0
56342 0
56343 0
56344 0
56345 0
56346 0
56347 0
56348 0
56349 0
56350 0
56351 0
56352 1
56353 0
56354 0
56355 0
56356 0
56357 0
56358 0
56359 0
56360 0
56361 0
56362 0
56363 0
56364 0
56365 0
56366 0
56367 0
56368 0
56369 0
56370 0
56371 0
56372 0
56373 0
56374 0
56375 0
56376 0
56377 0
56378 0
56379 0
56380 0
56381 0
56382 0
56383 0
56384 0
56385 0
56386 0
56387 0
56388 0
56389 0
56390 0
56391 0
56392 0
56393 0
56394 0
56395 0
56396 0
56397 0
56398 0
56399 0
56400 0
56401 0
56402 0
56403 0
56404 0
56405 0
56406 0
56407 0
56408 0
56409 0
56410 0
56411 0
56412 0
56413 0
56414 0
56415 0
56416 0
56417 0
56418 0
56419 0
56420 0
56421 0
56422 0
56423 0
56424 0
56425 0
56426 0
56427 0
56428 0
56429 0
56430 0
56431 0
56432 0
56433 0
56434 0
56435 0
56436 0
56437 0
56438 0
56439 0
56440 0
56441 0
56442 0
56443 0
56444 0
56445 0
56446 0
56447 0
56448 0
56449 0
56450 0
56451 0
56452 0
56453 0
56454 0
56455 0
56456 0
56457 0
56458 0
56459 0
56460 0
56461 0
56462 0
56463 0
56464 0
56465 0
56466 0
56467 0
56468 0
56469 0
56470 0
56471 0
56472 0
56473 0
56474 0
56475 0
56476 0
56477 0
56478 0
56479 0
56480 0
56481 0
56482 0
56483 0
56484 0
56485 0
56486 0
56487 0
56488 0
56489 0
56490 0
56491 0
56492 0
56493 0
56494 0
56495 0
56496 0
56497 0
56498 0
56499 0
56500 0
56501 0
56502 0
56503 0
56504 0
56505 0
56506 0
56507 0
56508 0
56509 0
56510 0
56511 0
56512 0
56513 0
56514 0
56515 0
56516 0
56517 0
56518 0
56519 0
56520 0
56521 0
56522 0
56523 0
56524 0
56525 0
56526 0
56527 0
56528 0
56529 0
56530 0
56531 0
56532 0
56533 0
56534 0
56535 0
56536 0
56537 0
56538 0
56539 0
56540 0
56541 0
56542 0
56543 0
56544 0
56545 0
56546 0
56547 0
56548 0
56549 0
56550 0
56551 0
56552 0
56553 0
56554 0
56555 0
56556 0
56557 0
56558 0
56559 0
56560 0
56561 0
56562 0
56563 0
56564 0
56565 0
56566 0
56567 0
56568 0
56569 0
56570 0
56571 0
56572 0
56573 0
56574 0
56575 0
56576 0
56577 0
56578 0
56579 0
56580 0
56581 0
56582 0
56583 0
56584 0
56585 0
56586 0
56587 0
56588 0
56589 0
56590 0
56591 0
56592 0
56593 0
56594 0
56595 0
56596 0
56597 0
56598 0
56599 0
56600 0
56601 0
56602 0
56603 0
56604 0
56605 0
56606 0
56607 0
56608 0
56609 0
56610 0
56611 0
56612 0
56613 0
56614 0
56615 0
56616 0
56617 0
56618 0
56619 0
56620 0
56621 0
56622 0
56623 0
56624 0
56625 0
56626 0
56627 0
56628 0
56629 0
56630 0
56631 0
56632 0
56633 0
56634 0
56635 0
56636 0
56637 0
56638 0
56639 0
56640 0
56641 0
56642 0
56643 0
56644 0
56645 0
56646 0
56647 0
56648 0
56649 0
56650 0
56651 0
56652 0
56653 0
56654 0
56655 0
56656 0
56657 0
56658 0
56659 0
56660 0
56661 0
56662 0
56663 0
56664 0
56665 0
56666 0
56667 0
56668 0
56669 0
56670 0
56671 0
56672 0
56673 0
56674 0
56675 0
56676 0
56677 0
56678 0
56679 0
56680 0
56681 0
56682 0
56683 0
56684 0
56685 0
56686 0
56687 0
56688 0
56689 0
56690 0
56691 0
56692 0
56693 0
56694 0
56695 0
56696 0
56697 0
56698 0
56699 0
56700 0
56701 0
56702 0
56703 0
56704 0
56705 0
56706 0
56707 0
56708 0
56709 0
56710 0
56711 0
56712 0
56713 0
56714 1
56715 0
56716 1
56717 0
56718 0
56719 0
56720 0
56721 0
56722 0
56723 0
56724 0
56725 0
56726 0
56727 0
56728 0
56729 0
56730 0
56731 0
56732 0
56733 0
56734 0
56735 0
56736 0
56737 0
56738 0
56739 0
56740 0
56741 0
56742 0
56743 0
56744 0
56745 0
56746 0
56747 0
56748 0
56749 0
56750 0
56751 0
56752 0
56753 0
56754 0
56755 0
56756 0
56757 0
56758 0
56759 0
56760 0
56761 0
56762 0
56763 0
56764 0
56765 0
56766 0
56767 0
56768 0
56769 0
56770 0
56771 0
56772 0
56773 0
56774 0
56775 0
56776 0
56777 0
56778 0
56779 0
56780 0
56781 0
56782 0
56783 0
56784 0
56785 0
56786 0
56787 0
56788 0
56789 0
56790 0
56791 0
56792 0
56793 0
56794 0
56795 0
56796 0
56797 0
56798 0
56799 0
56800 0
56801 0
56802 0
56803 0
56804 0
56805 0
56806 0
56807 0
56808 0
56809 0
56810 1
56811 0
56812 0
56813 0
56814 1
56815 0
56816 0
56817 0
56818 0
56819 0
56820 0
56821 0
56822 0
56823 0
56824 0
56825 0
56826 0
56827 0
56828 0
56829 0
56830 0
56831 0
56832 0
56833 0
56834 0
56835 0
56836 0
56837 0
56838 0
56839 0
56840 0
56841 0
56842 0
56843 0
56844 0
56845 0
56846 0
56847 0
56848 0
56849 0
56850 0
56851 0
56852 0
56853 0
56854 0
56855 0
56856 0
56857 0
56858 0
56859 1
56860 0
56861 0
56862 0
56863 0
56864 0
56865 0
56866 0
56867 0
56868 0
56869 0
56870 0
56871 0
56872 0
56873 0
56874 0
56875 0
56876 0
56877 0
56878 0
56879 0
56880 0
56881 0
56882 0
56883 0
56884 0
56885 0
56886 0
56887 0
56888 0
56889 0
56890 0
56891 0
56892 0
56893 0
56894 0
56895 0
56896 0
56897 0
56898 0
56899 0
56900 0
56901 0
56902 0
56903 0
56904 0
56905 0
56906 0
56907 0
56908 0
56909 0
56910 0
56911 0
56912 0
56913 0
56914 0
56915 0
56916 0
56917 0
56918 0
56919 0
56920 0
56921 0
56922 0
56923 0
56924 0
56925 0
56926 0
56927 0
56928 0
56929 0
56930 0
56931 0
56932 0
56933 0
56934 0
56935 0
56936 0
56937 0
56938 0
56939 0
56940 0
56941 0
56942 0
56943 0
56944 0
56945 0
56946 0
56947 0
56948 0
56949 0
56950 0
56951 0
56952 0
56953 0
56954 0
56955 0
56956 0
56957 0
56958 0
56959 0
56960 0
56961 0
56962 0
56963 0
56964 0
56965 0
56966 0
56967 0
56968 0
56969 0
56970 0
56971 0
56972 0
56973 0
56974 0
56975 0
56976 0
56977 0
56978 0
56979 0
56980 0
56981 0
56982 0
56983 0
56984 0
56985 0
56986 0
56987 0
56988 0
56989 0
56990 0
56991 0
56992 0
56993 0
56994 0
56995 0
56996 0
56997 0
56998 0
56999 0
57000 0
57001 0
57002 0
57003 0
57004 0
57005 0
57006 0
57007 0
57008 0
57009 0
57010 0
57011 0
57012 0
57013 0
57014 0
57015 0
57016 0
57017 0
57018 0
57019 0
57020 0
57021 0
57022 0
57023 0
57024 0
57025 0
57026 0
57027 0
57028 0
57029 0
57030 0
57031 0
57032 0
57033 0
57034 0
57035 0
57036 0
57037 0
57038 0
57039 0
57040 0
57041 0
57042 0
57043 0
57044 0
57045 0
57046 0
57047 0
57048 0
57049 0
57050 0
57051 0
57052 0
57053 0
57054 0
57055 0
57056 0
57057 0
57058 0
57059 0
57060 0
57061 0
57062 0
57063 0
57064 1
57065 0
57066 0
57067 0
57068 0
57069 0
57070 0
57071 0
57072 0
57073 0
57074 0
57075 0
57076 0
57077 0
57078 0
57079 0
57080 0
57081 0
57082 0
57083 0
57084 0
57085 0
57086 0
57087 0
57088 0
57089 0
57090 0
57091 0
57092 0
57093 0
57094 0
57095 0
57096 0
57097 0
57098 0
57099 0
57100 0
57101 0
57102 0
57103 0
57104 0
57105 0
57106 0
57107 0
57108 0
57109 0
57110 0
57111 0
57112 0
57113 0
57114 0
57115 0
57116 0
57117 0
57118 1
57119 0
57120 0
57121 0
57122 0
57123 0
57124 0
57125 0
57126 0
57127 0
57128 0
57129 0
57130 0
57131 0
57132 0
57133 0
57134 0
57135 0
57136 0
57137 0
57138 0
57139 0
57140 0
57141 0
57142 0
57143 0
57144 0
57145 0
57146 0
57147 0
57148 0
57149 0
57150 0
57151 0
57152 0
57153 0
57154 0
57155 0
57156 0
57157 0
57158 0
57159 0
57160 0
57161 0
57162 0
57163 0
57164 0
57165 0
57166 0
57167 0
57168 0
57169 0
57170 0
57171 0
57172 0
57173 0
57174 0
57175 0
57176 0
57177 0
57178 0
57179 0
57180 0
57181 0
57182 1
57183 1
57184 0
57185 0
57186 0
57187 0
57188 0
57189 0
57190 0
57191 0
57192 0
57193 0
57194 0
57195 0
57196 0
57197 0
57198 0
57199 0
57200 0
57201 0
57202 0
57203 0
57204 1
57205 0
57206 0
57207 0
57208 0
57209 0
57210 0
57211 0
57212 0
57213 0
57214 0
57215 0
57216 0
57217 0
57218 0
57219 0
57220 1
57221 0
57222 0
57223 0
57224 0
57225 0
57226 0
57227 0
57228 0
57229 0
57230 0
57231 0
57232 0
57233 0
57234 0
57235 0
57236 0
57237 0
57238 0
57239 0
57240 0
57241 0
57242 0
57243 0
57244 0
57245 0
57246 0
57247 0
57248 0
57249 0
57250 0
57251 0
57252 0
57253 0
57254 0
57255 0
57256 0
57257 0
57258 0
57259 0
57260 0
57261 0
57262 0
57263 0
57264 0
57265 0
57266 0
57267 0
57268 0
57269 0
57270 0
57271 0
57272 0
57273 0
57274 0
57275 0
57276 0
57277 0
57278 0
57279 0
57280 0
57281 0
57282 0
57283 0
57284 0
57285 0
57286 0
57287 0
57288 0
57289 0
57290 0
57291 0
57292 0
57293 0
57294 0
57295 0
57296 0
57297 0
57298 0
57299 0
57300 0
57301 0
57302 0
57303 0
57304 0
57305 0
57306 0
57307 0
57308 0
57309 0
57310 0
57311 0
57312 0
57313 0
57314 0
57315 0
57316 0
57317 0
57318 0
57319 0
57320 0
57321 0
57322 0
57323 0
57324 0
57325 0
57326 0
57327 0
57328 0
57329 0
57330 0
57331 0
57332 0
57333 0
57334 0
57335 0
57336 0
57337 0
57338 0
57339 0
57340 0
57341 0
57342 0
57343 0
57344 0
57345 0
57346 0
57347 0
57348 0
57349 0
57350 1
57351 0
57352 0
57353 0
57354 0
57355 0
57356 0
57357 0
57358 0
57359 0
57360 0
57361 0
57362 0
57363 0
57364 0
57365 0
57366 0
57367 0
57368 0
57369 0
57370 0
57371 0
57372 0
57373 0
57374 0
57375 0
57376 0
57377 0
57378 0
57379 0
57380 0
57381 1
57382 0
57383 0
57384 0
57385 0
57386 0
57387 0
57388 0
57389 0
57390 0
57391 0
57392 0
57393 0
57394 0
57395 0
57396 0
57397 0
57398 0
57399 0
57400 0
57401 0
57402 0
57403 1
57404 0
57405 0
57406 0
57407 0
57408 0
57409 0
57410 0
57411 0
57412 0
57413 0
57414 0
57415 0
57416 0
57417 0
57418 0
57419 0
57420 0
57421 0
57422 0
57423 0
57424 0
57425 0
57426 0
57427 0
57428 0
57429 0
57430 0
57431 0
57432 0
57433 0
57434 0
57435 0
57436 0
57437 0
57438 0
57439 0
57440 0
57441 0
57442 0
57443 0
57444 0
57445 0
57446 0
57447 0
57448 0
57449 0
57450 0
57451 0
57452 0
57453 0
57454 0
57455 0
57456 0
57457 0
57458 0
57459 0
57460 0
57461 0
57462 0
57463 0
57464 0
57465 0
57466 0
57467 0
57468 0
57469 0
57470 0
57471 0
57472 0
57473 0
57474 0
57475 0
57476 0
57477 0
57478 0
57479 0
57480 0
57481 0
57482 0
57483 0
57484 0
57485 0
57486 0
57487 0
57488 1
57489 0
57490 0
57491 0
57492 0
57493 1
57494 0
57495 0
57496 0
57497 0
57498 0
57499 0
57500 0
57501 0
57502 0
57503 0
57504 0
57505 0
57506 0
57507 1
57508 0
57509 0
57510 0
57511 0
57512 0
57513 0
57514 0
57515 0
57516 0
57517 0
57518 0
57519 0
57520 0
57521 0
57522 0
57523 0
57524 0
57525 0
57526 0
57527 0
57528 0
57529 0
57530 0
57531 0
57532 0
57533 0
57534 0
57535 0
57536 0
57537 0
57538 0
57539 0
57540 0
57541 0
57542 0
57543 0
57544 0
57545 0
57546 0
57547 0
57548 0
57549 0
57550 0
57551 0
57552 0
57553 0
57554 0
57555 0
57556 0
57557 0
57558 0
57559 0
57560 0
57561 0
57562 0
57563 0
57564 0
57565 0
57566 0
57567 0
57568 0
57569 0
57570 0
57571 0
57572 0
57573 0
57574 0
57575 0
57576 0
57577 0
57578 0
57579 0
57580 0
57581 0
57582 0
57583 0
57584 0
57585 0
57586 0
57587 0
57588 0
57589 0
57590 0
57591 0
57592 0
57593 0
57594 0
57595 0
57596 0
57597 0
57598 0
57599 0
57600 0
57601 0
57602 0
57603 0
57604 0
57605 0
57606 0
57607 0
57608 0
57609 0
57610 0
57611 0
57612 0
57613 0
57614 0
57615 0
57616 0
57617 0
57618 0
57619 0
57620 0
57621 0
57622 0
57623 0
57624 0
57625 0
57626 0
57627 0
57628 0
57629 0
57630 0
57631 0
57632 0
57633 0
57634 0
57635 0
57636 0
57637 0
57638 0
57639 0
57640 0
57641 0
57642 0
57643 0
57644 0
57645 0
57646 0
57647 0
57648 0
57649 0
57650 0
57651 0
57652 0
57653 0
57654 0
57655 0
57656 0
57657 0
57658 1
57659 0
57660 0
57661 0
57662 0
57663 0
57664 0
57665 0
57666 0
57667 0
57668 0
57669 0
57670 0
57671 0
57672 0
57673 0
57674 0
57675 0
57676 0
57677 0
57678 0
57679 0
57680 0
57681 0
57682 0
57683 0
57684 0
57685 0
57686 0
57687 0
57688 0
57689 0
57690 1
57691 0
57692 0
57693 0
57694 0
57695 0
57696 0
57697 0
57698 0
57699 0
57700 0
57701 0
57702 0
57703 0
57704 0
57705 0
57706 0
57707 0
57708 0
57709 0
57710 0
57711 0
57712 0
57713 0
57714 0
57715 0
57716 0
57717 0
57718 0
57719 0
57720 0
57721 0
57722 0
57723 0
57724 0
57725 0
57726 0
57727 0
57728 0
57729 0
57730 0
57731 0
57732 0
57733 0
57734 0
57735 0
57736 0
57737 0
57738 1
57739 0
57740 0
57741 0
57742 0
57743 0
57744 0
57745 0
57746 0
57747 0
57748 0
57749 0
57750 0
57751 0
57752 0
57753 0
57754 0
57755 0
57756 0
57757 0
57758 0
57759 0
57760 0
57761 0
57762 0
57763 0
57764 0
57765 0
57766 0
57767 0
57768 0
57769 0
57770 0
57771 0
57772 0
57773 0
57774 0
57775 0
57776 0
57777 0
57778 0
57779 0
57780 0
57781 0
57782 0
57783 0
57784 0
57785 0
57786 0
57787 0
57788 0
57789 0
57790 0
57791 0
57792 0
57793 0
57794 0
57795 0
57796 0
57797 0
57798 0
57799 0
57800 0
57801 0
57802 0
57803 0
57804 0
57805 0
57806 0
57807 0
57808 0
57809 0
57810 0
57811 0
57812 0
57813 0
57814 0
57815 0
57816 0
57817 0
57818 0
57819 0
57820 0
57821 0
57822 0
57823 0
57824 0
57825 0
57826 0
57827 0
57828 0
57829 0
57830 0
57831 0
57832 0
57833 0
57834 0
57835 0
57836 0
57837 0
57838 0
57839 0
57840 0
57841 0
57842 0
57843 0
57844 0
57845 0
57846 0
57847 0
57848 0
57849 0
57850 0
57851 0
57852 0
57853 0
57854 0
57855 0
57856 0
57857 0
57858 0
57859 0
57860 0
57861 0
57862 0
57863 0
57864 0
57865 0
57866 0
57867 0
57868 0
57869 0
57870 0
57871 0
57872 0
57873 0
57874 0
57875 0
57876 0
57877 0
57878 0
57879 1
57880 0
57881 0
57882 0
57883 0
57884 0
57885 0
57886 0
57887 0
57888 0
57889 0
57890 0
57891 0
57892 0
57893 0
57894 0
57895 0
57896 0
57897 0
57898 0
57899 0
57900 0
57901 0
57902 0
57903 0
57904 0
57905 0
57906 0
57907 0
57908 0
57909 0
57910 0
57911 0
57912 0
57913 0
57914 0
57915 0
57916 0
57917 0
57918 0
57919 0
57920 0
57921 0
57922 0
57923 0
57924 0
57925 0
57926 0
57927 0
57928 0
57929 0
57930 1
57931 0
57932 0
57933 0
57934 0
57935 0
57936 0
57937 0
57938 0
57939 0
57940 0
57941 0
57942 0
57943 0
57944 0
57945 0
57946 0
57947 0
57948 0
57949 0
57950 0
57951 0
57952 0
57953 0
57954 0
57955 0
57956 0
57957 0
57958 0
57959 0
57960 0
57961 0
57962 0
57963 0
57964 0
57965 0
57966 0
57967 0
57968 0
57969 0
57970 0
57971 0
57972 0
57973 0
57974 0
57975 0
57976 0
57977 0
57978 0
57979 0
57980 0
57981 0
57982 0
57983 0
57984 0
57985 0
57986 0
57987 0
57988 0
57989 0
57990 0
57991 0
57992 0
57993 0
57994 0
57995 0
57996 0
57997 0
57998 0
57999 0
58000 0
58001 0
58002 0
58003 0
58004 0
58005 0
58006 0
58007 0
58008 0
58009 0
58010 1
58011 0
58012 0
58013 0
58014 0
58015 0
58016 0
58017 0
58018 0
58019 0
58020 0
58021 0
58022 0
58023 0
58024 0
58025 0
58026 0
58027 0
58028 0
58029 0
58030 0
58031 0
58032 0
58033 0
58034 0
58035 0
58036 0
58037 0
58038 0
58039 0
58040 0
58041 0
58042 0
58043 0
58044 0
58045 0
58046 0
58047 0
58048 0
58049 0
58050 0
58051 0
58052 0
58053 0
58054 0
58055 0
58056 0
58057 0
58058 0
58059 0
58060 0
58061 0
58062 0
58063 0
58064 0
58065 0
58066 0
58067 0
58068 0
58069 0
58070 0
58071 0
58072 0
58073 0
58074 0
58075 0
58076 0
58077 0
58078 0
58079 0
58080 0
58081 0
58082 0
58083 0
58084 0
58085 0
58086 0
58087 0
58088 0
58089 0
58090 0
58091 0
58092 0
58093 0
58094 0
58095 0
58096 0
58097 0
58098 0
58099 0
58100 0
58101 0
58102 0
58103 0
58104 0
58105 0
58106 0
58107 0
58108 0
58109 0
58110 0
58111 0
58112 1
58113 0
58114 0
58115 0
58116 0
58117 0
58118 0
58119 0
58120 0
58121 0
58122 0
58123 0
58124 0
58125 0
58126 0
58127 0
58128 0
58129 0
58130 0
58131 0
58132 0
58133 0
58134 0
58135 0
58136 0
58137 0
58138 0
58139 0
58140 0
58141 0
58142 0
58143 0
58144 0
58145 0
58146 0
58147 0
58148 0
58149 0
58150 0
58151 0
58152 0
58153 0
58154 0
58155 0
58156 0
58157 0
58158 0
58159 0
58160 0
58161 0
58162 0
58163 0
58164 0
58165 0
58166 0
58167 0
58168 0
58169 0
58170 0
58171 0
58172 0
58173 0
58174 0
58175 0
58176 0
58177 0
58178 0
58179 0
58180 0
58181 0
58182 0
58183 0
58184 0
58185 0
58186 0
58187 0
58188 0
58189 0
58190 0
58191 0
58192 0
58193 0
58194 0
58195 0
58196 0
58197 0
58198 0
58199 0
58200 0
58201 0
58202 0
58203 0
58204 0
58205 0
58206 0
58207 0
58208 0
58209 0
58210 0
58211 0
58212 0
58213 0
58214 0
58215 0
58216 0
58217 0
58218 0
58219 0
58220 0
58221 0
58222 0
58223 0
58224 0
58225 0
58226 0
58227 0
58228 0
58229 0
58230 0
58231 0
58232 0
58233 0
58234 0
58235 0
58236 0
58237 0
58238 0
58239 0
58240 0
58241 0
58242 0
58243 0
58244 0
58245 0
58246 0
58247 0
58248 0
58249 0
58250 0
58251 0
58252 0
58253 0
58254 0
58255 0
58256 0
58257 0
58258 0
58259 0
58260 1
58261 0
58262 0
58263 0
58264 0
58265 0
58266 0
58267 0
58268 0
58269 0
58270 0
58271 0
58272 0
58273 0
58274 0
58275 0
58276 0
58277 0
58278 0
58279 0
58280 0
58281 0
58282 0
58283 0
58284 0
58285 0
58286 0
58287 0
58288 0
58289 0
58290 0
58291 0
58292 0
58293 0
58294 0
58295 0
58296 0
58297 0
58298 0
58299 0
58300 0
58301 0
58302 0
58303 0
58304 0
58305 0
58306 0
58307 0
58308 0
58309 0
58310 0
58311 0
58312 0
58313 0
58314 0
58315 0
58316 0
58317 0
58318 0
58319 0
58320 0
58321 0
58322 0
58323 0
58324 0
58325 0
58326 0
58327 1
58328 0
58329 0
58330 0
58331 0
58332 0
58333 0
58334 0
58335 0
58336 0
58337 0
58338 0
58339 0
58340 0
58341 0
58342 0
58343 0
58344 0
58345 0
58346 0
58347 0
58348 0
58349 0
58350 0
58351 0
58352 0
58353 0
58354 0
58355 0
58356 0
58357 0
58358 0
58359 0
58360 0
58361 0
58362 0
58363 0
58364 0
58365 0
58366 0
58367 0
58368 0
58369 0
58370 0
58371 0
58372 0
58373 0
58374 0
58375 0
58376 0
58377 0
58378 0
58379 0
58380 0
58381 0
58382 0
58383 0
58384 0
58385 0
58386 0
58387 0
58388 0
58389 0
58390 0
58391 0
58392 0
58393 0
58394 0
58395 0
58396 0
58397 0
58398 0
58399 0
58400 0
58401 0
58402 0
58403 0
58404 0
58405 0
58406 0
58407 0
58408 0
58409 0
58410 0
58411 0
58412 0
58413 0
58414 0
58415 0
58416 0
58417 0
58418 0
58419 0
58420 0
58421 0
58422 0
58423 0
58424 0
58425 0
58426 0
58427 0
58428 0
58429 0
58430 0
58431 0
58432 0
58433 0
58434 0
58435 1
58436 0
58437 0
58438 0
58439 0
58440 0
58441 0
58442 0
58443 0
58444 0
58445 1
58446 0
58447 0
58448 0
58449 0
58450 0
58451 0
58452 0
58453 0
58454 0
58455 0
58456 0
58457 0
58458 0
58459 0
58460 0
58461 0
58462 0
58463 0
58464 0
58465 0
58466 0
58467 0
58468 0
58469 0
58470 0
58471 0
58472 1
58473 0
58474 0
58475 0
58476 0
58477 0
58478 0
58479 0
58480 0
58481 0
58482 0
58483 0
58484 1
58485 0
58486 0
58487 0
58488 0
58489 0
58490 0
58491 0
58492 0
58493 0
58494 0
58495 0
58496 0
58497 0
58498 0
58499 0
58500 0
58501 0
58502 0
58503 0
58504 0
58505 0
58506 0
58507 0
58508 0
58509 0
58510 0
58511 0
58512 0
58513 0
58514 0
58515 0
58516 0
58517 0
58518 0
58519 0
58520 0
58521 0
58522 0
58523 1
58524 0
58525 0
58526 0
58527 0
58528 0
58529 0
58530 0
58531 0
58532 0
58533 0
58534 0
58535 0
58536 0
58537 0
58538 0
58539 0
58540 0
58541 0
58542 0
58543 0
58544 0
58545 0
58546 0
58547 0
58548 0
58549 0
58550 0
58551 0
58552 0
58553 0
58554 0
58555 0
58556 0
58557 0
58558 0
58559 0
58560 0
58561 0
58562 0
58563 0
58564 0
58565 0
58566 0
58567 0
58568 0
58569 0
58570 0
58571 0
58572 0
58573 0
58574 0
58575 0
58576 0
58577 0
58578 0
58579 0
58580 0
58581 0
58582 0
58583 0
58584 0
58585 0
58586 0
58587 0
58588 0
58589 0
58590 2
58591 0
58592 0
58593 0
58594 0
58595 0
58596 1
58597 0
58598 1
58599 0
58600 0
58601 0
58602 0
58603 0
58604 0
58605 0
58606 0
58607 0
58608 0
58609 0
58610 0
58611 0
58612 0
58613 0
58614 0
58615 0
58616 0
58617 0
58618 0
58619 1
58620 0
58621 0
58622 0
58623 0
58624 0
58625 0
58626 0
58627 0
58628 0
58629 0
58630 0
58631 1
58632 0
58633 0
58634 0
58635 0
58636 0
58637 0
58638 0
58639 0
58640 0
58641 0
58642 0
58643 0
58644 0
58645 0
58646 0
58647 0
58648 0
58649 0
58650 0
58651 0
58652 0
58653 0
58654 0
58655 0
58656 0
58657 0
58658 0
58659 0
58660 0
58661 0
58662 0
58663 0
58664 0
58665 0
58666 0
58667 0
58668 0
58669 0
58670 0
58671 0
58672 0
58673 0
58674 0
58675 0
58676 0
58677 0
58678 0
58679 0
58680 0
58681 0
58682 0
58683 0
58684 0
58685 0
58686 0
58687 0
58688 0
58689 0
58690 0
58691 0
58692 0
58693 0
58694 0
58695 0
58696 0
58697 0
58698 0
58699 0
58700 0
58701 0
58702 1
58703 0
58704 0
58705 0
58706 0
58707 0
58708 0
58709 0
58710 0
58711 0
58712 0
58713 0
58714 0
58715 0
58716 0
58717 0
58718 0
58719 0
58720 0
58721 0
58722 0
58723 0
58724 0
58725 0
58726 0
58727 0
58728 0
58729 0
58730 0
58731 0
58732 0
58733 0
58734 0
58735 0
58736 0
58737 0
58738 0
58739 0
58740 0
58741 0
58742 0
58743 0
58744 0
58745 0
58746 0
58747 0
58748 0
58749 0
58750 0
58751 0
58752 0
58753 0
58754 0
58755 0
58756 0
58757 0
58758 0
58759 0
58760 0
58761 0
58762 0
58763 0
58764 0
58765 0
58766 0
58767 0
58768 0
58769 0
58770 0
58771 0
58772 0
58773 0
58774 0
58775 0
58776 0
58777 0
58778 0
58779 0
58780 0
58781 0
58782 0
58783 0
58784 0
58785 0
58786 0
58787 0
58788 0
58789 0
58790 0
58791 0
58792 0
58793 0
58794 0
58795 0
58796 0
58797 0
58798 0
58799 0
58800 0
58801 0
58802 0
58803 0
58804 0
58805 0
58806 0
58807 0
58808 0
58809 0
58810 0
58811 0
58812 0
58813 0
58814 0
58815 0
58816 0
58817 0
58818 0
58819 0
58820 0
58821 0
58822 0
58823 0
58824 0
58825 0
58826 0
58827 0
58828 0
58829 0
58830 0
58831 0
58832 0
58833 0
58834 0
58835 0
58836 0
58837 0
58838 0
58839 0
58840 0
58841 0
58842 0
58843 0
58844 0
58845 0
58846 0
58847 0
58848 0
58849 0
58850 0
58851 0
58852 0
58853 0
58854 0
58855 0
58856 0
58857 0
58858 0
58859 0
58860 0
58861 0
58862 0
58863 0
58864 0
58865 0
58866 0
58867 0
58868 0
58869 0
58870 0
58871 0
58872 0
58873 0
58874 0
58875 0
58876 0
58877 0
58878 0
58879 0
58880 0
58881 0
58882 0
58883 0
58884 0
58885 0
58886 0
58887 0
58888 0
58889 0
58890 0
58891 0
58892 0
58893 0
58894 0
58895 0
58896 0
58897 0
58898 0
58899 0
58900 0
58901 0
58902 0
58903 0
58904 0
58905 0
58906 0
58907 0
58908 0
58909 0
58910 0
58911 0
58912 0
58913 0
58914 0
58915 0
58916 0
58917 0
58918 0
58919 0
58920 0
58921 0
58922 0
58923 0
58924 0
58925 0
58926 0
58927 0
58928 0
58929 0
58930 0
58931 0
58932 0
58933 0
58934 0
58935 0
58936 0
58937 0
58938 0
58939 0
58940 0
58941 0
58942 0
58943 0
58944 0
58945 0
58946 0
58947 0
58948 0
58949 0
58950 0
58951 0
58952 0
58953 0
58954 0
58955 0
58956 0
58957 0
58958 0
58959 0
58960 0
58961 0
58962 0
58963 0
58964 0
58965 0
58966 0
58967 0
58968 0
58969 0
58970 0
58971 0
58972 0
58973 0
58974 0
58975 0
58976 0
58977 0
58978 0
58979 0
58980 0
58981 0
58982 0
58983 0
58984 0
58985 0
58986 0
58987 0
58988 0
58989 0
58990 0
58991 0
58992 0
58993 0
58994 0
58995 0
58996 0
58997 0
58998 0
58999 0
59000 0
59001 0
59002 0
59003 0
59004 0
59005 0
59006 0
59007 0
59008 0
59009 0
59010 0
59011 0
59012 0
59013 0
59014 0
59015 0
59016 0
59017 0
59018 0
59019 0
59020 0
59021 0
59022 0
59023 0
59024 0
59025 0
59026 0
59027 0
59028 0
59029 0
59030 0
59031 0
59032 0
59033 0
59034 0
59035 0
59036 0
59037 0
59038 0
59039 0
59040 0
59041 0
59042 0
59043 0
59044 0
59045 0
59046 0
59047 0
59048 0
59049 0
59050 0
59051 0
59052 0
59053 1
59054 0
59055 0
59056 0
59057 0
59058 0
59059 0
59060 0
59061 0
59062 0
59063 0
59064 0
59065 0
59066 0
59067 0
59068 0
59069 1
59070 0
59071 0
59072 0
59073 0
59074 0
59075 0
59076 0
59077 0
59078 0
59079 0
59080 0
59081 0
59082 0
59083 0
59084 0
59085 0
59086 0
59087 0
59088 0
59089 0
59090 0
59091 0
59092 0
59093 0
59094 0
59095 0
59096 0
59097 0
59098 0
59099 0
59100 0
59101 0
59102 0
59103 0
59104 0
59105 0
59106 0
59107 0
59108 0
59109 0
59110 0
59111 0
59112 0
59113 0
59114 0
59115 0
59116 0
59117 0
59118 0
59119 0
59120 0
59121 0
59122 0
59123 0
59124 1
59125 0
59126 0
59127 0
59128 0
59129 0
59130 0
59131 0
59132 0
59133 0
59134 0
59135 0
59136 0
59137 0
59138 0
59139 0
59140 0
59141 0
59142 0
59143 0
59144 0
59145 0
59146 0
59147 0
59148 0
59149 0
59150 0
59151 0
59152 0
59153 0
59154 0
59155 0
59156 0
59157 0
59158 0
59159 0
59160 0
59161 0
59162 0
59163 0
59164 0
59165 0
59166 0
59167 0
59168 0
59169 0
59170 0
59171 0
59172 0
59173 0
59174 0
59175 0
59176 0
59177 0
59178 0
59179 0
59180 0
59181 0
59182 0
59183 0
59184 0
59185 0
59186 0
59187 0
59188 0
59189 0
59190 0
59191 0
59192 0
59193 0
59194 0
59195 0
59196 0
59197 0
59198 0
59199 0
59200 0
59201 0
59202 0
59203 0
59204 0
59205 0
59206 0
59207 0
59208 1
59209 0
59210 0
59211 0
59212 0
59213 0
59214 1
59215 0
59216 0
59217 0
59218 0
59219 0
59220 0
59221 0
59222 0
59223 0
59224 0
59225 0
59226 0
59227 0
59228 0
59229 0
59230 0
59231 0
59232 0
59233 0
59234 0
59235 0
59236 0
59237 0
59238 0
59239 0
59240 0
59241 0
59242 0
59243 0
59244 0
59245 0
59246 0
59247 0
59248 1
59249 0
59250 1
59251 0
59252 0
59253 0
59254 0
59255 0
59256 0
59257 0
59258 0
59259 0
59260 0
59261 0
59262 0
59263 0
59264 0
59265 0
59266 0
59267 0
59268 0
59269 0
59270 0
59271 0
59272 0
59273 1
59274 0
59275 0
59276 0
59277 0
59278 0
59279 0
59280 0
59281 0
59282 0
59283 0
59284 0
59285 0
59286 0
59287 0
59288 0
59289 0
59290 0
59291 0
59292 0
59293 1
59294 0
59295 0
59296 0
59297 0
59298 0
59299 0
59300 1
59301 0
59302 0
59303 0
59304 0
59305 0
59306 0
59307 1
59308 0
59309 0
59310 0
59311 0
59312 0
59313 0
59314 0
59315 0
59316 0
59317 0
59318 0
59319 0
59320 0
59321 0
59322 0
59323 0
59324 0
59325 0
59326 0
59327 0
59328 0
59329 0
59330 0
59331 0
59332 0
59333 0
59334 0
59335 0
59336 0
59337 0
59338 0
59339 0
59340 0
59341 0
59342 0
59343 0
59344 0
59345 0
59346 0
59347 0
59348 0
59349 0
59350 0
59351 0
59352 0
59353 0
59354 0
59355 0
59356 0
59357 0
59358 0
59359 0
59360 0
59361 0
59362 0
59363 0
59364 0
59365 0
59366 0
59367 0
59368 0
59369 0
59370 0
59371 0
59372 0
59373 0
59374 0
59375 0
59376 0
59377 0
59378 0
59379 0
59380 0
59381 0
59382 0
59383 0
59384 0
59385 0
59386 1
59387 1
59388 0
59389 0
59390 0
59391 1
59392 0
59393 0
59394 0
59395 0
59396 0
59397 0
59398 0
59399 0
59400 0
59401 0
59402 0
59403 0
59404 0
59405 0
59406 0
59407 0
59408 0
59409 0
59410 0
59411 0
59412 0
59413 0
59414 0
59415 0
59416 0
59417 0
59418 0
59419 0
59420 0
59421 1
59422 0
59423 0
59424 0
59425 0
59426 0
59427 0
59428 0
59429 0
59430 0
59431 0
59432 0
59433 0
59434 0
59435 0
59436 0
59437 0
59438 0
59439 0
59440 0
59441 0
59442 0
59443 0
59444 0
59445 0
59446 0
59447 0
59448 0
59449 0
59450 0
59451 0
59452 0
59453 0
59454 0
59455 0
59456 0
59457 0
59458 0
59459 0
59460 0
59461 0
59462 0
59463 0
59464 0
59465 0
59466 0
59467 0
59468 0
59469 0
59470 0
59471 0
59472 0
59473 0
59474 0
59475 0
59476 0
59477 0
59478 0
59479 0
59480 0
59481 0
59482 0
59483 0
59484 0
59485 0
59486 0
59487 0
59488 0
59489 0
59490 0
59491 0
59492 0
59493 0
59494 1
59495 0
59496 0
59497 0
59498 0
59499 0
59500 0
59501 0
59502 1
59503 0
59504 0
59505 0
59506 0
59507 0
59508 0
59509 0
59510 0
59511 0
59512 0
59513 0
59514 0
59515 1
59516 0
59517 0
59518 0
59519 0
59520 0
59521 0
59522 0
59523 0
59524 0
59525 0
59526 0
59527 0
59528 0
59529 0
59530 0
59531 1
59532 0
59533 0
59534 0
59535 0
59536 0
59537 0
59538 0
59539 0
59540 0
59541 0
59542 0
59543 0
59544 0
59545 0
59546 0
59547 0
59548 0
59549 0
59550 0
59551 1
59552 0
59553 0
59554 0
59555 0
59556 0
59557 0
59558 0
59559 0
59560 0
59561 0
59562 0
59563 0
59564 0
59565 0
59566 0
59567 0
59568 0
59569 0
59570 0
59571 0
59572 0
59573 0
59574 0
59575 0
59576 0
59577 0
59578 0
59579 0
59580 0
59581 0
59582 0
59583 0
59584 0
59585 0
59586 0
59587 0
59588 0
59589 0
59590 0
59591 0
59592 0
59593 0
59594 0
59595 0
59596 0
59597 0
59598 0
59599 0
59600 0
59601 0
59602 0
59603 0
59604 0
59605 0
59606 0
59607 0
59608 0
59609 0
59610 0
59611 0
59612 0
59613 0
59614 0
59615 0
59616 0
59617 0
59618 0
59619 0
59620 0
59621 0
59622 0
59623 0
59624 0
59625 0
59626 0
59627 0
59628 0
59629 1
59630 1
59631 0
59632 0
59633 0
59634 0
59635 0
59636 0
59637 0
59638 0
59639 0
59640 0
59641 0
59642 0
59643 0
59644 0
59645 0
59646 1
59647 0
59648 0
59649 0
59650 0
59651 0
59652 0
59653 0
59654 0
59655 0
59656 0
59657 0
59658 0
59659 0
59660 0
59661 0
59662 0
59663 0
59664 0
59665 0
59666 0
59667 0
59668 0
59669 0
59670 0
59671 0
59672 0
59673 0
59674 0
59675 0
59676 0
59677 0
59678 0
59679 0
59680 0
59681 0
59682 0
59683 0
59684 0
59685 0
59686 0
59687 0
59688 0
59689 0
59690 0
59691 0
59692 0
59693 0
59694 0
59695 0
59696 0
59697 0
59698 0
59699 0
59700 0
59701 0
59702 0
59703 0
59704 0
59705 0
59706 0
59707 0
59708 0
59709 0
59710 0
59711 0
59712 0
59713 0
59714 0
59715 0
59716 0
59717 0
59718 0
59719 0
59720 0
59721 0
59722 0
59723 0
59724 0
59725 0
59726 0
59727 0
59728 0
59729 0
59730 1
59731 0
59732 1
59733 0
59734 0
59735 0
59736 0
59737 0
59738 0
59739 0
59740 0
59741 0
59742 0
59743 0
59744 0
59745 0
59746 0
59747 0
59748 0
59749 1
59750 1
59751 0
59752 0
59753 0
59754 0
59755 0
59756 0
59757 0
59758 0
59759 0
59760 0
59761 0
59762 0
59763 0
59764 0
59765 1
59766 0
59767 0
59768 0
59769 0
59770 0
59771 0
59772 0
59773 0
59774 0
59775 0
59776 0
59777 0
59778 0
59779 1
59780 0
59781 0
59782 0
59783 0
59784 0
59785 0
59786 0
59787 0
59788 0
59789 0
59790 0
59791 0
59792 0
59793 1
59794 0
59795 0
59796 0
59797 0
59798 0
59799 0
59800 0
59801 0
59802 0
59803 0
59804 0
59805 0
59806 0
59807 1
59808 0
59809 1
59810 1
59811 0
59812 0
59813 0
59814 0
59815 0
59816 0
59817 1
59818 0
59819 0
59820 0
59821 0
59822 0
59823 0
59824 0
59825 0
59826 0
59827 0
59828 0
59829 0
59830 2
59831 0
59832 0
59833 0
59834 1
59835 1
59836 0
59837 0
59838 0
59839 0
59840 1
59841 0
59842 0
59843 0
59844 0
59845 0
59846 0
59847 0
59848 1
59849 0
59850 0
59851 0
59852 0
59853 0
59854 0
59855 0
59856 0
59857 0
59858 0
59859 0
59860 0
59861 0
59862 0
59863 0
59864 2
59865 0
59866 0
59867 0
59868 0
59869 0
59870 0
59871 0
59872 0
59873 0
59874 1
59875 0
59876 0
59877 0
59878 0
59879 0
59880 0
59881 0
59882 1
59883 0
59884 1
59885 1
59886 0
59887 0
59888 0
59889 0
59890 0
59891 1
59892 1
59893 0
59894 0
59895 0
59896 0
59897 2
59898 0
59899 0
59900 0
59901 0
59902 1
59903 0
59904 0
59905 0
59906 0
59907 0
59908 0
59909 0
59910 0
59911 0
59912 0
59913 1
59914 0
59915 1
59916 0
59917 1
59918 0
59919 0
59920 0
59921 0
59922 0
59923 2
59924 0
59925 0
59926 0
59927 0
59928 0
59929 0
59930 0
59931 0
59932 0
59933 0
59934 0
59935 1
59936 0
59937 0
59938 0
59939 1
59940 1
59941 0
59942 0
59943 0
59944 0
59945 1
59946 0
59947 0
59948 0
59949 0
59950 1
59951 0
59952 0
59953 0
59954 0
59955 0
59956 0
59957 0
59958 0
59959 0
59960 0
59961 0
59962 0
59963 0
59964 0
59965 0
59966 1
59967 0
59968 0
59969 0
59970 0
59971 0
59972 1
59973 0
59974 1
59975 0
59976 0
59977 0
59978 0
59979 0
59980 2
59981 0
59982 0
59983 0
59984 0
59985 1
59986 0
59987 0
59988 0
59989 0
59990 0
59991 0
59992 0
59993 0
59994 0
59995 0
59996 1
59997 0
59998 1
59999 0
60000 1
60001 0
60002 0
60003 1
60004 0
60005 0
60006 0
60007 2
60008 0
60009 0
60010 1
60011 0
60012 1
60013 2
60014 0
60015 0
60016 0
60017 0
60018 0
60019 0
60020 1
60021 0
60022 0
60023 1
60024 0
60025 0
60026 0
60027 1
60028 0
60029 0
60030 0
60031 1
60032 0
60033 1
60034 0
60035 0
60036 0
60037 0
60038 0
60039 0
60040 0
60041 1
60042 0
60043 1
60044 0
60045 0
60046 0
60047 0
60048 0
60049 0
60050 0
60051 1
60052 1
60053 0
60054 1
60055 0
60056 1
60057 1
60058 0
60059 0
60060 0
60061 0
60062 0
60063 0
60064 0
60065 0
60066 0
60067 0
60068 0
60069 0
60070 0
60071 0
60072 0
60073 0
60074 0
60075 1
60076 1
60077 0
60078 0
60079 0
60080 2
60081 0
60082 0
60083 0
60084 0
60085 0
60086 0
60087 0
60088 0
60089 0
60090 0
60091 0
60092 0
60093 0
60094 1
60095 0
60096 2
60097 0
60098 1
60099 0
60100 0
60101 0
60102 0
60103 0
60104 0
60105 0
60106 0
60107 0
60108 0
60109 0
60110 0
60111 0
60112 0
60113 0
60114 0
60115 1
60116 0
60117 0
60118 1
60119 0
60120 0
60121 1
60122 0
60123 0
60124 1
60125 0
60126 1
60127 1
60128 0
60129 0
60130 0
60131 1
60132 0
60133 1
60134 0
60135 1
60136 0
60137 0
60138 1
60139 0
60140 0
60141 0
60142 0
60143 0
60144 0
60145 0
60146 0
60147 0
60148 0
60149 0
60150 0
60151 1
60152 0
60153 0
60154 0
60155 0
60156 0
60157 1
60158 0
60159 2
60160 0
60161 1
60162 0
60163 0
60164 0
60165 0
60166 0
60167 1
60168 0
60169 0
60170 0
60171 1
60172 0
60173 0
60174 0
60175 1
60176 0
60177 0
60178 1
60179 1
60180 0
60181 1
60182 0
60183 0
60184 0
60185 1
60186 0
60187 0
60188 0
60189 2
60190 0
60191 0
60192 0
60193 0
60194 0
60195 0
60196 0
60197 3
60198 0
60199 0
60200 0
60201 1
60202 1
60203 0
60204 0
60205 0
60206 2
60207 2
60208 0
60209 1
60210 0
60211 0
60212 0
60213 0
60214 0
60215 0
60216 0
60217 0
60218 1
60219 0
60220 0
60221 0
60222 0
60223 0
60224 1
60225 0
60226 0
60227 0
60228 0
60229 0
60230 1
60231 0
60232 2
60233 0
60234 1
60235 0
60236 1
60237 1
60238 0
60239 0
60240 1
60241 0
60242 0
60243 1
60244 0
60245 0
60246 1
60247 0
60248 0
60249 0
60250 0
60251 0
60252 0
60253 1
60254 0
60255 0
60256 1
60257 0
60258 0
60259 2
60260 0
60261 0
60262 0
60263 1
60264 0
60265 0
60266 1
60267 0
60268 0
60269 1
60270 0
60271 0
60272 0
60273 0
60274 0
60275 1
60276 0
60277 1
60278 0
60279 0
60280 0
60281 3
60282 0
60283 1
60284 0
60285 0
60286 1
60287 0
60288 0
60289 1
60290 0
60291 1
60292 0
60293 0
60294 0
60295 4
60296 0
60297 1
60298 0
60299 0
60300 0
60301 1
60302 0
60303 0
60304 0
60305 1
60306 0
60307 1
60308 0
60309 2
60310 0
60311 1
60312 0
60313 1
60314 1
60315 0
60316 0
60317 1
60318 1
60319 0
60320 0
60321 2
60322 0
60323 0
60324 0
60325 0
60326 0
60327 1
60328 1
60329 1
60330 0
60331 0
60332 0
60333 0
60334 0
60335 0
60336 0
60337 0
60338 0
60339 0
60340 1
60341 0
60342 0
60343 0
60344 0
60345 0
60346 0
60347 0
60348 0
60349 0
60350 1
60351 0
60352 0
60353 0
60354 1
60355 0
60356 2
60357 0
60358 2
60359 0
60360 2
60361 0
60362 0
60363 0
60364 3
60365 0
60366 1
60367 0
60368 2
60369 0
60370 2
60371 0
60372 1
60373 0
60374 1
60375 0
60376 2
60377 0
60378 0
60379 0
60380 2
60381 2
60382 0
60383 0
60384 0
60385 1
60386 2
60387 0
60388 0
60389 0
60390 1
60391 0
60392 1
60393 0
60394 3
60395 0
60396 0
60397 1
60398 0
60399 0
60400 0
60401 0
60402 0
60403 1
60404 0
60405 1
60406 0
60407 0
60408 0
60409 1
60410 0
60411 2
60412 0
60413 1
60414 0
60415 1
60416 0
60417 1
60418 0
60419 1
60420 0
60421 1
60422 0
60423 1
60424 0
60425 1
60426 0
60427 1
60428 0
60429 1
60430 0
60431 0
60432 1
60433 1
60434 0
60435 0
60436 0
60437 0
60438 0
60439 1
60440 0
60441 1
60442 0
60443 1
60444 1
60445 0
60446 0
60447 0
60448 0
60449 0
60450 0
60451 0
60452 0
60453 2
60454 0
60455 0
60456 0
60457 0
60458 0
60459 0
60460 1
60461 2
60462 0
60463 0
60464 0
60465 1
60466 1
60467 1
60468 1
60469 1
60470 0
60471 0
60472 0
60473 0
60474 1
60475 0
60476 0
60477 0
60478 1
60479 0
60480 2
60481 0
60482 2
60483 0
60484 2
60485 1
60486 2
60487 0
60488 2
60489 1
60490 1
60491 0
60492 1
60493 0
60494 2
60495 0
60496 2
60497 1
60498 0
60499 0
60500 0
60501 1
60502 3
60503 1
60504 1
60505 1
60506 2
60507 0
60508 1
60509 1
60510 1
60511 0
60512 1
60513 0
60514 2
60515 1
60516 0
60517 0
60518 2
60519 1
60520 1
60521 1
60522 1
60523 1
60524 0
60525 1
60526 1
60527 1
60528 0
60529 0
60530 0
60531 2
60532 0
60533 1
60534 0
60535 2
60536 0
60537 0
60538 0
60539 1
60540 0
60541 2
60542 0
60543 1
60544 0
60545 4
60546 0
60547 5
60548 0
60549 3
60550 0
60551 1
60552 0
60553 0
60554 1
60555 1
60556 0
60557 2
60558 1
60559 2
60560 0
60561 4
60562 0
60563 2
60564 0
60565 0
60566 1
60567 0
60568 1
60569 2
60570 0
60571 1
60572 0
60573 1
60574 0
60575 2
60576 2
60577 1
60578 2
60579 0
60580 2
60581 0
60582 0
60583 1
60584 2
60585 1
60586 1
60587 2
60588 1
60589 1
60590 2
60591 0
60592 1
60593 0
60594 0
60595 1
60596 2
60597 0
60598 2
60599 0
60600 0
60601 0
60602 3
60603 0
60604 2
60605 0
60606 1
60607 0
60608 0
60609 0
60610 2
60611 0
60612 3
60613 0
60614 1
60615 1
60616 0
60617 0
60618 2
60619 1
60620 1
60621 1
60622 0
60623 1
60624 1
60625 1
60626 1
60627 0
60628 0
60629 0
60630 0
60631 1
60632 1
60633 1
60634 1
60635 0
60636 0
60637 1
60638 2
60639 1
60640 0
60641 0
60642 3
60643 0
60644 1
60645 0
60646 1
60647 1
60648 0
60649 1
60650 0
60651 1
60652 1
60653 2
60654 1
60655 2
60656 1
60657 2
60658 1
60659 3
60660 0
60661 3
60662 0
60663 1
60664 1
60665 4
60666 0
60667 0
60668 0
60669 1
60670 0
60671 2
60672 0
60673 0
60674 1
60675 5
60676 0
60677 0
60678 0
60679 3
60680 1
60681 1
60682 0
60683 3
60684 1
60685 1
60686 3
60687 4
60688 1
60689 1
60690 0
60691 1
60692 0
60693 1
60694 0
60695 2
60696 1
60697 2
60698 2
60699 0
60700 1
60701 1
60702 2
60703 3
60704 1
60705 3
60706 0
60707 0
60708 0
60709 0
60710 1
60711 1
60712 3
60713 0
60714 1
60715 0
60716 2
60717 1
60718 2
60719 0
60720 1
60721 1
60722 2
60723 1
60724 4
60725 1
60726 1
60727 0
60728 2
60729 0
60730 7
60731 0
60732 4
60733 0
60734 2
60735 1
60736 3
60737 0
60738 4
60739 0
60740 3
60741 1
60742 4
60743 0
60744 1
60745 1
60746 3
60747 1
60748 3
60749 1
60750 4
60751 2
60752 4
60753 0
60754 1
60755 1
60756 5
60757 2
60758 0
60759 0
60760 1
60761 3
60762 2
60763 0
60764 2
60765 0
60766 3
60767 3
60768 0
60769 1
60770 1
60771 1
60772 1
60773 2
60774 1
60775 2
60776 1
60777 1
60778 1
60779 4
60780 0
60781 1
60782 1
60783 3
60784 0
60785 4
60786 0
60787 3
60788 1
60789 2
60790 0
60791 2
60792 0
60793 4
60794 0
60795 3
60796 0
60797 4
60798 1
60799 2
60800 0
60801 3
60802 0
60803 2
60804 1
60805 2
60806 2
60807 5
60808 0
60809 3
60810 0
60811 4
60812 2
60813 3
60814 1
60815 3
60816 0
60817 2
60818 4
60819 0
60820 4
60821 3
60822 1
60823 1
60824 2
60825 4
60826 2
60827 4
60828 1
60829 3
60830 2
60831 1
60832 1
60833 2
60834 3
60835 4
60836 1
60837 1
60838 4
60839 2
60840 4
60841 1
60842 0
60843 1
60844 1
60845 1
60846 4
60847 0
60848 5
60849 0
60850 1
60851 0
60852 7
60853 1
60854 4
60855 0
60856 1
60857 0
60858 3
60859 0
60860 5
60861 1
60862 4
60863 0
60864 3
60865 1
60866 1
60867 1
60868 2
60869 1
60870 3
60871 0
60872 5
60873 0
60874 1
60875 1
60876 6
60877 0
60878 1
60879 3
60880 1
60881 1
60882 2
60883 2
60884 0
60885 2
60886 6
60887 2
60888 4
60889 4
60890 4
60891 2
60892 2
60893 3
60894 2
60895 5
60896 3
60897 4
60898 1
60899 0
60900 2
60901 1
60902 4
60903 2
60904 1
60905 2
60906 0
60907 1
60908 0
60909 3
60910 0
60911 3
60912 0
60913 3
60914 0
60915 7
60916 0
60917 8
60918 0
60919 2
60920 0
60921 2
60922 0
60923 4
60924 0
60925 7
60926 0
60927 4
60928 0
60929 7
60930 0
60931 3
60932 1
60933 2
60934 1
60935 4
60936 1
60937 6
60938 0
60939 2
60940 2
60941 3
60942 0
60943 2
60944 0
60945 3
60946 3
60947 2
60948 4
60949 0
60950 6
60951 2
60952 1
60953 2
60954 0
60955 2
60956 5
60957 4
60958 3
60959 0
60960 6
60961 3
60962 4
60963 2
60964 1
60965 0
60966 6
60967 2
60968 3
60969 1
60970 1
60971 3
60972 4
60973 1
60974 8
60975 0
60976 5
60977 2
60978 4
60979 0
60980 3
60981 0
60982 8
60983 0
60984 6
60985 0
60986 4
60987 1
60988 8
60989 0
60990 8
60991 2
60992 3
60993 1
60994 1
60995 2
60996 6
60997 0
60998 7
60999 2
61000 7
61001 3
61002 3
61003 2
61004 3
61005 1
61006 2
61007 3
61008 4
61009 5
61010 6
61011 7
61012 4
61013 0
61014 1
61015 2
61016 6
61017 3
61018 1
61019 4
61020 1
61021 7
61022 0
61023 4
61024 5
61025 4
61026 1
61027 2
61028 2
61029 9
61030 3
61031 2
61032 4
61033 5
61034 1
61035 6
61036 0
61037 7
61038 1
61039 3
61040 0
61041 4
61042 0
61043 6
61044 0
61045 10
61046 0
61047 8
61048 0
61049 4
61050 1
61051 4
61052 0
61053 6
61054 1
61055 9
61056 2
61057 6
61058 0
61059 6
61060 0
61061 3
61062 2
61063 2
61064 2
61065 6
61066 4
61067 2
61068 1
61069 7
61070 5
61071 2
61072 3
61073 2
61074 7
61075 3
61076 8
61077 6
61078 1
61079 1
61080 5
61081 1
61082 3
61083 4
61084 4
61085 2
61086 5
61087 4
61088 5
61089 3
61090 8
61091 3
61092 5
61093 2
61094 2
61095 5
61096 2
61097 2
61098 6
61099 0
61100 7
61101 0
61102 13
61103 1
61104 4
61105 0
61106 6
61107 0
61108 7
61109 0
61110 7
61111 0
61112 7
61113 0
61114 3
61115 1
61116 10
61117 2
61118 7
61119 1
61120 5
61121 2
61122 7
61123 1
61124 5
61125 3
61126 9
61127 3
61128 2
61129 3
61130 5
61131 1
61132 4
61133 5
61134 1
61135 4
61136 3
61137 3
61138 5
61139 4
61140 7
61141 4
61142 5
61143 2
61144 2
61145 4
61146 2
61147 8
61148 3
61149 4
61150 7
61151 1
61152 2
61153 3
61154 1
61155 3
61156 0
61157 5
61158 1
61159 7
61160 2
61161 5
61162 0
61163 3
61164 1
61165 7
61166 2
61167 9
61168 1
61169 6
61170 0
61171 14
61172 0
61173 8
61174 0
61175 12
61176 1
61177 9
61178 1
61179 8
61180 0
61181 7
61182 1
61183 9
61184 2
61185 4
61186 6
61187 11
61188 1
61189 8
61190 1
61191 6
61192 1
61193 6
61194 7
61195 7
61196 1
61197 8
61198 9
61199 0
61200 2
61201 1
61202 8
61203 2
61204 1
61205 7
61206 1
61207 5
61208 6
61209 5
61210 2
61211 2
61212 4
61213 3
61214 9
61215 5
61216 5
61217 4
61218 5
61219 2
61220 8
61221 5
61222 15
61223 2
61224 7
61225 3
61226 9
61227 4
61228 9
61229 2
61230 5
61231 0
61232 9
61233 0
61234 7
61235 0
61236 10
61237 0
61238 9
61239 1
61240 14
61241 0
61242 9
61243 0
61244 13
61245 1
61246 10
61247 1
61248 3
61249 4
61250 8
61251 1
61252 6
61253 4
61254 6
61255 3
61256 9
61257 2
61258 5
61259 1
61260 8
61261 3
61262 8
61263 2
61264 2
61265 5
61266 3
61267 7
61268 6
61269 9
61270 6
61271 4
61272 5
61273 13
61274 4
61275 4
61276 0
61277 7
61278 3
61279 10
61280 2
61281 2
61282 3
61283 9
61284 2
61285 11
61286 3
61287 8
61288 1
61289 9
61290 2
61291 4
61292 1
61293 6
61294 1
61295 8
61296 0
61297 5
61298 0
61299 7
61300 0
61301 16
61302 1
61303 12
61304 2
61305 7
61306 1
61307 10
61308 3
61309 9
61310 2
61311 9
61312 4
61313 8
61314 3
61315 14
61316 3
61317 9
61318 5
61319 9
61320 3
61321 4
61322 4
61323 10
61324 1
61325 11
61326 8
61327 7
61328 3
61329 3
61330 9
61331 7
61332 4
61333 5
61334 7
61335 7
61336 7
61337 5
61338 6
61339 4
61340 10
61341 2
61342 6
61343 6
61344 7
61345 2
61346 10
61347 2
61348 11
61349 2
61350 14
61351 2
61352 12
61353 0
61354 11
61355 1
61356 8
61357 2
61358 8
61359 0
61360 13
61361 0
61362 16
61363 0
61364 12
61365 0
61366 4
61367 0
61368 11
61369 1
61370 9
61371 2
61372 9
61373 3
61374 13
61375 1
61376 9
61377 0
61378 13
61379 7
61380 10
61381 5
61382 4
61383 5
61384 13
61385 7
61386 7
61387 6
61388 6
61389 7
61390 9
61391 4
61392 8
61393 8
61394 9
61395 6
61396 4
61397 2
61398 6
61399 11
61400 8
61401 7
61402 7
61403 8
61404 3
61405 8
61406 3
61407 8
61408 4
61409 9
61410 1
61411 8
61412 3
61413 14
61414 2
61415 7
61416 3
61417 7
61418 1
61419 11
61420 2
61421 13
61422 2
61423 10
61424 0
61425 11
61426 0
61427 15
61428 0
61429 16
61430 2
61431 16
61432 3
61433 17
61434 0
61435 10
61436 4
61437 14
61438 6
61439 10
61440 4
61441 7
61442 3
61443 15
61444 4
61445 10
61446 3
61447 7
61448 6
61449 11
61450 8
61451 9
61452 4
61453 12
61454 5
61455 4
61456 7
61457 10
61458 6
61459 4
61460 6
61461 12
61462 7
61463 4
61464 6
61465 3
61466 6
61467 6
61468 8
61469 2
61470 13
61471 5
61472 5
61473 2
61474 13
61475 4
61476 11
61477 2
61478 11
61479 6
61480 19
61481 2
61482 16
61483 2
61484 9
61485 1
61486 10
61487 0
61488 18
61489 0
61490 14
61491 1
61492 19
61493 1
61494 16
61495 2
61496 15
61497 0
61498 14
61499 3
61500 10
61501 3
61502 14
61503 5
61504 12
61505 2
61506 12
61507 4
61508 9
61509 4
61510 7
61511 3
61512 12
61513 1
61514 7
61515 14
61516 13
61517 10
61518 6
61519 9
61520 1
61521 3
61522 8
61523 9
61524 8
61525 13
61526 5
61527 13
61528 2
61529 6
61530 4
61531 5
61532 2
61533 6
61534 5
61535 9
61536 5
61537 6
61538 0
61539 17
61540 4
61541 11
61542 2
61543 12
61544 3
61545 10
61546 2
61547 20
61548 1
61549 10
61550 0
61551 17
61552 0
61553 10
61554 1
61555 18
61556 2
61557 16
61558 1
61559 9
61560 1
61561 22
61562 2
61563 11
61564 2
61565 12
61566 3
61567 11
61568 5
61569 11
61570 5
61571 17
61572 7
61573 9
61574 5
61575 7
61576 4
61577 10
61578 8
61579 11
61580 7
61581 6
61582 9
61583 12
61584 6
61585 7
61586 12
61587 6
61588 4
61589 8
61590 6
61591 3
61592 15
61593 3
61594 10
61595 5
61596 8
61597 2
61598 12
61599 4
61600 11
61601 1
61602 7
61603 0
61604 16
61605 0
61606 11
61607 5
61608 19
61609 0
61610 13
61611 2
61612 16
61613 0
61614 20
61615 0
61616 15
61617 0
61618 20
61619 1
61620 10
61621 1
61622 18
61623 3
61624 15
61625 4
61626 17
61627 1
61628 13
61629 4
61630 17
61631 4
61632 18
61633 7
61634 12
61635 8
61636 13
61637 5
61638 11
61639 9
61640 14
61641 8
61642 8
61643 5
61644 9
61645 5
61646 13
61647 4
61648 6
61649 8
61650 4
61651 12
61652 6
61653 16
61654 5
61655 14
61656 4
61657 11
61658 6
61659 12
61660 1
61661 11
61662 4
61663 14
61664 3
61665 16
61666 1
61667 15
61668 2
61669 12
61670 2
61671 11
61672 2
61673 13
61674 0
61675 17
61676 0
61677 18
61678 0
61679 15
61680 2
61681 15
61682 2
61683 17
61684 1
61685 14
61686 0
61687 9
61688 3
61689 13
61690 4
61691 14
61692 6
61693 12
61694 3
61695 12
61696 3
61697 16
61698 3
61699 10
61700 4
61701 7
61702 7
61703 12
61704 6
61705 16
61706 3
61707 14
61708 7
61709 4
61710 5
61711 14
61712 7
61713 8
61714 4
61715 13
61716 8
61717 12
61718 10
61719 6
61720 11
61721 3
61722 11
61723 8
61724 13
61725 5
61726 19
61727 4
61728 19
61729 1
61730 6
61731 2
61732 26
61733 2
61734 19
61735 3
61736 23
61737 1
61738 13
61739 0
61740 15
61741 0
61742 18
61743 0
61744 14
61745 1
61746 17
61747 3
61748 16
61749 1
61750 12
61751 1
61752 8
61753 2
61754 13
61755 1
61756 11
61757 7
61758 10
61759 4
61760 14
61761 7
61762 18
61763 5
61764 6
61765 10
61766 14
61767 7
61768 11
61769 14
61770 13
61771 5
61772 10
61773 9
61774 6
61775 10
61776 10
61777 7
61778 5
61779 6
61780 9
61781 11
61782 5
61783 8
61784 5
61785 7
61786 6
61787 14
61788 5
61789 17
61790 4
61791 10
61792 3
61793 22
61794 1
61795 11
61796 1
61797 15
61798 1
61799 10
61800 3
61801 13
61802 0
61803 20
61804 0
61805 22
61806 0
61807 17
61808 1
61809 11
61810 4
61811 6
61812 2
61813 15
61814 2
61815 17
61816 1
61817 14
61818 7
61819 12
61820 4
61821 15
61822 3
61823 15
61824 7
61825 19
61826 4
61827 9
61828 7
61829 7
61830 4
61831 8
61832 7
61833 7
61834 13
61835 9
61836 8
61837 4
61838 6
61839 5
61840 17
61841 5
61842 12
61843 10
61844 6
61845 9
61846 17
61847 4
61848 15
61849 2
61850 8
61851 3
61852 17
61853 4
61854 16
61855 6
61856 19
61857 2
61858 22
61859 2
61860 10
61861 0
61862 14
61863 1
61864 21
61865 0
61866 16
61867 0
61868 12
61869 0
61870 16
61871 2
61872 12
61873 2
61874 12
61875 2
61876 19
61877 3
61878 14
61879 1
61880 14
61881 3
61882 12
61883 3
61884 13
61885 3
61886 11
61887 6
61888 6
61889 6
61890 9
61891 3
61892 5
61893 10
61894 9
61895 4
61896 9
61897 11
61898 8
61899 3
61900 11
61901 16
61902 6
61903 7
61904 6
61905 10
61906 7
61907 11
61908 10
61909 10
61910 3
61911 15
61912 6
61913 15
61914 4
61915 10
61916 0
61917 9
61918 2
61919 10
61920 2
61921 17
61922 0
61923 13
61924 1
61925 21
61926 0
61927 11
61928 0
61929 15
61930 0
61931 18
61932 3
61933 12
61934 2
61935 11
61936 2
61937 11
61938 2
61939 4
61940 2
61941 6
61942 1
61943 10
61944 4
61945 13
61946 3
61947 10
61948 7
61949 7
61950 3
61951 7
61952 9
61953 14
61954 11
61955 6
61956 11
61957 7
61958 4
61959 8
61960 9
61961 10
61962 8
61963 2
61964 9
61965 8
61966 14
61967 7
61968 9
61969 3
61970 11
61971 7
61972 12
61973 4
61974 18
61975 3
61976 17
61977 2
61978 12
61979 3
61980 19
61981 1
61982 14
61983 2
61984 16
61985 1
61986 13
61987 2
61988 15
61989 0
61990 19
61991 0
61992 12
61993 0
61994 13
61995 0
61996 12
61997 2
61998 17
61999 2
62000 8
62001 2
62002 14
62003 2
62004 8
62005 1
62006 18
62007 3
62008 6
62009 6
62010 18
62011 3
62012 11
62013 7
62014 17
62015 4
62016 12
62017 6
62018 9
62019 11
62020 11
62021 8
62022 6
62023 9
62024 10
62025 9
62026 6
62027 9
62028 4
62029 13
62030 6
62031 10
62032 5
62033 10
62034 5
62035 8
62036 8
62037 8
62038 8
62039 8
62040 2
62041 7
62042 2
62043 7
62044 3
62045 11
62046 0
62047 5
62048 2
62049 15
62050 1
62051 20
62052 1
62053 10
62054 0
62055 24
62056 0
62057 11
62058 1
62059 7
62060 1
62061 12
62062 2
62063 17
62064 2
62065 7
62066 2
62067 18
62068 3
62069 11
62070 3
62071 13
62072 3
62073 10
62074 8
62075 5
62076 3
62077 7
62078 3
62079 4
62080 8
62081 9
62082 7
62083 7
62084 11
62085 6
62086 6
62087 9
62088 10
62089 6
62090 4
62091 4
62092 7
62093 5
62094 6
62095 2
62096 6
62097 4
62098 7
62099 4
62100 10
62101 8
62102 11
62103 2
62104 7
62105 1
62106 14
62107 1
62108 16
62109 1
62110 13
62111 3
62112 19
62113 1
62114 17
62115 2
62116 23
62117 0
62118 10
62119 0
62120 12
62121 0
62122 6
62123 0
62124 17
62125 2
62126 12
62127 1
62128 10
62129 2
62130 13
62131 2
62132 13
62133 8
62134 9
62135 3
62136 13
62137 5
62138 11
62139 3
62140 12
62141 9
62142 8
62143 5
62144 5
62145 10
62146 4
62147 7
62148 9
62149 8
62150 9
62151 8
62152 4
62153 6
62154 4
62155 5
62156 4
62157 9
62158 6
62159 5
62160 7
62161 7
62162 6
62163 7
62164 3
62165 13
62166 1
62167 9
62168 0
62169 10
62170 2
62171 10
62172 0
62173 5
62174 1
62175 17
62176 1
62177 11
62178 1
62179 6
62180 0
62181 13
62182 0
62183 14
62184 0
62185 14
62186 1
62187 8
62188 3
62189 12
62190 5
62191 15
62192 3
62193 14
62194 2
62195 3
62196 3
62197 9
62198 6
62199 4
62200 3
62201 6
62202 2
62203 4
62204 4
62205 2
62206 3
62207 6
62208 11
62209 9
62210 3
62211 7
62212 3
62213 7
62214 7
62215 11
62216 8
62217 5
62218 3
62219 6
62220 6
62221 8
62222 7
62223 7
62224 6
62225 3
62226 6
62227 2
62228 14
62229 3
62230 6
62231 1
62232 12
62233 0
62234 8
62235 2
62236 5
62237 3
62238 12
62239 0
62240 18
62241 1
62242 15
62243 0
62244 13
62245 0
62246 15
62247 2
62248 12
62249 0
62250 15
62251 1
62252 9
62253 1
62254 10
62255 4
62256 16
62257 3
62258 6
62259 5
62260 7
62261 3
62262 11
62263 6
62264 6
62265 4
62266 9
62267 3
62268 2
62269 2
62270 3
62271 1
62272 11
62273 5
62274 3
62275 4
62276 5
62277 5
62278 2
62279 6
62280 5
62281 6
62282 4
62283 4
62284 1
62285 9
62286 5
62287 5
62288 4
62289 7
62290 1
62291 6
62292 3
62293 10
62294 1
62295 8
62296 0
62297 5
62298 0
62299 14
62300 1
62301 12
62302 1
62303 11
62304 0
62305 9
62306 0
62307 8
62308 0
62309 10
62310 1
62311 4
62312 1
62313 7
62314 0
62315 4
62316 0
62317 7
62318 0
62319 7
62320 3
62321 5
62322 3
62323 13
62324 6
62325 11
62326 6
62327 4
62328 2
62329 4
62330 4
62331 6
62332 4
62333 8
62334 8
62335 8
62336 4
62337 7
62338 5
62339 9
62340 4
62341 7
62342 1
62343 4
62344 4
62345 4
62346 10
62347 2
62348 2
62349 4
62350 7
62351 5
62352 7
62353 1
62354 6
62355 2
62356 2
62357 2
62358 10
62359 5
62360 7
62361 0
62362 4
62363 0
62364 10
62365 0
62366 11
62367 0
62368 8
62369 0
62370 7
62371 0
62372 8
62373 0
62374 9
62375 1
62376 5
62377 1
62378 6
62379 0
62380 8
62381 1
62382 11
62383 3
62384 6
62385 3
62386 4
62387 2
62388 8
62389 1
62390 6
62391 1
62392 4
62393 1
62394 3
62395 4
62396 1
62397 1
62398 5
62399 2
62400 3
62401 5
62402 1
62403 4
62404 4
62405 4
62406 2
62407 6
62408 1
62409 5
62410 2
62411 8
62412 2
62413 7
62414 2
62415 7
62416 1
62417 6
62418 1
62419 3
62420 3
62421 7
62422 1
62423 5
62424 1
62425 7
62426 1
62427 2
62428 1
62429 6
62430 1
62431 6
62432 0
62433 5
62434 0
62435 1
62436 0
62437 1
62438 1
62439 6
62440 1
62441 5
62442 0
62443 6
62444 1
62445 8
62446 0
62447 5
62448 4
62449 4
62450 0
62451 3
62452 0
62453 5
62454 7
62455 3
62456 8
62457 4
62458 2
62459 2
62460 4
62461 5
62462 2
62463 6
62464 6
62465 2
62466 4
62467 4
62468 3
62469 4
62470 3
62471 2
62472 3
62473 3
62474 5
62475 2
62476 3
62477 2
62478 3
62479 2
62480 3
62481 2
62482 8
62483 2
62484 3
62485 0
62486 9
62487 1
62488 6
62489 1
62490 7
62491 2
62492 4
62493 1
62494 6
62495 0
62496 13
62497 0
62498 2
62499 1
62500 7
62501 1
62502 3
62503 0
62504 5
62505 1
62506 1
62507 1
62508 5
62509 1
62510 4
62511 3
62512 5
62513 0
62514 7
62515 1
62516 5
62517 1
62518 2
62519 5
62520 2
62521 2
62522 7
62523 5
62524 10
62525 4
62526 0
62527 2
62528 3
62529 4
62530 2
62531 4
62532 3
62533 2
62534 2
62535 4
62536 1
62537 3
62538 1
62539 2
62540 3
62541 1
62542 0
62543 4
62544 0
62545 1
62546 1
62547 6
62548 2
62549 6
62550 2
62551 6
62552 0
62553 2
62554 0
62555 3
62556 0
62557 3
62558 0
62559 6
62560 0
62561 8
62562 0
62563 2
62564 1
62565 4
62566 1
62567 5
62568 0
62569 5
62570 0
62571 5
62572 1
62573 3
62574 0
62575 7
62576 2
62577 5
62578 0
62579 3
62580 2
62581 2
62582 3
62583 1
62584 0
62585 3
62586 4
62587 8
62588 5
62589 5
62590 0
62591 2
62592 0
62593 6
62594 3
62595 2
62596 4
62597 6
62598 2
62599 1
62600 1
62601 0
62602 4
62603 2
62604 1
62605 3
62606 3
62607 1
62608 4
62609 0
62610 5
62611 0
62612 3
62613 1
62614 2
62615 1
62616 1
62617 1
62618 5
62619 0
62620 1
62621 0
62622 3
62623 0
62624 9
62625 0
62626 5
62627 0
62628 2
62629 1
62630 3
62631 0
62632 6
62633 1
62634 1
62635 1
62636 5
62637 1
62638 1
62639 1
62640 2
62641 2
62642 3
62643 0
62644 2
62645 2
62646 5
62647 2
62648 1
62649 2
62650 4
62651 2
62652 3
62653 1
62654 5
62655 3
62656 2
62657 0
62658 2
62659 4
62660 0
62661 3
62662 3
62663 4
62664 3
62665 1
62666 1
62667 3
62668 4
62669 3
62670 1
62671 3
62672 0
62673 4
62674 2
62675 3
62676 0
62677 3
62678 0
62679 1
62680 2
62681 3
62682 0
62683 2
62684 0
62685 5
62686 0
62687 5
62688 0
62689 5
62690 0
62691 2
62692 1
62693 1
62694 0
62695 2
62696 2
62697 4
62698 1
62699 5
62700 1
62701 5
62702 3
62703 1
62704 1
62705 1
62706 1
62707 4
62708 5
62709 2
62710 5
62711 2
62712 1
62713 1
62714 1
62715 2
62716 5
62717 1
62718 4
62719 1
62720 1
62721 0
62722 4
62723 1
62724 4
62725 2
62726 4
62727 0
62728 4
62729 1
62730 0
62731 2
62732 2
62733 3
62734 4
62735 0
62736 3
62737 2
62738 1
62739 1
62740 2
62741 0
62742 4
62743 0
62744 1
62745 0
62746 9
62747 0
62748 3
62749 0
62750 3
62751 0
62752 4
62753 0
62754 3
62755 1
62756 3
62757 0
62758 5
62759 0
62760 0
62761 1
62762 4
62763 0
62764 3
62765 1
62766 3
62767 2
62768 1
62769 1
62770 3
62771 1
62772 4
62773 0
62774 4
62775 3
62776 1
62777 3
62778 2
62779 0
62780 2
62781 2
62782 3
62783 6
62784 1
62785 3
62786 1
62787 1
62788 1
62789 2
62790 1
62791 6
62792 1
62793 2
62794 2
62795 4
62796 2
62797 3
62798 0
62799 2
62800 2
62801 4
62802 0
62803 4
62804 1
62805 0
62806 1
62807 1
62808 0
62809 4
62810 0
62811 1
62812 0
62813 4
62814 2
62815 1
62816 0
62817 1
62818 0
62819 3
62820 0
62821 3
62822 0
62823 5
62824 0
62825 1
62826 1
62827 3
62828 1
62829 4
62830 1
62831 1
62832 0
62833 1
62834 1
62835 2
62836 1
62837 1
62838 1
62839 4
62840 1
62841 2
62842 3
62843 1
62844 2
62845 1
62846 1
62847 0
62848 3
62849 4
62850 2
62851 1
62852 3
62853 1
62854 1
62855 0
62856 0
62857 1
62858 5
62859 0
62860 2
62861 1
62862 4
62863 0
62864 3
62865 1
62866 3
62867 2
62868 6
62869 1
62870 6
62871 0
62872 4
62873 0
62874 3
62875 0
62876 4
62877 0
62878 5
62879 0
62880 3
62881 0
62882 4
62883 0
62884 2
62885 0
62886 6
62887 0
62888 3
62889 0
62890 1
62891 0
62892 2
62893 0
62894 4
62895 1
62896 1
62897 1
62898 4
62899 1
62900 4
62901 2
62902 2
62903 2
62904 3
62905 2
62906 2
62907 2
62908 2
62909 2
62910 2
62911 2
62912 1
62913 3
62914 1
62915 3
62916 3
62917 4
62918 1
62919 3
62920 1
62921 4
62922 0
62923 1
62924 0
62925 3
62926 0
62927 1
62928 3
62929 1
62930 1
62931 2
62932 0
62933 0
62934 0
62935 2
62936 0
62937 3
62938 0
62939 1
62940 0
62941 2
62942 0
62943 3
62944 0
62945 0
62946 0
62947 3
62948 1
62949 5
62950 2
62951 2
62952 1
62953 2
62954 0
62955 0
62956 1
62957 1
62958 3
62959 2
62960 1
62961 2
62962 1
62963 0
62964 0
62965 0
62966 2
62967 0
62968 5
62969 1
62970 3
62971 3
62972 3
62973 2
62974 1
62975 0
62976 1
62977 1
62978 3
62979 0
62980 1
62981 1
62982 1
62983 0
62984 1
62985 1
62986 3
62987 0
62988 1
62989 0
62990 0
62991 0
62992 1
62993 0
62994 3
62995 0
62996 3
62997 0
62998 2
62999 0
63000 2
63001 0
63002 2
63003 0
63004 2
63005 0
63006 1
63007 0
63008 2
63009 0
63010 2
63011 0
63012 2
63013 0
63014 0
63015 0
63016 3
63017 0
63018 3
63019 0
63020 3
63021 0
63022 1
63023 0
63024 0
63025 1
63026 3
63027 0
63028 2
63029 4
63030 1
63031 1
63032 0
63033 0
63034 3
63035 1
63036 0
63037 0
63038 0
63039 0
63040 0
63041 4
63042 3
63043 2
63044 2
63045 1
63046 0
63047 5
63048 1
63049 2
63050 0
63051 3
63052 0
63053 0
63054 0
63055 0
63056 1
63057 2
63058 0
63059 3
63060 0
63061 0
63062 0
63063 3
63064 0
63065 5
63066 1
63067 4
63068 0
63069 4
63070 1
63071 3
63072 0
63073 2
63074 0
63075 3
63076 0
63077 2
63078 1
63079 2
63080 0
63081 1
63082 0
63083 3
63084 1
63085 2
63086 1
63087 0
63088 0
63089 5
63090 0
63091 1
63092 1
63093 3
63094 1
63095 0
63096 0
63097 0
63098 0
63099 1
63100 1
63101 2
63102 1
63103 1
63104 2
63105 0
63106 2
63107 1
63108 2
63109 1
63110 1
63111 1
63112 1
63113 1
63114 0
63115 0
63116 2
63117 1
63118 1
63119 0
63120 1
63121 1
63122 1
63123 1
63124 3
63125 0
63126 5
63127 0
63128 3
63129 0
63130 2
63131 0
63132 3
63133 0
63134 1
63135 1
63136 0
63137 0
63138 1
63139 0
63140 1
63141 0
63142 3
63143 0
63144 0
63145 1
63146 1
63147 1
63148 2
63149 0
63150 1
63151 0
63152 1
63153 1
63154 1
63155 0
63156 3
63157 0
63158 1
63159 4
63160 4
63161 1
63162 1
63163 2
63164 1
63165 1
63166 3
63167 2
63168 0
63169 2
63170 0
63171 0
63172 1
63173 1
63174 0
63175 1
63176 1
63177 1
63178 2
63179 1
63180 1
63181 3
63182 0
63183 1
63184 0
63185 1
63186 0
63187 1
63188 0
63189 1
63190 0
63191 5
63192 0
63193 3
63194 0
63195 0
63196 0
63197 1
63198 0
63199 2
63200 1
63201 2
63202 5
63203 1
63204 0
63205 2
63206 3
63207 0
63208 0
63209 3
63210 0
63211 1
63212 2
63213 2
63214 1
63215 2
63216 2
63217 3
63218 0
63219 0
63220 1
63221 1
63222 3
63223 0
63224 0
63225 0
63226 1
63227 0
63228 3
63229 2
63230 1
63231 0
63232 1
63233 0
63234 4
63235 0
63236 0
63237 1
63238 3
63239 0
63240 2
63241 0
63242 1
63243 0
63244 1
63245 0
63246 3
63247 0
63248 4
63249 0
63250 2
63251 0
63252 4
63253 0
63254 3
63255 0
63256 0
63257 0
63258 1
63259 0
63260 0
63261 0
63262 1
63263 0
63264 3
63265 0
63266 0
63267 0
63268 1
63269 1
63270 1
63271 0
63272 0
63273 0
63274 0
63275 0
63276 0
63277 4
63278 2
63279 1
63280 1
63281 0
63282 3
63283 0
63284 0
63285 0
63286 0
63287 0
63288 0
63289 1
63290 0
63291 1
63292 0
63293 3
63294 0
63295 2
63296 1
63297 1
63298 1
63299 0
63300 0
63301 3
63302 0
63303 0
63304 0
63305 1
63306 0
63307 1
63308 0
63309 1
63310 0
63311 1
63312 0
63313 1
63314 0
63315 2
63316 0
63317 1
63318 0
63319 5
63320 0
63321 2
63322 0
63323 0
63324 1
63325 3
63326 0
63327 1
63328 0
63329 3
63330 1
63331 1
63332 0
63333 1
63334 1
63335 1
63336 0
63337 1
63338 0
63339 0
63340 0
63341 1
63342 0
63343 1
63344 1
63345 0
63346 1
63347 0
63348 0
63349 1
63350 0
63351 0
63352 2
63353 1
63354 1
63355 0
63356 0
63357 0
63358 1
63359 4
63360 2
63361 0
63362 1
63363 0
63364 2
63365 0
63366 1
63367 0
63368 4
63369 0
63370 0
63371 0
63372 2
63373 0
63374 3
63375 0
63376 1
63377 0
63378 2
63379 0
63380 2
63381 0
63382 2
63383 0
63384 0
63385 0
63386 2
63387 0
63388 3
63389 0
63390 1
63391 0
63392 0
63393 1
63394 3
63395 0
63396 0
63397 0
63398 0
63399 1
63400 2
63401 1
63402 1
63403 1
63404 0
63405 0
63406 0
63407 1
63408 1
63409 0
63410 0
63411 2
63412 1
63413 1
63414 0
63415 0
63416 0
63417 1
63418 0
63419 1
63420 1
63421 0
63422 0
63423 0
63424 2
63425 1
63426 0
63427 2
63428 0
63429 0
63430 0
63431 2
63432 0
63433 1
63434 0
63435 2
63436 0
63437 1
63438 0
63439 3
63440 0
63441 0
63442 0
63443 0
63444 0
63445 0
63446 0
63447 3
63448 0
63449 3
63450 2
63451 0
63452 2
63453 1
63454 0
63455 0
63456 0
63457 2
63458 0
63459 1
63460 0
63461 4
63462 1
63463 0
63464 3
63465 2
63466 0
63467 1
63468 1
63469 2
63470 0
63471 1
63472 1
63473 1
63474 0
63475 1
63476 0
63477 0
63478 2
63479 0
63480 0
63481 0
63482 2
63483 0
63484 2
63485 0
63486 1
63487 0
63488 2
63489 1
63490 2
63491 0
63492 1
63493 0
63494 1
63495 0
63496 3
63497 1
63498 2
63499 0
63500 2
63501 0
63502 2
63503 0
63504 0
63505 0
63506 1
63507 0
63508 3
63509 0
63510 1
63511 0
63512 0
63513 1
63514 0
63515 0
63516 0
63517 0
63518 0
63519 0
63520 2
63521 1
63522 1
63523 1
63524 5
63525 0
63526 1
63527 0
63528 2
63529 1
63530 1
63531 0
63532 0
63533 1
63534 1
63535 0
63536 0
63537 2
63538 0
63539 2
63540 1
63541 1
63542 1
63543 1
63544 0
63545 1
63546 2
63547 0
63548 0
63549 1
63550 1
63551 1
63552 2
63553 1
63554 2
63555 4
63556 0
63557 4
63558 0
63559 1
63560 0
63561 4
63562 0
63563 0
63564 0
63565 0
63566 0
63567 1
63568 0
63569 3
63570 0
63571 1
63572 0
63573 3
63574 0
63575 0
63576 1
63577 1
63578 0
63579 0
63580 0
63581 0
63582 0
63583 1
63584 2
63585 2
63586 0
63587 0
63588 1
63589 0
63590 0
63591 0
63592 0
63593 1
63594 1
63595 1
63596 1
63597 1
63598 0
63599 1
63600 0
63601 2
63602 0
63603 3
63604 0
63605 3
63606 0
63607 1
63608 2
63609 0
63610 2
63611 2
63612 3
63613 0
63614 1
63615 0
63616 2
63617 0
63618 2
63619 0
63620 4
63621 0
63622 0
63623 0
63624 2
63625 0
63626 1
63627 0
63628 3
63629 0
63630 1
63631 0
63632 1
63633 0
63634 1
63635 0
63636 2
63637 0
63638 0
63639 0
63640 1
63641 0
63642 2
63643 2
63644 0
63645 0
63646 1
63647 0
63648 0
63649 0
63650 0
63651 0
63652 3
63653 1
63654 1
63655 0
63656 0
63657 0
63658 1
63659 2
63660 2
63661 0
63662 1
63663 1
63664 0
63665 3
63666 2
63667 1
63668 2
63669 2
63670 0
63671 1
63672 0
63673 2
63674 0
63675 2
63676 0
63677 0
63678 0
63679 0
63680 0
63681 1
63682 1
63683 1
63684 0
63685 2
63686 0
63687 2
63688 0
63689 3
63690 0
63691 1
63692 0
63693 0
63694 0
63695 0
63696 0
63697 1
63698 0
63699 3
63700 0
63701 0
63702 0
63703 0
63704 1
63705 0
63706 2
63707 1
63708 1
63709 3
63710 0
63711 0
63712 0
63713 2
63714 2
63715 1
63716 2
63717 1
63718 2
63719 0
63720 1
63721 1
63722 1
63723 0
63724 0
63725 0
63726 0
63727 0
63728 0
63729 2
63730 2
63731 1
63732 1
63733 0
63734 0
63735 1
63736 1
63737 0
63738 1
63739 0
63740 0
63741 1
63742 0
63743 0
63744 3
63745 0
63746 3
63747 0
63748 1
63749 1
63750 4
63751 0
63752 3
63753 0
63754 2
63755 0
63756 3
63757 0
63758 2
63759 0
63760 2
63761 1
63762 0
63763 0
63764 2
63765 1
63766 1
63767 0
63768 2
63769 0
63770 1
63771 1
63772 3
63773 0
63774 0
63775 0
63776 2
63777 0
63778 4
63779 2
63780 0
63781 0
63782 2
63783 1
63784 0
63785 0
63786 1
63787 0
63788 0
63789 1
63790 1
63791 0
63792 0
63793 1
63794 1
63795 1
63796 2
63797 0
63798 0
63799 1
63800 0
63801 1
63802 0
63803 0
63804 1
63805 1
63806 0
63807 1
63808 1
63809 1
63810 0
63811 0
63812 0
63813 2
63814 0
63815 2
63816 0
63817 3
63818 0
63819 3
63820 0
63821 1
63822 0
63823 0
63824 0
63825 2
63826 0
63827 1
63828 0
63829 1
63830 0
63831 1
63832 0
63833 2
63834 0
63835 3
63836 0
63837 1
63838 0
63839 1
63840 0
63841 1
63842 0
63843 1
63844 0
63845 0
63846 0
63847 2
63848 0
63849 1
63850 0
63851 1
63852 1
63853 0
63854 0
63855 1
63856 0
63857 0
63858 2
63859 0
63860 0
63861 0
63862 1
63863 1
63864 1
63865 1
63866 1
63867 1
63868 1
63869 0
63870 2
63871 1
63872 1
63873 0
63874 0
63875 0
63876 2
63877 0
63878 4
63879 0
63880 2
63881 0
63882 1
63883 0
63884 1
63885 0
63886 1
63887 0
63888 2
63889 0
63890 2
63891 0
63892 0
63893 0
63894 0
63895 0
63896 1
63897 1
63898 0
63899 0
63900 3
63901 3
63902 1
63903 2
63904 0
63905 1
63906 0
63907 0
63908 2
63909 0
63910 0
63911 2
63912 0
63913 0
63914 1
63915 1
63916 0
63917 1
63918 1
63919 0
63920 0
63921 4
63922 0
63923 1
63924 1
63925 1
63926 3
63927 3
63928 0
63929 0
63930 0
63931 2
63932 1
63933 4
63934 0
63935 1
63936 0
63937 2
63938 0
63939 1
63940 0
63941 1
63942 0
63943 3
63944 0
63945 3
63946 0
63947 2
63948 0
63949 0
63950 0
63951 2
63952 0
63953 3
63954 0
63955 2
63956 0
63957 1
63958 0
63959 1
63960 0
63961 0
63962 0
63963 0
63964 1
63965 1
63966 0
63967 1
63968 1
63969 1
63970 1
63971 1
63972 1
63973 1
63974 1
63975 3
63976 0
63977 0
63978 2
63979 2
63980 2
63981 1
63982 3
63983 0
63984 6
63985 0
63986 0
63987 0
63988 1
63989 0
63990 1
63991 1
63992 1
63993 0
63994 1
63995 0
63996 1
63997 0
63998 1
63999 0
64000 0
64001 0
64002 3
64003 0
64004 4
64005 0
64006 0
64007 0
64008 0
64009 0
64010 5
64011 0
64012 0
64013 0
64014 1
64015 1
64016 2
64017 0
64018 3
64019 1
64020 2
64021 0
64022 4
64023 0
64024 2
64025 0
64026 2
64027 2
64028 0
64029 0
64030 4
64031 0
64032 2
64033 1
64034 1
64035 1
64036 0
64037 1
64038 0
64039 2
64040 3
64041 1
64042 0
64043 1
64044 1
64045 1
64046 1
64047 3
64048 0
64049 1
64050 2
64051 2
64052 1
64053 1
64054 1
64055 3
64056 0
64057 2
64058 0
64059 4
64060 0
64061 0
64062 0
64063 1
64064 0
64065 4
64066 0
64067 1
64068 0
64069 1
64070 0
64071 5
64072 0
64073 2
64074 0
64075 2
64076 0
64077 0
64078 0
64079 2
64080 0
64081 3
64082 1
64083 2
64084 0
64085 1
64086 0
64087 1
64088 0
64089 3
64090 1
64091 1
64092 1
64093 3
64094 1
64095 2
64096 4
64097 2
64098 1
64099 1
64100 1
64101 0
64102 2
64103 0
64104 0
64105 1
64106 3
64107 0
64108 2
64109 0
64110 1
64111 1
64112 1
64113 1
64114 0
64115 0
64116 1
64117 0
64118 1
64119 1
64120 0
64121 0
64122 1
64123 0
64124 2
64125 1
64126 2
64127 1
64128 4
64129 0
64130 2
64131 0
64132 4
64133 0
64134 0
64135 0
64136 1
64137 0
64138 3
64139 0
64140 2
64141 1
64142 3
64143 0
64144 2
64145 0
64146 0
64147 0
64148 2
64149 0
64150 2
64151 0
64152 0
64153 1
64154 0
64155 1
64156 2
64157 2
64158 0
64159 0
64160 1
64161 1
64162 1
64163 1
64164 0
64165 1
64166 0
64167 1
64168 1
64169 0
64170 2
64171 1
64172 0
64173 0
64174 1
64175 2
64176 0
64177 1
64178 0
64179 0
64180 1
64181 0
64182 0
64183 1
64184 2
64185 2
64186 1
64187 1
64188 0
64189 2
64190 0
64191 5
64192 0
64193 4
64194 0
64195 1
64196 0
64197 3
64198 0
64199 1
64200 0
64201 1
64202 1
64203 1
64204 1
64205 0
64206 0
64207 2
64208 1
64209 2
64210 0
64211 0
64212 0
64213 1
64214 0
64215 4
64216 1
64217 2
64218 1
64219 4
64220 0
64221 1
64222 1
64223 0
64224 0
64225 1
64226 0
64227 0
64228 2
64229 0
64230 2
64231 0
64232 2
64233 0
64234 0
64235 1
64236 1
64237 1
64238 0
64239 3
64240 2
64241 1
64242 1
64243 3
64244 3
64245 1
64246 1
64247 1
64248 3
64249 0
64250 4
64251 0
64252 3
64253 1
64254 1
64255 0
64256 4
64257 0
64258 4
64259 0
64260 2
64261 0
64262 2
64263 0
64264 3
64265 0
64266 4
64267 0
64268 0
64269 0
64270 4
64271 0
64272 1
64273 0
64274 0
64275 1
64276 0
64277 0
64278 1
64279 1
64280 0
64281 1
64282 0
64283 0
64284 1
64285 1
64286 3
64287 3
64288 0
64289 0
64290 2
64291 3
64292 1
64293 3
64294 2
64295 1
64296 3
64297 2
64298 0
64299 1
64300 1
64301 0
64302 1
64303 1
64304 0
64305 1
64306 2
64307 2
64308 2
64309 0
64310 0
64311 2
64312 0
64313 3
64314 0
64315 2
64316 1
64317 3
64318 0
64319 4
64320 0
64321 2
64322 0
64323 1
64324 0
64325 2
64326 0
64327 5
64328 0
64329 2
64330 0
64331 3
64332 0
64333 5
64334 0
64335 2
64336 0
64337 7
64338 1
64339 4
64340 1
64341 0
64342 0
64343 1
64344 1
64345 2
64346 0
64347 3
64348 1
64349 0
64350 1
64351 1
64352 0
64353 1
64354 1
64355 0
64356 4
64357 0
64358 1
64359 0
64360 1
64361 1
64362 1
64363 0
64364 2
64365 0
64366 2
64367 2
64368 3
64369 0
64370 0
64371 0
64372 4
64373 0
64374 3
64375 1
64376 4
64377 1
64378 1
64379 1
64380 2
64381 1
64382 1
64383 0
64384 5
64385 0
64386 1
64387 0
64388 1
64389 0
64390 4
64391 0
64392 1
64393 0
64394 1
64395 0
64396 1
64397 0
64398 2
64399 1
64400 3
64401 2
64402 2
64403 0
64404 4
64405 1
64406 1
64407 0
64408 1
64409 0
64410 1
64411 2
64412 1
64413 1
64414 2
64415 1
64416 0
64417 0
64418 2
64419 1
64420 1
64421 3
64422 1
64423 2
64424 2
64425 1
64426 1
64427 3
64428 1
64429 4
64430 1
64431 1
64432 0
64433 2
64434 0
64435 0
64436 0
64437 1
64438 0
64439 3
64440 0
64441 1
64442 0
64443 5
64444 1
64445 3
64446 0
64447 1
64448 0
64449 2
64450 0
64451 3
64452 0
64453 0
64454 0
64455 1
64456 0
64457 0
64458 1
64459 2
64460 0
64461 2
64462 0
64463 0
64464 2
64465 2
64466 0
64467 1
64468 1
64469 1
64470 0
64471 1
64472 3
64473 0
64474 0
64475 4
64476 1
64477 1
64478 2
64479 1
64480 1
64481 2
64482 2
64483 2
64484 3
64485 0
64486 2
64487 1
64488 0
64489 2
64490 3
64491 1
64492 1
64493 1
64494 3
64495 1
64496 4
64497 1
64498 0
64499 0
64500 3
64501 1
64502 1
64503 0
64504 1
64505 0
64506 4
64507 1
64508 2
64509 0
64510 6
64511 0
64512 2
64513 0
64514 4
64515 1
64516 4
64517 0
64518 1
64519 1
64520 4
64521 0
64522 1
64523 0
64524 1
64525 0
64526 2
64527 1
64528 0
64529 2
64530 7
64531 0
64532 2
64533 0
64534 3
64535 3
64536 0
64537 2
64538 0
64539 2
64540 1
64541 0
64542 2
64543 3
64544 0
64545 0
64546 2
64547 3
64548 1
64549 3
64550 2
64551 4
64552 3
64553 0
64554 2
64555 0
64556 1
64557 5
64558 0
64559 2
64560 1
64561 3
64562 1
64563 2
64564 1
64565 5
64566 0
64567 2
64568 0
64569 2
64570 0
64571 5
64572 1
64573 1
64574 0
64575 1
64576 0
64577 2
64578 0
64579 1
64580 0
64581 3
64582 0
64583 1
64584 1
64585 1
64586 1
64587 1
64588 1
64589 2
64590 1
64591 2
64592 0
64593 2
64594 0
64595 1
64596 3
64597 2
64598 1
64599 3
64600 1
64601 1
64602 2
64603 0
64604 2
64605 0
64606 0
64607 4
64608 3
64609 0
64610 2
64611 3
64612 3
64613 0
64614 2
64615 1
64616 3
64617 0
64618 3
64619 1
64620 1
64621 0
64622 0
64623 1
64624 1
64625 1
64626 0
64627 0
64628 2
64629 0
64630 1
64631 1
64632 2
64633 0
64634 4
64635 0
64636 2
64637 0
64638 3
64639 0
64640 4
64641 0
64642 4
64643 0
64644 5
64645 0
64646 5
64647 0
64648 1
64649 0
64650 4
64651 0
64652 0
64653 1
64654 3
64655 1
64656 3
64657 0
64658 2
64659 2
64660 1
64661 0
64662 3
64663 0
64664 2
64665 3
64666 0
64667 1
64668 0
64669 1
64670 4
64671 3
64672 1
64673 3
64674 2
64675 1
64676 1
64677 2
64678 0
64679 2
64680 0
64681 3
64682 2
64683 0
64684 1
64685 1
64686 1
64687 3
64688 4
64689 2
64690 0
64691 2
64692 0
64693 1
64694 0
64695 4
64696 0
64697 2
64698 0
64699 3
64700 0
64701 4
64702 0
64703 3
64704 0
64705 2
64706 0
64707 1
64708 0
64709 3
64710 0
64711 2
64712 0
64713 3
64714 2
64715 1
64716 0
64717 1
64718 1
64719 1
64720 3
64721 1
64722 1
64723 3
64724 1
64725 4
64726 2
64727 2
64728 1
64729 1
64730 0
64731 0
64732 2
64733 1
64734 2
64735 3
64736 3
64737 1
64738 1
64739 1
64740 6
64741 1
64742 1
64743 2
64744 0
64745 0
64746 1
64747 1
64748 4
64749 0
64750 2
64751 0
64752 1
64753 1
64754 1
64755 0
64756 5
64757 0
64758 0
64759 0
64760 0
64761 0
64762 6
64763 0
64764 6
64765 0
64766 4
64767 0
64768 3
64769 0
64770 2
64771 1
64772 4
64773 1
64774 6
64775 1
64776 4
64777 0
64778 2
64779 1
64780 2
64781 2
64782 2
64783 1
64784 1
64785 2
64786 0
64787 0
64788 0
64789 2
64790 2
64791 1
64792 2
64793 1
64794 0
64795 1
64796 3
64797 2
64798 3
64799 2
64800 1
64801 2
64802 0
64803 1
64804 1
64805 0
64806 3
64807 2
64808 1
64809 2
64810 0
64811 6
64812 2
64813 4
64814 0
64815 3
64816 0
64817 1
64818 0
64819 2
64820 0
64821 0
64822 0
64823 3
64824 0
64825 1
64826 0
64827 0
64828 0
64829 0
64830 1
64831 3
64832 1
64833 4
64834 0
64835 3
64836 0
64837 2
64838 1
64839 2
64840 1
64841 1
64842 0
64843 2
64844 1
64845 0
64846 1
64847 1
64848 1
64849 1
64850 2
64851 1
64852 1
64853 4
64854 3
64855 2
64856 0
64857 3
64858 1
64859 0
64860 3
64861 1
64862 1
64863 0
64864 3
64865 3
64866 3
64867 2
64868 1
64869 0
64870 2
64871 0
64872 2
64873 0
64874 2
64875 1
64876 2
64877 0
64878 4
64879 0
64880 4
64881 0
64882 3
64883 0
64884 3
64885 1
64886 3
64887 1
64888 4
64889 0
64890 3
64891 0
64892 6
64893 0
64894 3
64895 0
64896 2
64897 0
64898 0
64899 0
64900 3
64901 0
64902 2
64903 0
64904 1
64905 0
64906 1
64907 1
64908 4
64909 0
64910 0
64911 1
64912 0
64913 0
64914 0
64915 0
64916 2
64917 1
64918 1
64919 1
64920 4
64921 1
64922 3
64923 1
64924 1
64925 0
64926 3
64927 0
64928 1
64929 1
64930 1
64931 2
64932 0
64933 2
64934 1
64935 1
64936 1
64937 1
64938 0
64939 2
64940 1
64941 2
64942 1
64943 0
64944 0
64945 4
64946 0
64947 3
64948 0
64949 3
64950 0
64951 2
64952 0
64953 1
64954 0
64955 2
64956 0
64957 3
64958 0
64959 0
64960 0
64961 1
64962 0
64963 4
64964 0
64965 0
64966 1
64967 2
64968 0
64969 2
64970 0
64971 4
64972 2
64973 4
64974 3
64975 2
64976 0
64977 5
64978 1
64979 1
64980 2
64981 2
64982 1
64983 1
64984 1
64985 0
64986 2
64987 0
64988 2
64989 1
64990 2
64991 0
64992 1
64993 0
64994 2
64995 0
64996 1
64997 1
64998 1
64999 0
65000 1
65001 1
65002 0
65003 1
65004 1
65005 0
65006 3
65007 0
65008 2
65009 0
65010 3
65011 0
65012 4
65013 1
65014 1
65015 0
65016 5
65017 0
65018 2
65019 0
65020 3
65021 0
65022 1
65023 0
65024 5
65025 0
65026 0
65027 1
65028 2
65029 0
65030 0
65031 0
65032 3
65033 1
65034 1
65035 2
65036 3
65037 2
65038 1
65039 0
65040 0
65041 3
65042 1
65043 0
65044 0
65045 0
65046 2
65047 1
65048 1
65049 2
65050 0
65051 1
65052 0
65053 1
65054 0
65055 0
65056 1
65057 4
65058 1
65059 5
65060 0
65061 2
65062 1
65063 0
65064 0
65065 0
65066 3
65067 1
65068 1
65069 0
65070 0
65071 2
65072 0
65073 1
65074 0
65075 2
65076 0
65077 2
65078 0
65079 1
65080 0
65081 1
65082 0
65083 1
65084 0
65085 0
65086 0
65087 5
65088 1
65089 4
65090 0
65091 1
65092 2
65093 2
65094 0
65095 1
65096 0
65097 1
65098 3
65099 1
65100 0
65101 0
65102 0
65103 1
65104 0
65105 3
65106 0
65107 0
65108 1
65109 3
65110 0
65111 1
65112 0
65113 1
65114 0
65115 3
65116 2
65117 1
65118 0
65119 3
65120 0
65121 2
65122 0
65123 3
65124 1
65125 0
65126 2
65127 0
65128 1
65129 0
65130 1
65131 0
65132 4
65133 0
65134 0
65135 0
65136 1
65137 1
65138 3
65139 0
65140 3
65141 0
65142 3
65143 0
65144 3
65145 1
65146 1
65147 0
65148 2
65149 0
65150 3
65151 0
65152 0
65153 0
65154 3
65155 0
65156 2
65157 1
65158 2
65159 0
65160 0
65161 0
65162 0
65163 2
65164 0
65165 0
65166 2
65167 0
65168 3
65169 1
65170 0
65171 1
65172 0
65173 1
65174 0
65175 0
65176 1
65177 0
65178 1
65179 1
65180 2
65181 1
65182 0
65183 3
65184 1
65185 1
65186 1
65187 1
65188 0
65189 3
65190 0
65191 2
65192 1
65193 1
65194 0
65195 0
65196 1
65197 2
65198 0
65199 2
65200 0
65201 1
65202 0
65203 2
65204 0
65205 1
65206 0
65207 1
65208 0
65209 1
65210 0
65211 1
65212 0
65213 2
65214 0
65215 1
65216 1
65217 3
65218 1
65219 2
65220 1
65221 4
65222 0
65223 0
65224 0
65225 0
65226 0
65227 2
65228 1
65229 1
65230 1
65231 2
65232 1
65233 1
65234 0
65235 0
65236 2
65237 0
65238 0
65239 1
65240 0
65241 2
65242 1
65243 1
65244 0
65245 1
65246 0
65247 0
65248 0
65249 0
65250 0
65251 0
65252 2
65253 0
65254 0
65255 0
65256 2
65257 0
65258 4
65259 0
65260 0
65261 0
65262 0
65263 0
65264 2
65265 0
65266 0
65267 0
65268 1
65269 0
65270 0
65271 0
65272 1
65273 0
65274 2
65275 0
65276 1
65277 0
65278 0
65279 0
65280 3
65281 0
65282 0
65283 0
65284 1
65285 0
65286 1
65287 0
65288 1
65289 1
65290 0
65291 0
65292 1
65293 1
65294 1
65295 0
65296 0
65297 0
65298 1
65299 1
65300 0
65301 0
65302 1
65303 3
65304 0
65305 0
65306 0
65307 1
65308 0
65309 1
65310 0
65311 1
65312 0
65313 1
65314 0
65315 1
65316 1
65317 1
65318 0
65319 1
65320 1
65321 3
65322 0
65323 1
65324 0
65325 2
65326 0
65327 1
65328 0
65329 3
65330 0
65331 0
65332 0
65333 0
65334 0
65335 2
65336 0
65337 1
65338 0
65339 1
65340 0
65341 2
65342 0
65343 0
65344 1
65345 0
65346 0
65347 1
65348 0
65349 2
65350 2
65351 1
65352 0
65353 1
65354 0
65355 2
65356 0
65357 1
65358 0
65359 1
65360 1
65361 0
65362 1
65363 0
65364 0
65365 0
65366 0
65367 0
65368 1
65369 0
65370 0
65371 0
65372 1
65373 0
65374 1
65375 1
65376 1
65377 1
65378 1
65379 2
65380 1
65381 0
65382 2
65383 1
65384 1
65385 1
65386 0
65387 0
65388 2
65389 0
65390 0
65391 0
65392 1
65393 0
65394 1
65395 0
65396 1
65397 0
65398 3
65399 0
65400 0
65401 0
65402 1
65403 1
65404 0
65405 0
65406 2
65407 0
65408 2
65409 0
65410 1
65411 1
65412 0
65413 0
65414 0
65415 0
65416 0
65417 0
65418 0
65419 0
65420 0
65421 0
65422 0
65423 0
65424 0
65425 1
65426 1
65427 0
65428 0
65429 0
65430 1
65431 0
65432 0
65433 0
65434 0
65435 1
65436 0
65437 0
65438 0
65439 0
65440 1
65441 2
65442 1
65443 1
65444 0
65445 0
65446 0
65447 0
65448 0
65449 1
65450 0
65451 1
65452 0
65453 1
65454 0
65455 0
65456 0
65457 3
65458 0
65459 1
65460 0
65461 1
65462 0
65463 0
65464 0
65465 1
65466 0
65467 1
65468 0
65469 3
65470 0
65471 0
65472 1
65473 1
65474 0
65475 1
65476 1
65477 1
65478 1
65479 2
65480 1
65481 1
65482 1
65483 0
65484 1
65485 0
65486 0
65487 0
65488 0
65489 0
65490 0
65491 1
65492 2
65493 0
65494 0
65495 1
65496 1
65497 0
65498 2
65499 0
65500 2
65501 0
65502 0
65503 0
65504 1
65505 1
65506 1
65507 0
65508 1
65509 0
65510 0
65511 1
65512 1
65513 0
65514 0
65515 0
65516 1
65517 0
65518 0
65519 0
65520 1
65521 0
65522 1
65523 0
65524 1
65525 0
65526 0
65527 0
65528 1
65529 0
65530 1
65531 1
65532 1
65533 1
65534 0
65535 1739
